2026-09-22 13:45:59,164 Worker fc4f850019eb4b8dbe04c4b414950ee2: started with PID 12200, version 2.6.1
2026-09-22 13:45:59,164 Worker fc4f850019eb4b8dbe04c4b414950ee2: subscribing to channel rq:pubsub:fc4f850019eb4b8dbe04c4b414950ee2
2026-09-22 13:45:59,165 *** Listening on home-makara-frappe-bench:short, home-makara-frappe-bench:default, home-makara-frappe-bench:long...
2026-09-22 13:45:59,165 Worker fc4f850019eb4b8dbe04c4b414950ee2: cleaning registries for queue: home-makara-frappe-bench:short
2026-09-22 13:45:59,168 Worker fc4f850019eb4b8dbe04c4b414950ee2: cleaning registries for queue: home-makara-frappe-bench:default
2026-09-22 13:45:59,169 Worker fc4f850019eb4b8dbe04c4b414950ee2: cleaning registries for queue: home-makara-frappe-bench:long
2026-09-22 13:50:14,449 Worker fc4f850019eb4b8dbe04c4b414950ee2 [PID 12200]: warm shut down requested
2026-09-22 13:50:14,464 Worker fc4f850019eb4b8dbe04c4b414950ee2: unsubscribing from channel rq:pubsub:fc4f850019eb4b8dbe04c4b414950ee2
2026-09-22 14:13:51,217 Worker 30f1baa877d34e27b1742e3c29afc8b1: started with PID 17872, version 2.6.1
2026-09-22 14:13:51,217 Worker 30f1baa877d34e27b1742e3c29afc8b1: subscribing to channel rq:pubsub:30f1baa877d34e27b1742e3c29afc8b1
2026-09-22 14:13:51,220 *** Listening on home-makara-frappe-bench:short, home-makara-frappe-bench:default, home-makara-frappe-bench:long...
2026-09-22 14:13:51,220 Worker 30f1baa877d34e27b1742e3c29afc8b1: cleaning registries for queue: home-makara-frappe-bench:short
2026-09-22 14:13:51,221 Worker 30f1baa877d34e27b1742e3c29afc8b1: cleaning registries for queue: home-makara-frappe-bench:default
2026-09-22 14:13:51,222 Worker 30f1baa877d34e27b1742e3c29afc8b1: cleaning registries for queue: home-makara-frappe-bench:long
2026-09-22 14:15:39,753 Worker 30f1baa877d34e27b1742e3c29afc8b1 [PID 17872]: warm shut down requested
2026-09-22 14:15:39,759 Worker 30f1baa877d34e27b1742e3c29afc8b1: unsubscribing from channel rq:pubsub:30f1baa877d34e27b1742e3c29afc8b1
2026-09-22 14:16:20,478 Worker 8e99ed9f331847cab17d72771d2fa6eb: started with PID 18464, version 2.6.1
2026-09-22 14:16:20,478 Worker 8e99ed9f331847cab17d72771d2fa6eb: subscribing to channel rq:pubsub:8e99ed9f331847cab17d72771d2fa6eb
2026-09-22 14:16:20,479 *** Listening on home-makara-frappe-bench:short, home-makara-frappe-bench:default, home-makara-frappe-bench:long...
2026-09-22 14:16:20,480 Worker 8e99ed9f331847cab17d72771d2fa6eb: cleaning registries for queue: home-makara-frappe-bench:short
2026-09-22 14:16:20,482 Worker 8e99ed9f331847cab17d72771d2fa6eb: cleaning registries for queue: home-makara-frappe-bench:default
2026-09-22 14:16:20,483 Worker 8e99ed9f331847cab17d72771d2fa6eb: cleaning registries for queue: home-makara-frappe-bench:long
2026-09-22 14:18:11,634 Worker 8e99ed9f331847cab17d72771d2fa6eb [PID 18464]: warm shut down requested
2026-09-22 14:18:11,639 Worker 8e99ed9f331847cab17d72771d2fa6eb: unsubscribing from channel rq:pubsub:8e99ed9f331847cab17d72771d2fa6eb
2026-09-22 14:21:47,415 Worker b0b5cfe5ffd147459035cf592e0b9380: started with PID 19074, version 2.6.1
2026-09-22 14:21:47,415 Worker b0b5cfe5ffd147459035cf592e0b9380: subscribing to channel rq:pubsub:b0b5cfe5ffd147459035cf592e0b9380
2026-09-22 14:21:47,416 *** Listening on home-makara-frappe-bench:short, home-makara-frappe-bench:default, home-makara-frappe-bench:long...
2026-09-22 14:21:47,416 Worker b0b5cfe5ffd147459035cf592e0b9380: cleaning registries for queue: home-makara-frappe-bench:short
2026-09-22 14:21:47,421 Worker b0b5cfe5ffd147459035cf592e0b9380: cleaning registries for queue: home-makara-frappe-bench:default
2026-09-22 14:21:47,422 Worker b0b5cfe5ffd147459035cf592e0b9380: cleaning registries for queue: home-makara-frappe-bench:long
2026-09-22 14:22:24,475 Worker b0b5cfe5ffd147459035cf592e0b9380 [PID 19074]: warm shut down requested
2026-09-22 14:22:24,476 Worker b0b5cfe5ffd147459035cf592e0b9380: unsubscribing from channel rq:pubsub:b0b5cfe5ffd147459035cf592e0b9380
2026-09-22 14:22:52,706 Worker 5ef10ec7c81a4d498765fa1dc93b17f6: started with PID 19390, version 2.6.1
2026-09-22 14:22:52,706 Worker 5ef10ec7c81a4d498765fa1dc93b17f6: subscribing to channel rq:pubsub:5ef10ec7c81a4d498765fa1dc93b17f6
2026-09-22 14:22:52,707 *** Listening on home-makara-frappe-bench:short, home-makara-frappe-bench:default, home-makara-frappe-bench:long...
2026-09-22 14:22:52,708 Worker 5ef10ec7c81a4d498765fa1dc93b17f6: cleaning registries for queue: home-makara-frappe-bench:short
2026-09-22 14:22:52,709 Worker 5ef10ec7c81a4d498765fa1dc93b17f6: cleaning registries for queue: home-makara-frappe-bench:default
2026-09-22 14:22:52,710 Worker 5ef10ec7c81a4d498765fa1dc93b17f6: cleaning registries for queue: home-makara-frappe-bench:long
2026-09-22 14:23:47,910 Worker 5ef10ec7c81a4d498765fa1dc93b17f6 [PID 19390]: warm shut down requested
2026-09-22 14:23:47,920 Worker 5ef10ec7c81a4d498765fa1dc93b17f6: unsubscribing from channel rq:pubsub:5ef10ec7c81a4d498765fa1dc93b17f6
2026-09-22 14:25:29,259 Worker e3ee3178d36f49399f814195a4a511bc: started with PID 20151, version 2.6.1
2026-09-22 14:25:29,259 Worker e3ee3178d36f49399f814195a4a511bc: subscribing to channel rq:pubsub:e3ee3178d36f49399f814195a4a511bc
2026-09-22 14:25:29,279 *** Listening on home-makara-frappe-bench:short, home-makara-frappe-bench:default, home-makara-frappe-bench:long...
2026-09-22 14:25:29,280 Worker e3ee3178d36f49399f814195a4a511bc: cleaning registries for queue: home-makara-frappe-bench:short
2026-09-22 14:25:29,281 Worker e3ee3178d36f49399f814195a4a511bc: cleaning registries for queue: home-makara-frappe-bench:default
2026-09-22 14:25:29,282 Worker e3ee3178d36f49399f814195a4a511bc: cleaning registries for queue: home-makara-frappe-bench:long
2026-09-22 14:25:38,748 Worker e3ee3178d36f49399f814195a4a511bc [PID 20151]: warm shut down requested
2026-09-22 14:25:38,748 Worker e3ee3178d36f49399f814195a4a511bc: unsubscribing from channel rq:pubsub:e3ee3178d36f49399f814195a4a511bc
2026-09-22 14:25:44,905 Worker 532aed376d7b4314ae31e9b09b0bfa02: started with PID 20394, version 2.6.1
2026-09-22 14:25:44,905 Worker 532aed376d7b4314ae31e9b09b0bfa02: subscribing to channel rq:pubsub:532aed376d7b4314ae31e9b09b0bfa02
2026-09-22 14:25:44,907 *** Listening on home-makara-frappe-bench:short, home-makara-frappe-bench:default, home-makara-frappe-bench:long...
2026-09-22 14:25:44,907 Worker 532aed376d7b4314ae31e9b09b0bfa02: cleaning registries for queue: home-makara-frappe-bench:short
2026-09-22 14:25:44,909 Worker 532aed376d7b4314ae31e9b09b0bfa02: cleaning registries for queue: home-makara-frappe-bench:default
2026-09-22 14:25:44,910 Worker 532aed376d7b4314ae31e9b09b0bfa02: cleaning registries for queue: home-makara-frappe-bench:long
2026-09-22 14:29:22,489 Worker 532aed376d7b4314ae31e9b09b0bfa02 [PID 20394]: warm shut down requested
2026-09-22 14:29:22,490 Worker 532aed376d7b4314ae31e9b09b0bfa02: unsubscribing from channel rq:pubsub:532aed376d7b4314ae31e9b09b0bfa02
2026-09-22 14:29:26,130 Worker 908ea605c14a4514bb75a083332e9efb: started with PID 21860, version 2.6.1
2026-09-22 14:29:26,130 Worker 908ea605c14a4514bb75a083332e9efb: subscribing to channel rq:pubsub:908ea605c14a4514bb75a083332e9efb
2026-09-22 14:29:26,131 *** Listening on home-makara-frappe-bench:short, home-makara-frappe-bench:default, home-makara-frappe-bench:long...
2026-09-22 14:29:26,132 Worker 908ea605c14a4514bb75a083332e9efb: cleaning registries for queue: home-makara-frappe-bench:short
2026-09-22 14:29:26,133 Worker 908ea605c14a4514bb75a083332e9efb: cleaning registries for queue: home-makara-frappe-bench:default
2026-09-22 14:29:26,135 Worker 908ea605c14a4514bb75a083332e9efb: cleaning registries for queue: home-makara-frappe-bench:long
2026-09-22 14:33:19,331 Worker 908ea605c14a4514bb75a083332e9efb [PID 21860]: warm shut down requested
2026-09-22 14:33:19,343 Worker 908ea605c14a4514bb75a083332e9efb: unsubscribing from channel rq:pubsub:908ea605c14a4514bb75a083332e9efb
2026-09-22 14:34:42,612 Worker b355c32a1a8f4feca6e67582b33419d2: started with PID 22545, version 2.6.1
2026-09-22 14:34:42,612 Worker b355c32a1a8f4feca6e67582b33419d2: subscribing to channel rq:pubsub:b355c32a1a8f4feca6e67582b33419d2
2026-09-22 14:34:42,620 *** Listening on home-makara-frappe-bench:short, home-makara-frappe-bench:default, home-makara-frappe-bench:long...
2026-09-22 14:34:42,626 Worker b355c32a1a8f4feca6e67582b33419d2: cleaning registries for queue: home-makara-frappe-bench:short
2026-09-22 14:34:42,639 Worker b355c32a1a8f4feca6e67582b33419d2: cleaning registries for queue: home-makara-frappe-bench:default
2026-09-22 14:34:42,648 Worker b355c32a1a8f4feca6e67582b33419d2: cleaning registries for queue: home-makara-frappe-bench:long
2026-09-22 14:36:08,690 Worker b355c32a1a8f4feca6e67582b33419d2 [PID 22545]: warm shut down requested
Traceback (most recent call last):
  File "/home/makara/frappe-bench/apps/frappe/frappe/utils/bench_helper.py", line 57, in invoke
    return super().invoke(ctx)
           ~~~~~~~~~~~~~~^^^^^
  File "/home/makara/frappe-bench/env/lib/python3.14/site-packages/click/core.py", line 1970, in invoke
    return _process_result(sub_ctx.command.invoke(sub_ctx))
                           ~~~~~~~~~~~~~~~~~~~~~~^^^^^^^^^
  File "/home/makara/frappe-bench/env/lib/python3.14/site-packages/click/core.py", line 1353, in invoke
    return ctx.invoke(self.callback, **ctx.params)
           ~~~~~~~~~~^^^^^^^^^^^^^^^^^^^^^^^^^^^^^
  File "/home/makara/frappe-bench/env/lib/python3.14/site-packages/click/core.py", line 907, in invoke
    return callback(*args, **kwargs)
  File "/home/makara/frappe-bench/apps/frappe/frappe/commands/scheduler.py", line 206, in start_worker
    start_worker(
    ~~~~~~~~~~~~^
    	queue,
     ^^^^^^
    ...<4 lines>...
    	strategy=strategy,
     ^^^^^^^^^^^^^^^^^^
    )
    ^
  File "/home/makara/frappe-bench/apps/frappe/frappe/utils/background_jobs.py", line 429, in start_worker
    worker.work(
    ~~~~~~~~~~~^
    	logging_level=logging_level,
     ^^^^^^^^^^^^^^^^^^^^^^^^^^^^
    ...<4 lines>...
    	with_scheduler=False,
     ^^^^^^^^^^^^^^^^^^^^^
    )
    ^
  File "/home/makara/frappe-bench/env/lib/python3.14/site-packages/rq/worker.py", line 631, in work
    self.teardown()
    ~~~~~~~~~~~~~^^
  File "/home/makara/frappe-bench/env/lib/python3.14/site-packages/rq/worker.py", line 1150, in teardown
    self.register_death()
    ~~~~~~~~~~~~~~~~~~~^^
  File "/home/makara/frappe-bench/env/lib/python3.14/site-packages/rq/worker.py", line 885, in register_death
    p.execute()
    ~~~~~~~~~^^
  File "/home/makara/frappe-bench/env/lib/python3.14/site-packages/redis/client.py", line 1687, in execute
    conn = self.connection_pool.get_connection()
  File "/home/makara/frappe-bench/env/lib/python3.14/site-packages/redis/utils.py", line 196, in wrapper
    return func(*args, **kwargs)
  File "/home/makara/frappe-bench/env/lib/python3.14/site-packages/redis/connection.py", line 2603, in get_connection
    connection.connect()
    ~~~~~~~~~~~~~~~~~~^^
  File "/home/makara/frappe-bench/env/lib/python3.14/site-packages/redis/connection.py", line 846, in connect
    self.connect_check_health(check_health=True)
    ~~~~~~~~~~~~~~~~~~~~~~~~~^^^^^^^^^^^^^^^^^^^
  File "/home/makara/frappe-bench/env/lib/python3.14/site-packages/redis/connection.py", line 869, in connect_check_health
    self.on_connect_check_health(check_health=check_health)
    ~~~~~~~~~~~~~~~~~~~~~~~~~~~~^^^^^^^^^^^^^^^^^^^^^^^^^^^
  File "/home/makara/frappe-bench/env/lib/python3.14/site-packages/redis/connection.py", line 994, in on_connect_check_health
    self.read_response()
    ~~~~~~~~~~~~~~~~~~^^
  File "/home/makara/frappe-bench/env/lib/python3.14/site-packages/redis/connection.py", line 1133, in read_response
    response = self._parser.read_response(disable_decoding=disable_decoding)
  File "/home/makara/frappe-bench/env/lib/python3.14/site-packages/redis/_parsers/hiredis.py", line 163, in read_response
    self.read_from_socket()
    ~~~~~~~~~~~~~~~~~~~~~^^
  File "/home/makara/frappe-bench/env/lib/python3.14/site-packages/redis/_parsers/hiredis.py", line 112, in read_from_socket
    raise ConnectionError(SERVER_CLOSED_CONNECTION_ERROR)
redis.exceptions.ConnectionError: Connection closed by server.

Connection closed by server.
2026-09-22 14:37:24,360 Worker f800c15beb474a89ab3b5cf66fe85bac: started with PID 22937, version 2.6.1
2026-09-22 14:37:24,360 Worker f800c15beb474a89ab3b5cf66fe85bac: subscribing to channel rq:pubsub:f800c15beb474a89ab3b5cf66fe85bac
2026-09-22 14:37:24,364 *** Listening on home-makara-frappe-bench:short, home-makara-frappe-bench:default, home-makara-frappe-bench:long...
2026-09-22 14:37:24,364 Worker f800c15beb474a89ab3b5cf66fe85bac: cleaning registries for queue: home-makara-frappe-bench:short
2026-09-22 14:37:24,366 Worker f800c15beb474a89ab3b5cf66fe85bac: cleaning registries for queue: home-makara-frappe-bench:default
2026-09-22 14:37:24,367 Worker f800c15beb474a89ab3b5cf66fe85bac: cleaning registries for queue: home-makara-frappe-bench:long
2026-09-22 14:38:29,036 home-makara-frappe-bench:default: frappe.utils.background_jobs.execute_job(event=None, is_async=True, job_name='frappe.desk.page.setup_wizard.setup_wizard.set_timezone', kwargs={'timezone': 'Asia/Phnom_Penh'}, method=<function set_timezone at 0x7bf721497530>, site='your-site-name.localhost', user='Administrator') (your-site-name.localhost||6d754a34-1a6e-46c7-bf2f-ec322ef7f66f)
2026-09-22 14:38:29,311 Successfully completed frappe.utils.background_jobs.execute_job(event=None, is_async=True, job_name='frappe.desk.page.setup_wizard.setup_wizard.set_timezone', kwargs={'timezone': 'Asia/Phnom_Penh'}, method=<function set_timezone at 0x7bf721497530>, site='your-site-name.localhost', user='Administrator') job in 0:00:00.210533s on worker f800c15beb474a89ab3b5cf66fe85bac
2026-09-22 14:38:29,311 home-makara-frappe-bench:default: Job OK (your-site-name.localhost||6d754a34-1a6e-46c7-bf2f-ec322ef7f66f)
2026-09-22 14:38:29,311 Result is kept for 600 seconds
2026-09-22 14:40:01,057 home-makara-frappe-bench:long: frappe.utils.background_jobs.execute_job(event=None, is_async=True, job_name='frappe.core.doctype.scheduled_job_type.scheduled_job_type.run_scheduled_jo..., kwargs={'job_type': 'frappe.desk.page.backups.backups.delete_downloadable_backups'..., method='frappe.core.doctype.scheduled_job_type.scheduled_job_type.run_scheduled_jo..., site='your-site-name.localhost', user='Administrator') (your-site-name.localhost||scheduled_job||51u294fn7o)
2026-09-22 14:40:01,426 Successfully completed frappe.utils.background_jobs.execute_job(event=None, is_async=True, job_name='frappe.core.doctype.scheduled_job_type.scheduled_job_type.run_scheduled_jo..., kwargs={'job_type': 'frappe.desk.page.backups.backups.delete_downloadable_backups'..., method='frappe.core.doctype.scheduled_job_type.scheduled_job_type.run_scheduled_jo..., site='your-site-name.localhost', user='Administrator') job in 0:00:00.355991s on worker f800c15beb474a89ab3b5cf66fe85bac
2026-09-22 14:40:01,427 home-makara-frappe-bench:long: Job OK (your-site-name.localhost||scheduled_job||51u294fn7o)
2026-09-22 14:40:01,427 Result is kept for 600 seconds
2026-09-22 14:40:01,435 home-makara-frappe-bench:default: frappe.utils.background_jobs.execute_job(event=None, is_async=True, job_name='frappe.core.doctype.scheduled_job_type.scheduled_job_type.run_scheduled_jo..., kwargs={'job_type': 'frappe.email.doctype.email_account.email_account.notify_unrep..., method='frappe.core.doctype.scheduled_job_type.scheduled_job_type.run_scheduled_jo..., site='your-site-name.localhost', user='Administrator') (your-site-name.localhost||scheduled_job||51utl79ueh)
2026-09-22 14:40:01,762 Successfully completed frappe.utils.background_jobs.execute_job(event=None, is_async=True, job_name='frappe.core.doctype.scheduled_job_type.scheduled_job_type.run_scheduled_jo..., kwargs={'job_type': 'frappe.email.doctype.email_account.email_account.notify_unrep..., method='frappe.core.doctype.scheduled_job_type.scheduled_job_type.run_scheduled_jo..., site='your-site-name.localhost', user='Administrator') job in 0:00:00.319411s on worker f800c15beb474a89ab3b5cf66fe85bac
2026-09-22 14:40:01,763 home-makara-frappe-bench:default: Job OK (your-site-name.localhost||scheduled_job||51utl79ueh)
2026-09-22 14:40:01,763 Result is kept for 600 seconds
2026-09-22 14:40:01,770 home-makara-frappe-bench:default: frappe.utils.background_jobs.execute_job(event=None, is_async=True, job_name='frappe.core.doctype.scheduled_job_type.scheduled_job_type.run_scheduled_jo..., kwargs={'job_type': 'frappe.deferred_insert.save_to_db', 'scheduled_job_type': '51..., method='frappe.core.doctype.scheduled_job_type.scheduled_job_type.run_scheduled_jo..., site='your-site-name.localhost', user='Administrator') (your-site-name.localhost||scheduled_job||51umjnqrgr)
2026-09-22 14:40:02,086 Successfully completed frappe.utils.background_jobs.execute_job(event=None, is_async=True, job_name='frappe.core.doctype.scheduled_job_type.scheduled_job_type.run_scheduled_jo..., kwargs={'job_type': 'frappe.deferred_insert.save_to_db', 'scheduled_job_type': '51..., method='frappe.core.doctype.scheduled_job_type.scheduled_job_type.run_scheduled_jo..., site='your-site-name.localhost', user='Administrator') job in 0:00:00.309526s on worker f800c15beb474a89ab3b5cf66fe85bac
2026-09-22 14:40:02,086 home-makara-frappe-bench:default: Job OK (your-site-name.localhost||scheduled_job||51umjnqrgr)
2026-09-22 14:40:02,086 Result is kept for 600 seconds
2026-09-22 14:40:02,092 home-makara-frappe-bench:default: frappe.utils.background_jobs.execute_job(event=None, is_async=True, job_name='frappe.core.doctype.scheduled_job_type.scheduled_job_type.run_scheduled_jo..., kwargs={'job_type': 'frappe.search.sqlite_search.index_docs_in_queue', 'scheduled_..., method='frappe.core.doctype.scheduled_job_type.scheduled_job_type.run_scheduled_jo..., site='your-site-name.localhost', user='Administrator') (your-site-name.localhost||scheduled_job||51ubu6l9cg)
2026-09-22 14:40:02,372 Successfully completed frappe.utils.background_jobs.execute_job(event=None, is_async=True, job_name='frappe.core.doctype.scheduled_job_type.scheduled_job_type.run_scheduled_jo..., kwargs={'job_type': 'frappe.search.sqlite_search.index_docs_in_queue', 'scheduled_..., method='frappe.core.doctype.scheduled_job_type.scheduled_job_type.run_scheduled_jo..., site='your-site-name.localhost', user='Administrator') job in 0:00:00.274377s on worker f800c15beb474a89ab3b5cf66fe85bac
2026-09-22 14:40:02,373 home-makara-frappe-bench:default: Job OK (your-site-name.localhost||scheduled_job||51ubu6l9cg)
2026-09-22 14:40:02,373 Result is kept for 600 seconds
2026-09-22 14:40:02,381 home-makara-frappe-bench:default: frappe.utils.background_jobs.execute_job(event=None, is_async=True, job_name='frappe.core.doctype.scheduled_job_type.scheduled_job_type.run_scheduled_jo..., kwargs={'job_type': 'frappe.email.queue.flush', 'scheduled_job_type': '51um9eeecb'..., method='frappe.core.doctype.scheduled_job_type.scheduled_job_type.run_scheduled_jo..., site='your-site-name.localhost', user='Administrator') (your-site-name.localhost||scheduled_job||51um9eeecb)
2026-09-22 14:40:02,680 Successfully completed frappe.utils.background_jobs.execute_job(event=None, is_async=True, job_name='frappe.core.doctype.scheduled_job_type.scheduled_job_type.run_scheduled_jo..., kwargs={'job_type': 'frappe.email.queue.flush', 'scheduled_job_type': '51um9eeecb'..., method='frappe.core.doctype.scheduled_job_type.scheduled_job_type.run_scheduled_jo..., site='your-site-name.localhost', user='Administrator') job in 0:00:00.293045s on worker f800c15beb474a89ab3b5cf66fe85bac
2026-09-22 14:40:02,680 home-makara-frappe-bench:default: Job OK (your-site-name.localhost||scheduled_job||51um9eeecb)
2026-09-22 14:40:02,680 Result is kept for 600 seconds
2026-09-22 14:40:02,687 home-makara-frappe-bench:default: frappe.utils.background_jobs.execute_job(event=None, is_async=True, job_name='frappe.core.doctype.scheduled_job_type.scheduled_job_type.run_scheduled_jo..., kwargs={'job_type': 'frappe.automation.doctype.reminder.reminder.send_reminders', ..., method='frappe.core.doctype.scheduled_job_type.scheduled_job_type.run_scheduled_jo..., site='your-site-name.localhost', user='Administrator') (your-site-name.localhost||scheduled_job||51ujogtifi)
2026-09-22 14:40:03,031 Successfully completed frappe.utils.background_jobs.execute_job(event=None, is_async=True, job_name='frappe.core.doctype.scheduled_job_type.scheduled_job_type.run_scheduled_jo..., kwargs={'job_type': 'frappe.automation.doctype.reminder.reminder.send_reminders', ..., method='frappe.core.doctype.scheduled_job_type.scheduled_job_type.run_scheduled_jo..., site='your-site-name.localhost', user='Administrator') job in 0:00:00.337357s on worker f800c15beb474a89ab3b5cf66fe85bac
2026-09-22 14:40:03,031 home-makara-frappe-bench:default: Job OK (your-site-name.localhost||scheduled_job||51ujogtifi)
2026-09-22 14:40:03,032 Result is kept for 600 seconds
2026-09-22 14:40:03,042 home-makara-frappe-bench:default: frappe.utils.background_jobs.execute_job(event=None, is_async=True, job_name='frappe.core.doctype.scheduled_job_type.scheduled_job_type.run_scheduled_jo..., kwargs={'job_type': 'frappe.automation_engine.scheduler.process_date_based', 'sche..., method='frappe.core.doctype.scheduled_job_type.scheduled_job_type.run_scheduled_jo..., site='your-site-name.localhost', user='Administrator') (your-site-name.localhost||scheduled_job||51u4fqnc3o)
2026-09-22 14:40:03,386 Successfully completed frappe.utils.background_jobs.execute_job(event=None, is_async=True, job_name='frappe.core.doctype.scheduled_job_type.scheduled_job_type.run_scheduled_jo..., kwargs={'job_type': 'frappe.automation_engine.scheduler.process_date_based', 'sche..., method='frappe.core.doctype.scheduled_job_type.scheduled_job_type.run_scheduled_jo..., site='your-site-name.localhost', user='Administrator') job in 0:00:00.335859s on worker f800c15beb474a89ab3b5cf66fe85bac
2026-09-22 14:40:03,387 home-makara-frappe-bench:default: Job OK (your-site-name.localhost||scheduled_job||51u4fqnc3o)
2026-09-22 14:40:03,387 Result is kept for 600 seconds
2026-09-22 14:40:03,393 home-makara-frappe-bench:default: frappe.utils.background_jobs.execute_job(event=None, is_async=True, job_name='frappe.core.doctype.scheduled_job_type.scheduled_job_type.run_scheduled_jo..., kwargs={'job_type': 'frappe.utils.telemetry.pulse.client.send_queued_events', 'sch..., method='frappe.core.doctype.scheduled_job_type.scheduled_job_type.run_scheduled_jo..., site='your-site-name.localhost', user='Administrator') (your-site-name.localhost||scheduled_job||51ub742nv9)
2026-09-22 14:40:03,682 Successfully completed frappe.utils.background_jobs.execute_job(event=None, is_async=True, job_name='frappe.core.doctype.scheduled_job_type.scheduled_job_type.run_scheduled_jo..., kwargs={'job_type': 'frappe.utils.telemetry.pulse.client.send_queued_events', 'sch..., method='frappe.core.doctype.scheduled_job_type.scheduled_job_type.run_scheduled_jo..., site='your-site-name.localhost', user='Administrator') job in 0:00:00.280559s on worker f800c15beb474a89ab3b5cf66fe85bac
2026-09-22 14:40:03,682 home-makara-frappe-bench:default: Job OK (your-site-name.localhost||scheduled_job||51ub742nv9)
2026-09-22 14:40:03,682 Result is kept for 600 seconds
2026-09-22 14:40:03,689 home-makara-frappe-bench:default: frappe.utils.background_jobs.execute_job(event=None, is_async=True, job_name='frappe.core.doctype.scheduled_job_type.scheduled_job_type.run_scheduled_jo..., kwargs={'job_type': 'frappe.model.utils.link_count.update_link_count', 'scheduled_..., method='frappe.core.doctype.scheduled_job_type.scheduled_job_type.run_scheduled_jo..., site='your-site-name.localhost', user='Administrator') (your-site-name.localhost||scheduled_job||51utqpe235)
2026-09-22 14:40:03,978 Successfully completed frappe.utils.background_jobs.execute_job(event=None, is_async=True, job_name='frappe.core.doctype.scheduled_job_type.scheduled_job_type.run_scheduled_jo..., kwargs={'job_type': 'frappe.model.utils.link_count.update_link_count', 'scheduled_..., method='frappe.core.doctype.scheduled_job_type.scheduled_job_type.run_scheduled_jo..., site='your-site-name.localhost', user='Administrator') job in 0:00:00.282482s on worker f800c15beb474a89ab3b5cf66fe85bac
2026-09-22 14:40:03,978 home-makara-frappe-bench:default: Job OK (your-site-name.localhost||scheduled_job||51utqpe235)
2026-09-22 14:40:03,978 Result is kept for 600 seconds
2026-09-22 14:40:03,985 home-makara-frappe-bench:default: frappe.utils.background_jobs.execute_job(event=None, is_async=True, job_name='frappe.core.doctype.scheduled_job_type.scheduled_job_type.run_scheduled_jo..., kwargs={'job_type': 'frappe.integrations.doctype.webhook.webhook.retry_failed_webh..., method='frappe.core.doctype.scheduled_job_type.scheduled_job_type.run_scheduled_jo..., site='your-site-name.localhost', user='Administrator') (your-site-name.localhost||scheduled_job||51ugekk04n)
2026-09-22 14:40:04,295 Successfully completed frappe.utils.background_jobs.execute_job(event=None, is_async=True, job_name='frappe.core.doctype.scheduled_job_type.scheduled_job_type.run_scheduled_jo..., kwargs={'job_type': 'frappe.integrations.doctype.webhook.webhook.retry_failed_webh..., method='frappe.core.doctype.scheduled_job_type.scheduled_job_type.run_scheduled_jo..., site='your-site-name.localhost', user='Administrator') job in 0:00:00.303521s on worker f800c15beb474a89ab3b5cf66fe85bac
2026-09-22 14:40:04,295 home-makara-frappe-bench:default: Job OK (your-site-name.localhost||scheduled_job||51ugekk04n)
2026-09-22 14:40:04,296 Result is kept for 600 seconds
2026-09-22 14:40:04,303 home-makara-frappe-bench:default: frappe.utils.background_jobs.execute_job(event=None, is_async=True, job_name='frappe.core.doctype.scheduled_job_type.scheduled_job_type.run_scheduled_jo..., kwargs={'job_type': 'frappe.automation_engine.drainer.drain_due', 'scheduled_job_t..., method='frappe.core.doctype.scheduled_job_type.scheduled_job_type.run_scheduled_jo..., site='your-site-name.localhost', user='Administrator') (your-site-name.localhost||scheduled_job||51u0dpk9ai)
2026-09-22 14:40:04,596 Successfully completed frappe.utils.background_jobs.execute_job(event=None, is_async=True, job_name='frappe.core.doctype.scheduled_job_type.scheduled_job_type.run_scheduled_jo..., kwargs={'job_type': 'frappe.automation_engine.drainer.drain_due', 'scheduled_job_t..., method='frappe.core.doctype.scheduled_job_type.scheduled_job_type.run_scheduled_jo..., site='your-site-name.localhost', user='Administrator') job in 0:00:00.287684s on worker f800c15beb474a89ab3b5cf66fe85bac
2026-09-22 14:40:04,597 home-makara-frappe-bench:default: Job OK (your-site-name.localhost||scheduled_job||51u0dpk9ai)
2026-09-22 14:40:04,597 Result is kept for 600 seconds
2026-09-22 14:40:04,604 home-makara-frappe-bench:default: frappe.utils.background_jobs.execute_job(event=None, is_async=True, job_name='frappe.core.doctype.scheduled_job_type.scheduled_job_type.run_scheduled_jo..., kwargs={'job_type': 'frappe.monitor.flush', 'scheduled_job_type': '51u5l2o9pg'}, method='frappe.core.doctype.scheduled_job_type.scheduled_job_type.run_scheduled_jo..., site='your-site-name.localhost', user='Administrator') (your-site-name.localhost||scheduled_job||51u5l2o9pg)
2026-09-22 14:40:04,885 Successfully completed frappe.utils.background_jobs.execute_job(event=None, is_async=True, job_name='frappe.core.doctype.scheduled_job_type.scheduled_job_type.run_scheduled_jo..., kwargs={'job_type': 'frappe.monitor.flush', 'scheduled_job_type': '51u5l2o9pg'}, method='frappe.core.doctype.scheduled_job_type.scheduled_job_type.run_scheduled_jo..., site='your-site-name.localhost', user='Administrator') job in 0:00:00.274541s on worker f800c15beb474a89ab3b5cf66fe85bac
2026-09-22 14:40:04,885 home-makara-frappe-bench:default: Job OK (your-site-name.localhost||scheduled_job||51u5l2o9pg)
2026-09-22 14:40:04,885 Result is kept for 600 seconds
2026-09-22 14:40:04,893 home-makara-frappe-bench:default: frappe.utils.background_jobs.execute_job(event=None, is_async=True, job_name='frappe.core.doctype.scheduled_job_type.scheduled_job_type.run_scheduled_jo..., kwargs={'job_type': 'frappe.email.doctype.notification.notification.trigger_offset..., method='frappe.core.doctype.scheduled_job_type.scheduled_job_type.run_scheduled_jo..., site='your-site-name.localhost', user='Administrator') (your-site-name.localhost||scheduled_job||51ujdm2d34)
2026-09-22 14:40:05,166 Successfully completed frappe.utils.background_jobs.execute_job(event=None, is_async=True, job_name='frappe.core.doctype.scheduled_job_type.scheduled_job_type.run_scheduled_jo..., kwargs={'job_type': 'frappe.email.doctype.notification.notification.trigger_offset..., method='frappe.core.doctype.scheduled_job_type.scheduled_job_type.run_scheduled_jo..., site='your-site-name.localhost', user='Administrator') job in 0:00:00.266702s on worker f800c15beb474a89ab3b5cf66fe85bac
2026-09-22 14:40:05,166 home-makara-frappe-bench:default: Job OK (your-site-name.localhost||scheduled_job||51ujdm2d34)
2026-09-22 14:40:05,166 Result is kept for 600 seconds
2026-09-22 14:40:05,173 home-makara-frappe-bench:default: frappe.utils.background_jobs.execute_job(event=None, is_async=True, job_name='frappe.core.doctype.scheduled_job_type.scheduled_job_type.run_scheduled_jo..., kwargs={'job_type': 'frappe.automation_engine.scheduler.process_cron', 'scheduled_..., method='frappe.core.doctype.scheduled_job_type.scheduled_job_type.run_scheduled_jo..., site='your-site-name.localhost', user='Administrator') (your-site-name.localhost||scheduled_job||51u6ep6oat)
2026-09-22 14:40:05,483 Successfully completed frappe.utils.background_jobs.execute_job(event=None, is_async=True, job_name='frappe.core.doctype.scheduled_job_type.scheduled_job_type.run_scheduled_jo..., kwargs={'job_type': 'frappe.automation_engine.scheduler.process_cron', 'scheduled_..., method='frappe.core.doctype.scheduled_job_type.scheduled_job_type.run_scheduled_jo..., site='your-site-name.localhost', user='Administrator') job in 0:00:00.301517s on worker f800c15beb474a89ab3b5cf66fe85bac
2026-09-22 14:40:05,483 home-makara-frappe-bench:default: Job OK (your-site-name.localhost||scheduled_job||51u6ep6oat)
2026-09-22 14:40:05,483 Result is kept for 600 seconds
2026-09-22 14:40:05,494 home-makara-frappe-bench:default: frappe.utils.background_jobs.execute_job(event=None, is_async=True, job_name='frappe.core.doctype.scheduled_job_type.scheduled_job_type.run_scheduled_jo..., kwargs={'job_type': 'frappe.email.queue.retry_sending_emails', 'scheduled_job_type..., method='frappe.core.doctype.scheduled_job_type.scheduled_job_type.run_scheduled_jo..., site='your-site-name.localhost', user='Administrator') (your-site-name.localhost||scheduled_job||51uv7phrm7)
2026-09-22 14:40:05,787 Successfully completed frappe.utils.background_jobs.execute_job(event=None, is_async=True, job_name='frappe.core.doctype.scheduled_job_type.scheduled_job_type.run_scheduled_jo..., kwargs={'job_type': 'frappe.email.queue.retry_sending_emails', 'scheduled_job_type..., method='frappe.core.doctype.scheduled_job_type.scheduled_job_type.run_scheduled_jo..., site='your-site-name.localhost', user='Administrator') job in 0:00:00.284904s on worker f800c15beb474a89ab3b5cf66fe85bac
2026-09-22 14:40:05,787 home-makara-frappe-bench:default: Job OK (your-site-name.localhost||scheduled_job||51uv7phrm7)
2026-09-22 14:40:05,788 Result is kept for 600 seconds
2026-09-22 14:40:05,793 home-makara-frappe-bench:default: frappe.utils.background_jobs.execute_job(event=None, is_async=True, job_name='frappe.core.doctype.scheduled_job_type.scheduled_job_type.run_scheduled_jo..., kwargs={'job_type': 'frappe.email.doctype.email_account.email_account.pull', 'sche..., method='frappe.core.doctype.scheduled_job_type.scheduled_job_type.run_scheduled_jo..., site='your-site-name.localhost', user='Administrator') (your-site-name.localhost||scheduled_job||51u4simu78)
2026-09-22 14:40:06,092 Successfully completed frappe.utils.background_jobs.execute_job(event=None, is_async=True, job_name='frappe.core.doctype.scheduled_job_type.scheduled_job_type.run_scheduled_jo..., kwargs={'job_type': 'frappe.email.doctype.email_account.email_account.pull', 'sche..., method='frappe.core.doctype.scheduled_job_type.scheduled_job_type.run_scheduled_jo..., site='your-site-name.localhost', user='Administrator') job in 0:00:00.293486s on worker f800c15beb474a89ab3b5cf66fe85bac
2026-09-22 14:40:06,092 home-makara-frappe-bench:default: Job OK (your-site-name.localhost||scheduled_job||51u4simu78)
2026-09-22 14:40:06,092 Result is kept for 600 seconds
2026-09-22 14:40:06,098 home-makara-frappe-bench:default: frappe.utils.background_jobs.execute_job(event=None, is_async=True, job_name='frappe.core.doctype.scheduled_job_type.scheduled_job_type.run_scheduled_jo..., kwargs={'job_type': 'frappe.integrations.doctype.google_calendar.google_calendar.s..., method='frappe.core.doctype.scheduled_job_type.scheduled_job_type.run_scheduled_jo..., site='your-site-name.localhost', user='Administrator') (your-site-name.localhost||scheduled_job||51u2s8slv0)
2026-09-22 14:40:06,402 Successfully completed frappe.utils.background_jobs.execute_job(event=None, is_async=True, job_name='frappe.core.doctype.scheduled_job_type.scheduled_job_type.run_scheduled_jo..., kwargs={'job_type': 'frappe.integrations.doctype.google_calendar.google_calendar.s..., method='frappe.core.doctype.scheduled_job_type.scheduled_job_type.run_scheduled_jo..., site='your-site-name.localhost', user='Administrator') job in 0:00:00.298904s on worker f800c15beb474a89ab3b5cf66fe85bac
2026-09-22 14:40:06,402 home-makara-frappe-bench:default: Job OK (your-site-name.localhost||scheduled_job||51u2s8slv0)
2026-09-22 14:40:06,403 Result is kept for 600 seconds
2026-09-22 14:40:06,409 home-makara-frappe-bench:default: frappe.utils.background_jobs.execute_job(event=None, is_async=True, job_name='frappe.core.doctype.scheduled_job_type.scheduled_job_type.run_scheduled_jo..., kwargs={'job_type': 'frappe.utils.global_search.sync_global_search', 'scheduled_jo..., method='frappe.core.doctype.scheduled_job_type.scheduled_job_type.run_scheduled_jo..., site='your-site-name.localhost', user='Administrator') (your-site-name.localhost||scheduled_job||51ul1o6qkh)
2026-09-22 14:40:06,689 Successfully completed frappe.utils.background_jobs.execute_job(event=None, is_async=True, job_name='frappe.core.doctype.scheduled_job_type.scheduled_job_type.run_scheduled_jo..., kwargs={'job_type': 'frappe.utils.global_search.sync_global_search', 'scheduled_jo..., method='frappe.core.doctype.scheduled_job_type.scheduled_job_type.run_scheduled_jo..., site='your-site-name.localhost', user='Administrator') job in 0:00:00.274108s on worker f800c15beb474a89ab3b5cf66fe85bac
2026-09-22 14:40:06,689 home-makara-frappe-bench:default: Job OK (your-site-name.localhost||scheduled_job||51ul1o6qkh)
2026-09-22 14:40:06,689 Result is kept for 600 seconds
2026-09-22 14:40:06,695 home-makara-frappe-bench:long: frappe.utils.background_jobs.execute_job(event=None, is_async=True, job_name='frappe.core.doctype.scheduled_job_type.scheduled_job_type.run_scheduled_jo..., kwargs={'job_type': 'frappe.website.doctype.personal_data_deletion_request.persona..., method='frappe.core.doctype.scheduled_job_type.scheduled_job_type.run_scheduled_jo..., site='your-site-name.localhost', user='Administrator') (your-site-name.localhost||scheduled_job||51urrhaejr)
2026-09-22 14:40:07,025 Successfully completed frappe.utils.background_jobs.execute_job(event=None, is_async=True, job_name='frappe.core.doctype.scheduled_job_type.scheduled_job_type.run_scheduled_jo..., kwargs={'job_type': 'frappe.website.doctype.personal_data_deletion_request.persona..., method='frappe.core.doctype.scheduled_job_type.scheduled_job_type.run_scheduled_jo..., site='your-site-name.localhost', user='Administrator') job in 0:00:00.323482s on worker f800c15beb474a89ab3b5cf66fe85bac
2026-09-22 14:40:07,025 home-makara-frappe-bench:long: Job OK (your-site-name.localhost||scheduled_job||51urrhaejr)
2026-09-22 14:40:07,025 Result is kept for 600 seconds
2026-09-22 14:40:07,031 home-makara-frappe-bench:long: frappe.utils.background_jobs.execute_job(event=None, is_async=True, job_name='frappe.core.doctype.scheduled_job_type.scheduled_job_type.run_scheduled_jo..., kwargs={'job_type': 'frappe.desk.utils.delete_old_exported_report_files', 'schedul..., method='frappe.core.doctype.scheduled_job_type.scheduled_job_type.run_scheduled_jo..., site='your-site-name.localhost', user='Administrator') (your-site-name.localhost||scheduled_job||51uejdm0v2)
2026-09-22 14:40:07,333 Successfully completed frappe.utils.background_jobs.execute_job(event=None, is_async=True, job_name='frappe.core.doctype.scheduled_job_type.scheduled_job_type.run_scheduled_jo..., kwargs={'job_type': 'frappe.desk.utils.delete_old_exported_report_files', 'schedul..., method='frappe.core.doctype.scheduled_job_type.scheduled_job_type.run_scheduled_jo..., site='your-site-name.localhost', user='Administrator') job in 0:00:00.295471s on worker f800c15beb474a89ab3b5cf66fe85bac
2026-09-22 14:40:07,333 home-makara-frappe-bench:long: Job OK (your-site-name.localhost||scheduled_job||51uejdm0v2)
2026-09-22 14:40:07,333 Result is kept for 600 seconds
2026-09-22 14:40:07,340 home-makara-frappe-bench:long: frappe.utils.background_jobs.execute_job(event=None, is_async=True, job_name='frappe.core.doctype.scheduled_job_type.scheduled_job_type.run_scheduled_jo..., kwargs={'job_type': 'frappe.model.utils.user_settings.sync_user_settings', 'schedu..., method='frappe.core.doctype.scheduled_job_type.scheduled_job_type.run_scheduled_jo..., site='your-site-name.localhost', user='Administrator') (your-site-name.localhost||scheduled_job||51uint1mto)
2026-09-22 14:40:07,638 Successfully completed frappe.utils.background_jobs.execute_job(event=None, is_async=True, job_name='frappe.core.doctype.scheduled_job_type.scheduled_job_type.run_scheduled_jo..., kwargs={'job_type': 'frappe.model.utils.user_settings.sync_user_settings', 'schedu..., method='frappe.core.doctype.scheduled_job_type.scheduled_job_type.run_scheduled_jo..., site='your-site-name.localhost', user='Administrator') job in 0:00:00.292496s on worker f800c15beb474a89ab3b5cf66fe85bac
2026-09-22 14:40:07,638 home-makara-frappe-bench:long: Job OK (your-site-name.localhost||scheduled_job||51uint1mto)
2026-09-22 14:40:07,639 Result is kept for 600 seconds
2026-09-22 14:40:07,645 home-makara-frappe-bench:long: frappe.utils.background_jobs.execute_job(event=None, is_async=True, job_name='frappe.core.doctype.scheduled_job_type.scheduled_job_type.run_scheduled_jo..., kwargs={'job_type': 'frappe.core.doctype.prepared_report.prepared_report.expire_st..., method='frappe.core.doctype.scheduled_job_type.scheduled_job_type.run_scheduled_jo..., site='your-site-name.localhost', user='Administrator') (your-site-name.localhost||scheduled_job||51u450j6fg)
2026-09-22 14:40:07,962 Successfully completed frappe.utils.background_jobs.execute_job(event=None, is_async=True, job_name='frappe.core.doctype.scheduled_job_type.scheduled_job_type.run_scheduled_jo..., kwargs={'job_type': 'frappe.core.doctype.prepared_report.prepared_report.expire_st..., method='frappe.core.doctype.scheduled_job_type.scheduled_job_type.run_scheduled_jo..., site='your-site-name.localhost', user='Administrator') job in 0:00:00.311046s on worker f800c15beb474a89ab3b5cf66fe85bac
2026-09-22 14:40:07,962 home-makara-frappe-bench:long: Job OK (your-site-name.localhost||scheduled_job||51u450j6fg)
2026-09-22 14:40:07,962 Result is kept for 600 seconds
2026-09-22 14:40:07,969 home-makara-frappe-bench:long: frappe.utils.background_jobs.execute_job(event=None, is_async=True, job_name='frappe.core.doctype.scheduled_job_type.scheduled_job_type.run_scheduled_jo..., kwargs={'job_type': 'frappe.twofactor.delete_all_barcodes_for_users', 'scheduled_j..., method='frappe.core.doctype.scheduled_job_type.scheduled_job_type.run_scheduled_jo..., site='your-site-name.localhost', user='Administrator') (your-site-name.localhost||scheduled_job||51uj9u8spk)
2026-09-22 14:40:08,257 Successfully completed frappe.utils.background_jobs.execute_job(event=None, is_async=True, job_name='frappe.core.doctype.scheduled_job_type.scheduled_job_type.run_scheduled_jo..., kwargs={'job_type': 'frappe.twofactor.delete_all_barcodes_for_users', 'scheduled_j..., method='frappe.core.doctype.scheduled_job_type.scheduled_job_type.run_scheduled_jo..., site='your-site-name.localhost', user='Administrator') job in 0:00:00.282191s on worker f800c15beb474a89ab3b5cf66fe85bac
2026-09-22 14:40:08,257 home-makara-frappe-bench:long: Job OK (your-site-name.localhost||scheduled_job||51uj9u8spk)
2026-09-22 14:40:08,257 Result is kept for 600 seconds
2026-09-22 14:40:08,265 home-makara-frappe-bench:long: frappe.utils.background_jobs.execute_job(event=None, is_async=True, job_name='frappe.core.doctype.scheduled_job_type.scheduled_job_type.run_scheduled_jo..., kwargs={'job_type': 'frappe.website.doctype.web_page.web_page.check_publish_status..., method='frappe.core.doctype.scheduled_job_type.scheduled_job_type.run_scheduled_jo..., site='your-site-name.localhost', user='Administrator') (your-site-name.localhost||scheduled_job||51ulukm94n)
2026-09-22 14:40:08,562 Successfully completed frappe.utils.background_jobs.execute_job(event=None, is_async=True, job_name='frappe.core.doctype.scheduled_job_type.scheduled_job_type.run_scheduled_jo..., kwargs={'job_type': 'frappe.website.doctype.web_page.web_page.check_publish_status..., method='frappe.core.doctype.scheduled_job_type.scheduled_job_type.run_scheduled_jo..., site='your-site-name.localhost', user='Administrator') job in 0:00:00.291974s on worker f800c15beb474a89ab3b5cf66fe85bac
2026-09-22 14:40:08,563 home-makara-frappe-bench:long: Job OK (your-site-name.localhost||scheduled_job||51ulukm94n)
2026-09-22 14:40:08,563 Result is kept for 600 seconds
2026-09-22 14:40:08,570 home-makara-frappe-bench:long: frappe.utils.background_jobs.execute_job(event=None, is_async=True, job_name='frappe.core.doctype.scheduled_job_type.scheduled_job_type.run_scheduled_jo..., kwargs={'job_type': 'frappe.desk.form.document_follow.send_hourly_updates', 'sched..., method='frappe.core.doctype.scheduled_job_type.scheduled_job_type.run_scheduled_jo..., site='your-site-name.localhost', user='Administrator') (your-site-name.localhost||scheduled_job||51u2gsb445)
2026-09-22 14:40:08,870 Successfully completed frappe.utils.background_jobs.execute_job(event=None, is_async=True, job_name='frappe.core.doctype.scheduled_job_type.scheduled_job_type.run_scheduled_jo..., kwargs={'job_type': 'frappe.desk.form.document_follow.send_hourly_updates', 'sched..., method='frappe.core.doctype.scheduled_job_type.scheduled_job_type.run_scheduled_jo..., site='your-site-name.localhost', user='Administrator') job in 0:00:00.290154s on worker f800c15beb474a89ab3b5cf66fe85bac
2026-09-22 14:40:08,870 home-makara-frappe-bench:long: Job OK (your-site-name.localhost||scheduled_job||51u2gsb445)
2026-09-22 14:40:08,870 Result is kept for 600 seconds
2026-09-22 14:40:08,878 home-makara-frappe-bench:long: frappe.utils.background_jobs.execute_job(event=None, is_async=True, job_name='frappe.core.doctype.scheduled_job_type.scheduled_job_type.run_scheduled_jo..., kwargs={'job_type': 'frappe.oauth.delete_oauth2_data', 'scheduled_job_type': '51up..., method='frappe.core.doctype.scheduled_job_type.scheduled_job_type.run_scheduled_jo..., site='your-site-name.localhost', user='Administrator') (your-site-name.localhost||scheduled_job||51up6djr17)
2026-09-22 14:40:09,197 Successfully completed frappe.utils.background_jobs.execute_job(event=None, is_async=True, job_name='frappe.core.doctype.scheduled_job_type.scheduled_job_type.run_scheduled_jo..., kwargs={'job_type': 'frappe.oauth.delete_oauth2_data', 'scheduled_job_type': '51up..., method='frappe.core.doctype.scheduled_job_type.scheduled_job_type.run_scheduled_jo..., site='your-site-name.localhost', user='Administrator') job in 0:00:00.311013s on worker f800c15beb474a89ab3b5cf66fe85bac
2026-09-22 14:40:09,197 home-makara-frappe-bench:long: Job OK (your-site-name.localhost||scheduled_job||51up6djr17)
2026-09-22 14:40:09,197 Result is kept for 600 seconds
2026-09-22 14:44:00,119 home-makara-frappe-bench:default: frappe.utils.background_jobs.execute_job(event=None, is_async=True, job_name='frappe.core.doctype.scheduled_job_type.scheduled_job_type.run_scheduled_jo..., kwargs={'job_type': 'frappe.integrations.doctype.google_calendar.google_calendar.s..., method='frappe.core.doctype.scheduled_job_type.scheduled_job_type.run_scheduled_jo..., site='your-site-name.localhost', user='Administrator') (your-site-name.localhost||scheduled_job||51u2s8slv0)
2026-09-22 14:44:00,478 Successfully completed frappe.utils.background_jobs.execute_job(event=None, is_async=True, job_name='frappe.core.doctype.scheduled_job_type.scheduled_job_type.run_scheduled_jo..., kwargs={'job_type': 'frappe.integrations.doctype.google_calendar.google_calendar.s..., method='frappe.core.doctype.scheduled_job_type.scheduled_job_type.run_scheduled_jo..., site='your-site-name.localhost', user='Administrator') job in 0:00:00.351892s on worker f800c15beb474a89ab3b5cf66fe85bac
2026-09-22 14:44:00,479 home-makara-frappe-bench:default: Job OK (your-site-name.localhost||scheduled_job||51u2s8slv0)
2026-09-22 14:44:00,479 Result is kept for 600 seconds
2026-09-22 14:44:00,486 home-makara-frappe-bench:default: frappe.utils.background_jobs.execute_job(event=None, is_async=True, job_name='frappe.core.doctype.scheduled_job_type.scheduled_job_type.run_scheduled_jo..., kwargs={'job_type': 'frappe.email.queue.retry_sending_emails', 'scheduled_job_type..., method='frappe.core.doctype.scheduled_job_type.scheduled_job_type.run_scheduled_jo..., site='your-site-name.localhost', user='Administrator') (your-site-name.localhost||scheduled_job||51uv7phrm7)
2026-09-22 14:44:00,886 Successfully completed frappe.utils.background_jobs.execute_job(event=None, is_async=True, job_name='frappe.core.doctype.scheduled_job_type.scheduled_job_type.run_scheduled_jo..., kwargs={'job_type': 'frappe.email.queue.retry_sending_emails', 'scheduled_job_type..., method='frappe.core.doctype.scheduled_job_type.scheduled_job_type.run_scheduled_jo..., site='your-site-name.localhost', user='Administrator') job in 0:00:00.387278s on worker f800c15beb474a89ab3b5cf66fe85bac
2026-09-22 14:44:00,886 home-makara-frappe-bench:default: Job OK (your-site-name.localhost||scheduled_job||51uv7phrm7)
2026-09-22 14:44:00,886 Result is kept for 600 seconds
2026-09-22 14:44:00,896 home-makara-frappe-bench:default: frappe.utils.background_jobs.execute_job(event=None, is_async=True, job_name='frappe.core.doctype.scheduled_job_type.scheduled_job_type.run_scheduled_jo..., kwargs={'job_type': 'frappe.monitor.flush', 'scheduled_job_type': '51u5l2o9pg'}, method='frappe.core.doctype.scheduled_job_type.scheduled_job_type.run_scheduled_jo..., site='your-site-name.localhost', user='Administrator') (your-site-name.localhost||scheduled_job||51u5l2o9pg)
2026-09-22 14:44:01,182 Successfully completed frappe.utils.background_jobs.execute_job(event=None, is_async=True, job_name='frappe.core.doctype.scheduled_job_type.scheduled_job_type.run_scheduled_jo..., kwargs={'job_type': 'frappe.monitor.flush', 'scheduled_job_type': '51u5l2o9pg'}, method='frappe.core.doctype.scheduled_job_type.scheduled_job_type.run_scheduled_jo..., site='your-site-name.localhost', user='Administrator') job in 0:00:00.279124s on worker f800c15beb474a89ab3b5cf66fe85bac
2026-09-22 14:44:01,182 home-makara-frappe-bench:default: Job OK (your-site-name.localhost||scheduled_job||51u5l2o9pg)
2026-09-22 14:44:01,182 Result is kept for 600 seconds
2026-09-22 14:44:01,191 home-makara-frappe-bench:default: frappe.utils.background_jobs.execute_job(event=None, is_async=True, job_name='frappe.core.doctype.scheduled_job_type.scheduled_job_type.run_scheduled_jo..., kwargs={'job_type': 'frappe.email.queue.flush', 'scheduled_job_type': '51um9eeecb'..., method='frappe.core.doctype.scheduled_job_type.scheduled_job_type.run_scheduled_jo..., site='your-site-name.localhost', user='Administrator') (your-site-name.localhost||scheduled_job||51um9eeecb)
2026-09-22 14:44:01,518 Successfully completed frappe.utils.background_jobs.execute_job(event=None, is_async=True, job_name='frappe.core.doctype.scheduled_job_type.scheduled_job_type.run_scheduled_jo..., kwargs={'job_type': 'frappe.email.queue.flush', 'scheduled_job_type': '51um9eeecb'..., method='frappe.core.doctype.scheduled_job_type.scheduled_job_type.run_scheduled_jo..., site='your-site-name.localhost', user='Administrator') job in 0:00:00.319360s on worker f800c15beb474a89ab3b5cf66fe85bac
2026-09-22 14:44:01,518 home-makara-frappe-bench:default: Job OK (your-site-name.localhost||scheduled_job||51um9eeecb)
2026-09-22 14:44:01,518 Result is kept for 600 seconds
2026-09-22 14:48:00,131 home-makara-frappe-bench:default: frappe.utils.background_jobs.execute_job(event=None, is_async=True, job_name='frappe.core.doctype.scheduled_job_type.scheduled_job_type.run_scheduled_jo..., kwargs={'job_type': 'frappe.utils.telemetry.pulse.client.send_queued_events', 'sch..., method='frappe.core.doctype.scheduled_job_type.scheduled_job_type.run_scheduled_jo..., site='your-site-name.localhost', user='Administrator') (your-site-name.localhost||scheduled_job||51ub742nv9)
2026-09-22 14:48:00,396 Successfully completed frappe.utils.background_jobs.execute_job(event=None, is_async=True, job_name='frappe.core.doctype.scheduled_job_type.scheduled_job_type.run_scheduled_jo..., kwargs={'job_type': 'frappe.utils.telemetry.pulse.client.send_queued_events', 'sch..., method='frappe.core.doctype.scheduled_job_type.scheduled_job_type.run_scheduled_jo..., site='your-site-name.localhost', user='Administrator') job in 0:00:00.258340s on worker f800c15beb474a89ab3b5cf66fe85bac
2026-09-22 14:48:00,397 home-makara-frappe-bench:default: Job OK (your-site-name.localhost||scheduled_job||51ub742nv9)
2026-09-22 14:48:00,397 Result is kept for 600 seconds
2026-09-22 14:48:00,403 Worker f800c15beb474a89ab3b5cf66fe85bac: cleaning registries for queue: home-makara-frappe-bench:short
2026-09-22 14:48:00,405 Worker f800c15beb474a89ab3b5cf66fe85bac: cleaning registries for queue: home-makara-frappe-bench:default
2026-09-22 14:48:00,407 Worker f800c15beb474a89ab3b5cf66fe85bac: cleaning registries for queue: home-makara-frappe-bench:long
2026-09-22 14:48:00,409 home-makara-frappe-bench:default: frappe.utils.background_jobs.execute_job(event=None, is_async=True, job_name='frappe.core.doctype.scheduled_job_type.scheduled_job_type.run_scheduled_jo..., kwargs={'job_type': 'frappe.model.utils.link_count.update_link_count', 'scheduled_..., method='frappe.core.doctype.scheduled_job_type.scheduled_job_type.run_scheduled_jo..., site='your-site-name.localhost', user='Administrator') (your-site-name.localhost||scheduled_job||51utqpe235)
2026-09-22 14:48:00,676 Successfully completed frappe.utils.background_jobs.execute_job(event=None, is_async=True, job_name='frappe.core.doctype.scheduled_job_type.scheduled_job_type.run_scheduled_jo..., kwargs={'job_type': 'frappe.model.utils.link_count.update_link_count', 'scheduled_..., method='frappe.core.doctype.scheduled_job_type.scheduled_job_type.run_scheduled_jo..., site='your-site-name.localhost', user='Administrator') job in 0:00:00.261089s on worker f800c15beb474a89ab3b5cf66fe85bac
2026-09-22 14:48:00,676 home-makara-frappe-bench:default: Job OK (your-site-name.localhost||scheduled_job||51utqpe235)
2026-09-22 14:48:00,677 Result is kept for 600 seconds
2026-09-22 14:48:00,684 home-makara-frappe-bench:default: frappe.utils.background_jobs.execute_job(event=None, is_async=True, job_name='frappe.core.doctype.scheduled_job_type.scheduled_job_type.run_scheduled_jo..., kwargs={'job_type': 'frappe.email.queue.retry_sending_emails', 'scheduled_job_type..., method='frappe.core.doctype.scheduled_job_type.scheduled_job_type.run_scheduled_jo..., site='your-site-name.localhost', user='Administrator') (your-site-name.localhost||scheduled_job||51uv7phrm7)
2026-09-22 14:48:00,974 Successfully completed frappe.utils.background_jobs.execute_job(event=None, is_async=True, job_name='frappe.core.doctype.scheduled_job_type.scheduled_job_type.run_scheduled_jo..., kwargs={'job_type': 'frappe.email.queue.retry_sending_emails', 'scheduled_job_type..., method='frappe.core.doctype.scheduled_job_type.scheduled_job_type.run_scheduled_jo..., site='your-site-name.localhost', user='Administrator') job in 0:00:00.283270s on worker f800c15beb474a89ab3b5cf66fe85bac
2026-09-22 14:48:00,975 home-makara-frappe-bench:default: Job OK (your-site-name.localhost||scheduled_job||51uv7phrm7)
2026-09-22 14:48:00,975 Result is kept for 600 seconds
2026-09-22 14:48:00,982 home-makara-frappe-bench:default: frappe.utils.background_jobs.execute_job(event=None, is_async=True, job_name='frappe.core.doctype.scheduled_job_type.scheduled_job_type.run_scheduled_jo..., kwargs={'job_type': 'frappe.deferred_insert.save_to_db', 'scheduled_job_type': '51..., method='frappe.core.doctype.scheduled_job_type.scheduled_job_type.run_scheduled_jo..., site='your-site-name.localhost', user='Administrator') (your-site-name.localhost||scheduled_job||51umjnqrgr)
2026-09-22 14:48:01,315 Successfully completed frappe.utils.background_jobs.execute_job(event=None, is_async=True, job_name='frappe.core.doctype.scheduled_job_type.scheduled_job_type.run_scheduled_jo..., kwargs={'job_type': 'frappe.deferred_insert.save_to_db', 'scheduled_job_type': '51..., method='frappe.core.doctype.scheduled_job_type.scheduled_job_type.run_scheduled_jo..., site='your-site-name.localhost', user='Administrator') job in 0:00:00.326318s on worker f800c15beb474a89ab3b5cf66fe85bac
2026-09-22 14:48:01,315 home-makara-frappe-bench:default: Job OK (your-site-name.localhost||scheduled_job||51umjnqrgr)
2026-09-22 14:48:01,315 Result is kept for 600 seconds
2026-09-22 14:48:01,323 home-makara-frappe-bench:default: frappe.utils.background_jobs.execute_job(event=None, is_async=True, job_name='frappe.core.doctype.scheduled_job_type.scheduled_job_type.run_scheduled_jo..., kwargs={'job_type': 'frappe.automation_engine.drainer.drain_due', 'scheduled_job_t..., method='frappe.core.doctype.scheduled_job_type.scheduled_job_type.run_scheduled_jo..., site='your-site-name.localhost', user='Administrator') (your-site-name.localhost||scheduled_job||51u0dpk9ai)
2026-09-22 14:48:01,597 Successfully completed frappe.utils.background_jobs.execute_job(event=None, is_async=True, job_name='frappe.core.doctype.scheduled_job_type.scheduled_job_type.run_scheduled_jo..., kwargs={'job_type': 'frappe.automation_engine.drainer.drain_due', 'scheduled_job_t..., method='frappe.core.doctype.scheduled_job_type.scheduled_job_type.run_scheduled_jo..., site='your-site-name.localhost', user='Administrator') job in 0:00:00.267908s on worker f800c15beb474a89ab3b5cf66fe85bac
2026-09-22 14:48:01,597 home-makara-frappe-bench:default: Job OK (your-site-name.localhost||scheduled_job||51u0dpk9ai)
2026-09-22 14:48:01,597 Result is kept for 600 seconds
2026-09-22 14:48:01,605 home-makara-frappe-bench:default: frappe.utils.background_jobs.execute_job(event=None, is_async=True, job_name='frappe.core.doctype.scheduled_job_type.scheduled_job_type.run_scheduled_jo..., kwargs={'job_type': 'frappe.email.queue.flush', 'scheduled_job_type': '51um9eeecb'..., method='frappe.core.doctype.scheduled_job_type.scheduled_job_type.run_scheduled_jo..., site='your-site-name.localhost', user='Administrator') (your-site-name.localhost||scheduled_job||51um9eeecb)
2026-09-22 14:48:01,922 Successfully completed frappe.utils.background_jobs.execute_job(event=None, is_async=True, job_name='frappe.core.doctype.scheduled_job_type.scheduled_job_type.run_scheduled_jo..., kwargs={'job_type': 'frappe.email.queue.flush', 'scheduled_job_type': '51um9eeecb'..., method='frappe.core.doctype.scheduled_job_type.scheduled_job_type.run_scheduled_jo..., site='your-site-name.localhost', user='Administrator') job in 0:00:00.311028s on worker f800c15beb474a89ab3b5cf66fe85bac
2026-09-22 14:48:01,922 home-makara-frappe-bench:default: Job OK (your-site-name.localhost||scheduled_job||51um9eeecb)
2026-09-22 14:48:01,922 Result is kept for 600 seconds
2026-09-22 14:48:01,930 home-makara-frappe-bench:default: frappe.utils.background_jobs.execute_job(event=None, is_async=True, job_name='frappe.core.doctype.scheduled_job_type.scheduled_job_type.run_scheduled_jo..., kwargs={'job_type': 'frappe.integrations.doctype.webhook.webhook.retry_failed_webh..., method='frappe.core.doctype.scheduled_job_type.scheduled_job_type.run_scheduled_jo..., site='your-site-name.localhost', user='Administrator') (your-site-name.localhost||scheduled_job||51ugekk04n)
2026-09-22 14:48:02,249 Successfully completed frappe.utils.background_jobs.execute_job(event=None, is_async=True, job_name='frappe.core.doctype.scheduled_job_type.scheduled_job_type.run_scheduled_jo..., kwargs={'job_type': 'frappe.integrations.doctype.webhook.webhook.retry_failed_webh..., method='frappe.core.doctype.scheduled_job_type.scheduled_job_type.run_scheduled_jo..., site='your-site-name.localhost', user='Administrator') job in 0:00:00.312224s on worker f800c15beb474a89ab3b5cf66fe85bac
2026-09-22 14:48:02,249 home-makara-frappe-bench:default: Job OK (your-site-name.localhost||scheduled_job||51ugekk04n)
2026-09-22 14:48:02,249 Result is kept for 600 seconds
2026-09-22 14:48:02,262 home-makara-frappe-bench:default: frappe.utils.background_jobs.execute_job(event=None, is_async=True, job_name='frappe.core.doctype.scheduled_job_type.scheduled_job_type.run_scheduled_jo..., kwargs={'job_type': 'frappe.integrations.doctype.google_calendar.google_calendar.s..., method='frappe.core.doctype.scheduled_job_type.scheduled_job_type.run_scheduled_jo..., site='your-site-name.localhost', user='Administrator') (your-site-name.localhost||scheduled_job||51u2s8slv0)
2026-09-22 14:48:02,575 Successfully completed frappe.utils.background_jobs.execute_job(event=None, is_async=True, job_name='frappe.core.doctype.scheduled_job_type.scheduled_job_type.run_scheduled_jo..., kwargs={'job_type': 'frappe.integrations.doctype.google_calendar.google_calendar.s..., method='frappe.core.doctype.scheduled_job_type.scheduled_job_type.run_scheduled_jo..., site='your-site-name.localhost', user='Administrator') job in 0:00:00.303162s on worker f800c15beb474a89ab3b5cf66fe85bac
2026-09-22 14:48:02,575 home-makara-frappe-bench:default: Job OK (your-site-name.localhost||scheduled_job||51u2s8slv0)
2026-09-22 14:48:02,575 Result is kept for 600 seconds
2026-09-22 14:48:02,584 home-makara-frappe-bench:default: frappe.utils.background_jobs.execute_job(event=None, is_async=True, job_name='frappe.core.doctype.scheduled_job_type.scheduled_job_type.run_scheduled_jo..., kwargs={'job_type': 'frappe.email.doctype.email_account.email_account.notify_unrep..., method='frappe.core.doctype.scheduled_job_type.scheduled_job_type.run_scheduled_jo..., site='your-site-name.localhost', user='Administrator') (your-site-name.localhost||scheduled_job||51utl79ueh)
2026-09-22 14:48:02,948 Successfully completed frappe.utils.background_jobs.execute_job(event=None, is_async=True, job_name='frappe.core.doctype.scheduled_job_type.scheduled_job_type.run_scheduled_jo..., kwargs={'job_type': 'frappe.email.doctype.email_account.email_account.notify_unrep..., method='frappe.core.doctype.scheduled_job_type.scheduled_job_type.run_scheduled_jo..., site='your-site-name.localhost', user='Administrator') job in 0:00:00.355610s on worker f800c15beb474a89ab3b5cf66fe85bac
2026-09-22 14:48:02,948 home-makara-frappe-bench:default: Job OK (your-site-name.localhost||scheduled_job||51utl79ueh)
2026-09-22 14:48:02,948 Result is kept for 600 seconds
2026-09-22 14:48:02,956 home-makara-frappe-bench:default: frappe.utils.background_jobs.execute_job(event=None, is_async=True, job_name='frappe.core.doctype.scheduled_job_type.scheduled_job_type.run_scheduled_jo..., kwargs={'job_type': 'frappe.automation_engine.scheduler.process_cron', 'scheduled_..., method='frappe.core.doctype.scheduled_job_type.scheduled_job_type.run_scheduled_jo..., site='your-site-name.localhost', user='Administrator') (your-site-name.localhost||scheduled_job||51u6ep6oat)
2026-09-22 14:48:03,303 Successfully completed frappe.utils.background_jobs.execute_job(event=None, is_async=True, job_name='frappe.core.doctype.scheduled_job_type.scheduled_job_type.run_scheduled_jo..., kwargs={'job_type': 'frappe.automation_engine.scheduler.process_cron', 'scheduled_..., method='frappe.core.doctype.scheduled_job_type.scheduled_job_type.run_scheduled_jo..., site='your-site-name.localhost', user='Administrator') job in 0:00:00.336389s on worker f800c15beb474a89ab3b5cf66fe85bac
2026-09-22 14:48:03,304 home-makara-frappe-bench:default: Job OK (your-site-name.localhost||scheduled_job||51u6ep6oat)
2026-09-22 14:48:03,304 Result is kept for 600 seconds
2026-09-22 14:48:03,322 home-makara-frappe-bench:default: frappe.utils.background_jobs.execute_job(event=None, is_async=True, job_name='frappe.core.doctype.scheduled_job_type.scheduled_job_type.run_scheduled_jo..., kwargs={'job_type': 'frappe.automation.doctype.reminder.reminder.send_reminders', ..., method='frappe.core.doctype.scheduled_job_type.scheduled_job_type.run_scheduled_jo..., site='your-site-name.localhost', user='Administrator') (your-site-name.localhost||scheduled_job||51ujogtifi)
2026-09-22 14:48:03,688 Successfully completed frappe.utils.background_jobs.execute_job(event=None, is_async=True, job_name='frappe.core.doctype.scheduled_job_type.scheduled_job_type.run_scheduled_jo..., kwargs={'job_type': 'frappe.automation.doctype.reminder.reminder.send_reminders', ..., method='frappe.core.doctype.scheduled_job_type.scheduled_job_type.run_scheduled_jo..., site='your-site-name.localhost', user='Administrator') job in 0:00:00.350737s on worker f800c15beb474a89ab3b5cf66fe85bac
2026-09-22 14:48:03,688 home-makara-frappe-bench:default: Job OK (your-site-name.localhost||scheduled_job||51ujogtifi)
2026-09-22 14:48:03,688 Result is kept for 600 seconds
2026-09-22 14:48:03,695 home-makara-frappe-bench:default: frappe.utils.background_jobs.execute_job(event=None, is_async=True, job_name='frappe.core.doctype.scheduled_job_type.scheduled_job_type.run_scheduled_jo..., kwargs={'job_type': 'frappe.search.sqlite_search.index_docs_in_queue', 'scheduled_..., method='frappe.core.doctype.scheduled_job_type.scheduled_job_type.run_scheduled_jo..., site='your-site-name.localhost', user='Administrator') (your-site-name.localhost||scheduled_job||51ubu6l9cg)
2026-09-22 14:48:04,007 Successfully completed frappe.utils.background_jobs.execute_job(event=None, is_async=True, job_name='frappe.core.doctype.scheduled_job_type.scheduled_job_type.run_scheduled_jo..., kwargs={'job_type': 'frappe.search.sqlite_search.index_docs_in_queue', 'scheduled_..., method='frappe.core.doctype.scheduled_job_type.scheduled_job_type.run_scheduled_jo..., site='your-site-name.localhost', user='Administrator') job in 0:00:00.305181s on worker f800c15beb474a89ab3b5cf66fe85bac
2026-09-22 14:48:04,008 home-makara-frappe-bench:default: Job OK (your-site-name.localhost||scheduled_job||51ubu6l9cg)
2026-09-22 14:48:04,008 Result is kept for 600 seconds
2026-09-22 14:48:04,016 home-makara-frappe-bench:default: frappe.utils.background_jobs.execute_job(event=None, is_async=True, job_name='frappe.core.doctype.scheduled_job_type.scheduled_job_type.run_scheduled_jo..., kwargs={'job_type': 'frappe.utils.global_search.sync_global_search', 'scheduled_jo..., method='frappe.core.doctype.scheduled_job_type.scheduled_job_type.run_scheduled_jo..., site='your-site-name.localhost', user='Administrator') (your-site-name.localhost||scheduled_job||51ul1o6qkh)
2026-09-22 14:48:04,336 Successfully completed frappe.utils.background_jobs.execute_job(event=None, is_async=True, job_name='frappe.core.doctype.scheduled_job_type.scheduled_job_type.run_scheduled_jo..., kwargs={'job_type': 'frappe.utils.global_search.sync_global_search', 'scheduled_jo..., method='frappe.core.doctype.scheduled_job_type.scheduled_job_type.run_scheduled_jo..., site='your-site-name.localhost', user='Administrator') job in 0:00:00.310333s on worker f800c15beb474a89ab3b5cf66fe85bac
2026-09-22 14:48:04,337 home-makara-frappe-bench:default: Job OK (your-site-name.localhost||scheduled_job||51ul1o6qkh)
2026-09-22 14:48:04,337 Result is kept for 600 seconds
2026-09-22 14:48:04,346 home-makara-frappe-bench:default: frappe.utils.background_jobs.execute_job(event=None, is_async=True, job_name='frappe.core.doctype.scheduled_job_type.scheduled_job_type.run_scheduled_jo..., kwargs={'job_type': 'frappe.monitor.flush', 'scheduled_job_type': '51u5l2o9pg'}, method='frappe.core.doctype.scheduled_job_type.scheduled_job_type.run_scheduled_jo..., site='your-site-name.localhost', user='Administrator') (your-site-name.localhost||scheduled_job||51u5l2o9pg)
2026-09-22 14:48:04,627 Successfully completed frappe.utils.background_jobs.execute_job(event=None, is_async=True, job_name='frappe.core.doctype.scheduled_job_type.scheduled_job_type.run_scheduled_jo..., kwargs={'job_type': 'frappe.monitor.flush', 'scheduled_job_type': '51u5l2o9pg'}, method='frappe.core.doctype.scheduled_job_type.scheduled_job_type.run_scheduled_jo..., site='your-site-name.localhost', user='Administrator') job in 0:00:00.273970s on worker f800c15beb474a89ab3b5cf66fe85bac
2026-09-22 14:48:04,627 home-makara-frappe-bench:default: Job OK (your-site-name.localhost||scheduled_job||51u5l2o9pg)
2026-09-22 14:48:04,627 Result is kept for 600 seconds
2026-09-22 14:48:04,635 home-makara-frappe-bench:default: frappe.utils.background_jobs.execute_job(event=None, is_async=True, job_name='frappe.core.doctype.scheduled_job_type.scheduled_job_type.run_scheduled_jo..., kwargs={'job_type': 'frappe.email.doctype.notification.notification.trigger_offset..., method='frappe.core.doctype.scheduled_job_type.scheduled_job_type.run_scheduled_jo..., site='your-site-name.localhost', user='Administrator') (your-site-name.localhost||scheduled_job||51ujdm2d34)
2026-09-22 14:48:04,902 Successfully completed frappe.utils.background_jobs.execute_job(event=None, is_async=True, job_name='frappe.core.doctype.scheduled_job_type.scheduled_job_type.run_scheduled_jo..., kwargs={'job_type': 'frappe.email.doctype.notification.notification.trigger_offset..., method='frappe.core.doctype.scheduled_job_type.scheduled_job_type.run_scheduled_jo..., site='your-site-name.localhost', user='Administrator') job in 0:00:00.261221s on worker f800c15beb474a89ab3b5cf66fe85bac
2026-09-22 14:48:04,902 home-makara-frappe-bench:default: Job OK (your-site-name.localhost||scheduled_job||51ujdm2d34)
2026-09-22 14:48:04,902 Result is kept for 600 seconds
2026-09-22 14:52:00,178 home-makara-frappe-bench:default: frappe.utils.background_jobs.execute_job(event=None, is_async=True, job_name='frappe.core.doctype.scheduled_job_type.scheduled_job_type.run_scheduled_jo..., kwargs={'job_type': 'frappe.email.queue.retry_sending_emails', 'scheduled_job_type..., method='frappe.core.doctype.scheduled_job_type.scheduled_job_type.run_scheduled_jo..., site='your-site-name.localhost', user='Administrator') (your-site-name.localhost||scheduled_job||51uv7phrm7)
2026-09-22 14:52:00,450 Successfully completed frappe.utils.background_jobs.execute_job(event=None, is_async=True, job_name='frappe.core.doctype.scheduled_job_type.scheduled_job_type.run_scheduled_jo..., kwargs={'job_type': 'frappe.email.queue.retry_sending_emails', 'scheduled_job_type..., method='frappe.core.doctype.scheduled_job_type.scheduled_job_type.run_scheduled_jo..., site='your-site-name.localhost', user='Administrator') job in 0:00:00.259727s on worker f800c15beb474a89ab3b5cf66fe85bac
2026-09-22 14:52:00,450 home-makara-frappe-bench:default: Job OK (your-site-name.localhost||scheduled_job||51uv7phrm7)
2026-09-22 14:52:00,450 Result is kept for 600 seconds
2026-09-22 14:52:00,456 home-makara-frappe-bench:default: frappe.utils.background_jobs.execute_job(event=None, is_async=True, job_name='frappe.core.doctype.scheduled_job_type.scheduled_job_type.run_scheduled_jo..., kwargs={'job_type': 'frappe.email.doctype.email_account.email_account.pull', 'sche..., method='frappe.core.doctype.scheduled_job_type.scheduled_job_type.run_scheduled_jo..., site='your-site-name.localhost', user='Administrator') (your-site-name.localhost||scheduled_job||51u4simu78)
2026-09-22 14:52:00,762 Successfully completed frappe.utils.background_jobs.execute_job(event=None, is_async=True, job_name='frappe.core.doctype.scheduled_job_type.scheduled_job_type.run_scheduled_jo..., kwargs={'job_type': 'frappe.email.doctype.email_account.email_account.pull', 'sche..., method='frappe.core.doctype.scheduled_job_type.scheduled_job_type.run_scheduled_jo..., site='your-site-name.localhost', user='Administrator') job in 0:00:00.299379s on worker f800c15beb474a89ab3b5cf66fe85bac
2026-09-22 14:52:00,762 home-makara-frappe-bench:default: Job OK (your-site-name.localhost||scheduled_job||51u4simu78)
2026-09-22 14:52:00,762 Result is kept for 600 seconds
2026-09-22 14:52:00,768 home-makara-frappe-bench:default: frappe.utils.background_jobs.execute_job(event=None, is_async=True, job_name='frappe.core.doctype.scheduled_job_type.scheduled_job_type.run_scheduled_jo..., kwargs={'job_type': 'frappe.automation_engine.drainer.drain_due', 'scheduled_job_t..., method='frappe.core.doctype.scheduled_job_type.scheduled_job_type.run_scheduled_jo..., site='your-site-name.localhost', user='Administrator') (your-site-name.localhost||scheduled_job||51u0dpk9ai)
2026-09-22 14:52:01,034 Successfully completed frappe.utils.background_jobs.execute_job(event=None, is_async=True, job_name='frappe.core.doctype.scheduled_job_type.scheduled_job_type.run_scheduled_jo..., kwargs={'job_type': 'frappe.automation_engine.drainer.drain_due', 'scheduled_job_t..., method='frappe.core.doctype.scheduled_job_type.scheduled_job_type.run_scheduled_jo..., site='your-site-name.localhost', user='Administrator') job in 0:00:00.259773s on worker f800c15beb474a89ab3b5cf66fe85bac
2026-09-22 14:52:01,034 home-makara-frappe-bench:default: Job OK (your-site-name.localhost||scheduled_job||51u0dpk9ai)
2026-09-22 14:52:01,035 Result is kept for 600 seconds
2026-09-22 14:52:01,040 home-makara-frappe-bench:default: frappe.utils.background_jobs.execute_job(event=None, is_async=True, job_name='frappe.core.doctype.scheduled_job_type.scheduled_job_type.run_scheduled_jo..., kwargs={'job_type': 'frappe.integrations.doctype.webhook.webhook.retry_failed_webh..., method='frappe.core.doctype.scheduled_job_type.scheduled_job_type.run_scheduled_jo..., site='your-site-name.localhost', user='Administrator') (your-site-name.localhost||scheduled_job||51ugekk04n)
2026-09-22 14:52:01,294 Successfully completed frappe.utils.background_jobs.execute_job(event=None, is_async=True, job_name='frappe.core.doctype.scheduled_job_type.scheduled_job_type.run_scheduled_jo..., kwargs={'job_type': 'frappe.integrations.doctype.webhook.webhook.retry_failed_webh..., method='frappe.core.doctype.scheduled_job_type.scheduled_job_type.run_scheduled_jo..., site='your-site-name.localhost', user='Administrator') job in 0:00:00.247934s on worker f800c15beb474a89ab3b5cf66fe85bac
2026-09-22 14:52:01,294 home-makara-frappe-bench:default: Job OK (your-site-name.localhost||scheduled_job||51ugekk04n)
2026-09-22 14:52:01,294 Result is kept for 600 seconds
2026-09-22 14:52:01,300 home-makara-frappe-bench:default: frappe.utils.background_jobs.execute_job(event=None, is_async=True, job_name='frappe.core.doctype.scheduled_job_type.scheduled_job_type.run_scheduled_jo..., kwargs={'job_type': 'frappe.email.doctype.notification.notification.trigger_offset..., method='frappe.core.doctype.scheduled_job_type.scheduled_job_type.run_scheduled_jo..., site='your-site-name.localhost', user='Administrator') (your-site-name.localhost||scheduled_job||51ujdm2d34)
2026-09-22 14:52:01,566 Successfully completed frappe.utils.background_jobs.execute_job(event=None, is_async=True, job_name='frappe.core.doctype.scheduled_job_type.scheduled_job_type.run_scheduled_jo..., kwargs={'job_type': 'frappe.email.doctype.notification.notification.trigger_offset..., method='frappe.core.doctype.scheduled_job_type.scheduled_job_type.run_scheduled_jo..., site='your-site-name.localhost', user='Administrator') job in 0:00:00.260271s on worker f800c15beb474a89ab3b5cf66fe85bac
2026-09-22 14:52:01,567 home-makara-frappe-bench:default: Job OK (your-site-name.localhost||scheduled_job||51ujdm2d34)
2026-09-22 14:52:01,567 Result is kept for 600 seconds
2026-09-22 14:52:01,573 home-makara-frappe-bench:default: frappe.utils.background_jobs.execute_job(event=None, is_async=True, job_name='frappe.core.doctype.scheduled_job_type.scheduled_job_type.run_scheduled_jo..., kwargs={'job_type': 'frappe.email.queue.flush', 'scheduled_job_type': '51um9eeecb'..., method='frappe.core.doctype.scheduled_job_type.scheduled_job_type.run_scheduled_jo..., site='your-site-name.localhost', user='Administrator') (your-site-name.localhost||scheduled_job||51um9eeecb)
2026-09-22 14:52:01,871 Successfully completed frappe.utils.background_jobs.execute_job(event=None, is_async=True, job_name='frappe.core.doctype.scheduled_job_type.scheduled_job_type.run_scheduled_jo..., kwargs={'job_type': 'frappe.email.queue.flush', 'scheduled_job_type': '51um9eeecb'..., method='frappe.core.doctype.scheduled_job_type.scheduled_job_type.run_scheduled_jo..., site='your-site-name.localhost', user='Administrator') job in 0:00:00.291836s on worker f800c15beb474a89ab3b5cf66fe85bac
2026-09-22 14:52:01,871 home-makara-frappe-bench:default: Job OK (your-site-name.localhost||scheduled_job||51um9eeecb)
2026-09-22 14:52:01,871 Result is kept for 600 seconds
2026-09-22 14:52:01,877 home-makara-frappe-bench:default: frappe.utils.background_jobs.execute_job(event=None, is_async=True, job_name='frappe.core.doctype.scheduled_job_type.scheduled_job_type.run_scheduled_jo..., kwargs={'job_type': 'frappe.search.sqlite_search.index_docs_in_queue', 'scheduled_..., method='frappe.core.doctype.scheduled_job_type.scheduled_job_type.run_scheduled_jo..., site='your-site-name.localhost', user='Administrator') (your-site-name.localhost||scheduled_job||51ubu6l9cg)
2026-09-22 14:52:02,149 Successfully completed frappe.utils.background_jobs.execute_job(event=None, is_async=True, job_name='frappe.core.doctype.scheduled_job_type.scheduled_job_type.run_scheduled_jo..., kwargs={'job_type': 'frappe.search.sqlite_search.index_docs_in_queue', 'scheduled_..., method='frappe.core.doctype.scheduled_job_type.scheduled_job_type.run_scheduled_jo..., site='your-site-name.localhost', user='Administrator') job in 0:00:00.265431s on worker f800c15beb474a89ab3b5cf66fe85bac
2026-09-22 14:52:02,149 home-makara-frappe-bench:default: Job OK (your-site-name.localhost||scheduled_job||51ubu6l9cg)
2026-09-22 14:52:02,149 Result is kept for 600 seconds
2026-09-22 14:52:02,155 home-makara-frappe-bench:default: frappe.utils.background_jobs.execute_job(event=None, is_async=True, job_name='frappe.core.doctype.scheduled_job_type.scheduled_job_type.run_scheduled_jo..., kwargs={'job_type': 'frappe.integrations.doctype.google_calendar.google_calendar.s..., method='frappe.core.doctype.scheduled_job_type.scheduled_job_type.run_scheduled_jo..., site='your-site-name.localhost', user='Administrator') (your-site-name.localhost||scheduled_job||51u2s8slv0)
2026-09-22 14:52:02,416 Successfully completed frappe.utils.background_jobs.execute_job(event=None, is_async=True, job_name='frappe.core.doctype.scheduled_job_type.scheduled_job_type.run_scheduled_jo..., kwargs={'job_type': 'frappe.integrations.doctype.google_calendar.google_calendar.s..., method='frappe.core.doctype.scheduled_job_type.scheduled_job_type.run_scheduled_jo..., site='your-site-name.localhost', user='Administrator') job in 0:00:00.254331s on worker f800c15beb474a89ab3b5cf66fe85bac
2026-09-22 14:52:02,416 home-makara-frappe-bench:default: Job OK (your-site-name.localhost||scheduled_job||51u2s8slv0)
2026-09-22 14:52:02,416 Result is kept for 600 seconds
2026-09-22 14:52:02,423 home-makara-frappe-bench:default: frappe.utils.background_jobs.execute_job(event=None, is_async=True, job_name='frappe.core.doctype.scheduled_job_type.scheduled_job_type.run_scheduled_jo..., kwargs={'job_type': 'frappe.monitor.flush', 'scheduled_job_type': '51u5l2o9pg'}, method='frappe.core.doctype.scheduled_job_type.scheduled_job_type.run_scheduled_jo..., site='your-site-name.localhost', user='Administrator') (your-site-name.localhost||scheduled_job||51u5l2o9pg)
2026-09-22 14:52:02,684 Successfully completed frappe.utils.background_jobs.execute_job(event=None, is_async=True, job_name='frappe.core.doctype.scheduled_job_type.scheduled_job_type.run_scheduled_jo..., kwargs={'job_type': 'frappe.monitor.flush', 'scheduled_job_type': '51u5l2o9pg'}, method='frappe.core.doctype.scheduled_job_type.scheduled_job_type.run_scheduled_jo..., site='your-site-name.localhost', user='Administrator') job in 0:00:00.255218s on worker f800c15beb474a89ab3b5cf66fe85bac
2026-09-22 14:52:02,684 home-makara-frappe-bench:default: Job OK (your-site-name.localhost||scheduled_job||51u5l2o9pg)
2026-09-22 14:52:02,685 Result is kept for 600 seconds
2026-09-22 14:52:02,692 home-makara-frappe-bench:default: frappe.utils.background_jobs.execute_job(event=None, is_async=True, job_name='frappe.core.doctype.scheduled_job_type.scheduled_job_type.run_scheduled_jo..., kwargs={'job_type': 'frappe.automation_engine.scheduler.process_cron', 'scheduled_..., method='frappe.core.doctype.scheduled_job_type.scheduled_job_type.run_scheduled_jo..., site='your-site-name.localhost', user='Administrator') (your-site-name.localhost||scheduled_job||51u6ep6oat)
2026-09-22 14:52:02,980 Successfully completed frappe.utils.background_jobs.execute_job(event=None, is_async=True, job_name='frappe.core.doctype.scheduled_job_type.scheduled_job_type.run_scheduled_jo..., kwargs={'job_type': 'frappe.automation_engine.scheduler.process_cron', 'scheduled_..., method='frappe.core.doctype.scheduled_job_type.scheduled_job_type.run_scheduled_jo..., site='your-site-name.localhost', user='Administrator') job in 0:00:00.281603s on worker f800c15beb474a89ab3b5cf66fe85bac
2026-09-22 14:52:02,980 home-makara-frappe-bench:default: Job OK (your-site-name.localhost||scheduled_job||51u6ep6oat)
2026-09-22 14:52:02,980 Result is kept for 600 seconds
2026-09-22 14:56:00,209 home-makara-frappe-bench:default: frappe.utils.background_jobs.execute_job(event=None, is_async=True, job_name='frappe.core.doctype.scheduled_job_type.scheduled_job_type.run_scheduled_jo..., kwargs={'job_type': 'frappe.email.queue.flush', 'scheduled_job_type': '51um9eeecb'..., method='frappe.core.doctype.scheduled_job_type.scheduled_job_type.run_scheduled_jo..., site='your-site-name.localhost', user='Administrator') (your-site-name.localhost||scheduled_job||51um9eeecb)
2026-09-22 14:56:00,480 Successfully completed frappe.utils.background_jobs.execute_job(event=None, is_async=True, job_name='frappe.core.doctype.scheduled_job_type.scheduled_job_type.run_scheduled_jo..., kwargs={'job_type': 'frappe.email.queue.flush', 'scheduled_job_type': '51um9eeecb'..., method='frappe.core.doctype.scheduled_job_type.scheduled_job_type.run_scheduled_jo..., site='your-site-name.localhost', user='Administrator') job in 0:00:00.263743s on worker f800c15beb474a89ab3b5cf66fe85bac
2026-09-22 14:56:00,480 home-makara-frappe-bench:default: Job OK (your-site-name.localhost||scheduled_job||51um9eeecb)
2026-09-22 14:56:00,480 Result is kept for 600 seconds
2026-09-22 14:56:00,486 home-makara-frappe-bench:default: frappe.utils.background_jobs.execute_job(event=None, is_async=True, job_name='frappe.core.doctype.scheduled_job_type.scheduled_job_type.run_scheduled_jo..., kwargs={'job_type': 'frappe.search.sqlite_search.index_docs_in_queue', 'scheduled_..., method='frappe.core.doctype.scheduled_job_type.scheduled_job_type.run_scheduled_jo..., site='your-site-name.localhost', user='Administrator') (your-site-name.localhost||scheduled_job||51ubu6l9cg)
2026-09-22 14:56:00,743 Successfully completed frappe.utils.background_jobs.execute_job(event=None, is_async=True, job_name='frappe.core.doctype.scheduled_job_type.scheduled_job_type.run_scheduled_jo..., kwargs={'job_type': 'frappe.search.sqlite_search.index_docs_in_queue', 'scheduled_..., method='frappe.core.doctype.scheduled_job_type.scheduled_job_type.run_scheduled_jo..., site='your-site-name.localhost', user='Administrator') job in 0:00:00.250050s on worker f800c15beb474a89ab3b5cf66fe85bac
2026-09-22 14:56:00,743 home-makara-frappe-bench:default: Job OK (your-site-name.localhost||scheduled_job||51ubu6l9cg)
2026-09-22 14:56:00,743 Result is kept for 600 seconds
2026-09-22 14:56:00,750 home-makara-frappe-bench:default: frappe.utils.background_jobs.execute_job(event=None, is_async=True, job_name='frappe.core.doctype.scheduled_job_type.scheduled_job_type.run_scheduled_jo..., kwargs={'job_type': 'frappe.automation_engine.drainer.drain_due', 'scheduled_job_t..., method='frappe.core.doctype.scheduled_job_type.scheduled_job_type.run_scheduled_jo..., site='your-site-name.localhost', user='Administrator') (your-site-name.localhost||scheduled_job||51u0dpk9ai)
2026-09-22 14:56:01,021 Successfully completed frappe.utils.background_jobs.execute_job(event=None, is_async=True, job_name='frappe.core.doctype.scheduled_job_type.scheduled_job_type.run_scheduled_jo..., kwargs={'job_type': 'frappe.automation_engine.drainer.drain_due', 'scheduled_job_t..., method='frappe.core.doctype.scheduled_job_type.scheduled_job_type.run_scheduled_jo..., site='your-site-name.localhost', user='Administrator') job in 0:00:00.264774s on worker f800c15beb474a89ab3b5cf66fe85bac
2026-09-22 14:56:01,022 home-makara-frappe-bench:default: Job OK (your-site-name.localhost||scheduled_job||51u0dpk9ai)
2026-09-22 14:56:01,022 Result is kept for 600 seconds
2026-09-22 14:56:01,028 home-makara-frappe-bench:default: frappe.utils.background_jobs.execute_job(event=None, is_async=True, job_name='frappe.core.doctype.scheduled_job_type.scheduled_job_type.run_scheduled_jo..., kwargs={'job_type': 'frappe.email.queue.retry_sending_emails', 'scheduled_job_type..., method='frappe.core.doctype.scheduled_job_type.scheduled_job_type.run_scheduled_jo..., site='your-site-name.localhost', user='Administrator') (your-site-name.localhost||scheduled_job||51uv7phrm7)
2026-09-22 14:56:01,313 Successfully completed frappe.utils.background_jobs.execute_job(event=None, is_async=True, job_name='frappe.core.doctype.scheduled_job_type.scheduled_job_type.run_scheduled_jo..., kwargs={'job_type': 'frappe.email.queue.retry_sending_emails', 'scheduled_job_type..., method='frappe.core.doctype.scheduled_job_type.scheduled_job_type.run_scheduled_jo..., site='your-site-name.localhost', user='Administrator') job in 0:00:00.278726s on worker f800c15beb474a89ab3b5cf66fe85bac
2026-09-22 14:56:01,313 home-makara-frappe-bench:default: Job OK (your-site-name.localhost||scheduled_job||51uv7phrm7)
2026-09-22 14:56:01,313 Result is kept for 600 seconds
2026-09-22 14:56:01,320 home-makara-frappe-bench:default: frappe.utils.background_jobs.execute_job(event=None, is_async=True, job_name='frappe.core.doctype.scheduled_job_type.scheduled_job_type.run_scheduled_jo..., kwargs={'job_type': 'frappe.email.doctype.notification.notification.trigger_offset..., method='frappe.core.doctype.scheduled_job_type.scheduled_job_type.run_scheduled_jo..., site='your-site-name.localhost', user='Administrator') (your-site-name.localhost||scheduled_job||51ujdm2d34)
2026-09-22 14:56:01,621 Successfully completed frappe.utils.background_jobs.execute_job(event=None, is_async=True, job_name='frappe.core.doctype.scheduled_job_type.scheduled_job_type.run_scheduled_jo..., kwargs={'job_type': 'frappe.email.doctype.notification.notification.trigger_offset..., method='frappe.core.doctype.scheduled_job_type.scheduled_job_type.run_scheduled_jo..., site='your-site-name.localhost', user='Administrator') job in 0:00:00.295242s on worker f800c15beb474a89ab3b5cf66fe85bac
2026-09-22 14:56:01,622 home-makara-frappe-bench:default: Job OK (your-site-name.localhost||scheduled_job||51ujdm2d34)
2026-09-22 14:56:01,622 Result is kept for 600 seconds
2026-09-22 14:56:01,628 home-makara-frappe-bench:default: frappe.utils.background_jobs.execute_job(event=None, is_async=True, job_name='frappe.core.doctype.scheduled_job_type.scheduled_job_type.run_scheduled_jo..., kwargs={'job_type': 'frappe.integrations.doctype.google_calendar.google_calendar.s..., method='frappe.core.doctype.scheduled_job_type.scheduled_job_type.run_scheduled_jo..., site='your-site-name.localhost', user='Administrator') (your-site-name.localhost||scheduled_job||51u2s8slv0)
2026-09-22 14:56:01,919 Successfully completed frappe.utils.background_jobs.execute_job(event=None, is_async=True, job_name='frappe.core.doctype.scheduled_job_type.scheduled_job_type.run_scheduled_jo..., kwargs={'job_type': 'frappe.integrations.doctype.google_calendar.google_calendar.s..., method='frappe.core.doctype.scheduled_job_type.scheduled_job_type.run_scheduled_jo..., site='your-site-name.localhost', user='Administrator') job in 0:00:00.284018s on worker f800c15beb474a89ab3b5cf66fe85bac
2026-09-22 14:56:01,919 home-makara-frappe-bench:default: Job OK (your-site-name.localhost||scheduled_job||51u2s8slv0)
2026-09-22 14:56:01,919 Result is kept for 600 seconds
2026-09-22 14:56:01,927 home-makara-frappe-bench:default: frappe.utils.background_jobs.execute_job(event=None, is_async=True, job_name='frappe.core.doctype.scheduled_job_type.scheduled_job_type.run_scheduled_jo..., kwargs={'job_type': 'frappe.monitor.flush', 'scheduled_job_type': '51u5l2o9pg'}, method='frappe.core.doctype.scheduled_job_type.scheduled_job_type.run_scheduled_jo..., site='your-site-name.localhost', user='Administrator') (your-site-name.localhost||scheduled_job||51u5l2o9pg)
2026-09-22 14:56:02,190 Successfully completed frappe.utils.background_jobs.execute_job(event=None, is_async=True, job_name='frappe.core.doctype.scheduled_job_type.scheduled_job_type.run_scheduled_jo..., kwargs={'job_type': 'frappe.monitor.flush', 'scheduled_job_type': '51u5l2o9pg'}, method='frappe.core.doctype.scheduled_job_type.scheduled_job_type.run_scheduled_jo..., site='your-site-name.localhost', user='Administrator') job in 0:00:00.256516s on worker f800c15beb474a89ab3b5cf66fe85bac
2026-09-22 14:56:02,190 home-makara-frappe-bench:default: Job OK (your-site-name.localhost||scheduled_job||51u5l2o9pg)
2026-09-22 14:56:02,190 Result is kept for 600 seconds
2026-09-22 14:56:02,196 home-makara-frappe-bench:default: frappe.utils.background_jobs.execute_job(event=None, is_async=True, job_name='frappe.core.doctype.scheduled_job_type.scheduled_job_type.run_scheduled_jo..., kwargs={'job_type': 'frappe.integrations.doctype.webhook.webhook.retry_failed_webh..., method='frappe.core.doctype.scheduled_job_type.scheduled_job_type.run_scheduled_jo..., site='your-site-name.localhost', user='Administrator') (your-site-name.localhost||scheduled_job||51ugekk04n)
2026-09-22 14:56:02,484 Successfully completed frappe.utils.background_jobs.execute_job(event=None, is_async=True, job_name='frappe.core.doctype.scheduled_job_type.scheduled_job_type.run_scheduled_jo..., kwargs={'job_type': 'frappe.integrations.doctype.webhook.webhook.retry_failed_webh..., method='frappe.core.doctype.scheduled_job_type.scheduled_job_type.run_scheduled_jo..., site='your-site-name.localhost', user='Administrator') job in 0:00:00.281433s on worker f800c15beb474a89ab3b5cf66fe85bac
2026-09-22 14:56:02,484 home-makara-frappe-bench:default: Job OK (your-site-name.localhost||scheduled_job||51ugekk04n)
2026-09-22 14:56:02,484 Result is kept for 600 seconds
2026-09-22 14:56:02,491 home-makara-frappe-bench:default: frappe.utils.background_jobs.execute_job(event=None, is_async=True, job_name='frappe.core.doctype.scheduled_job_type.scheduled_job_type.run_scheduled_jo..., kwargs={'job_type': 'frappe.automation_engine.scheduler.process_cron', 'scheduled_..., method='frappe.core.doctype.scheduled_job_type.scheduled_job_type.run_scheduled_jo..., site='your-site-name.localhost', user='Administrator') (your-site-name.localhost||scheduled_job||51u6ep6oat)
2026-09-22 14:56:02,771 Successfully completed frappe.utils.background_jobs.execute_job(event=None, is_async=True, job_name='frappe.core.doctype.scheduled_job_type.scheduled_job_type.run_scheduled_jo..., kwargs={'job_type': 'frappe.automation_engine.scheduler.process_cron', 'scheduled_..., method='frappe.core.doctype.scheduled_job_type.scheduled_job_type.run_scheduled_jo..., site='your-site-name.localhost', user='Administrator') job in 0:00:00.273116s on worker f800c15beb474a89ab3b5cf66fe85bac
2026-09-22 14:56:02,771 home-makara-frappe-bench:default: Job OK (your-site-name.localhost||scheduled_job||51u6ep6oat)
2026-09-22 14:56:02,771 Result is kept for 600 seconds
2026-09-22 15:00:00,264 home-makara-frappe-bench:long: frappe.utils.background_jobs.execute_job(event=None, is_async=True, job_name='frappe.core.doctype.scheduled_job_type.scheduled_job_type.run_scheduled_jo..., kwargs={'job_type': 'frappe.model.utils.user_settings.sync_user_settings', 'schedu..., method='frappe.core.doctype.scheduled_job_type.scheduled_job_type.run_scheduled_jo..., site='your-site-name.localhost', user='Administrator') (your-site-name.localhost||scheduled_job||51uint1mto)
2026-09-22 15:00:00,570 Successfully completed frappe.utils.background_jobs.execute_job(event=None, is_async=True, job_name='frappe.core.doctype.scheduled_job_type.scheduled_job_type.run_scheduled_jo..., kwargs={'job_type': 'frappe.model.utils.user_settings.sync_user_settings', 'schedu..., method='frappe.core.doctype.scheduled_job_type.scheduled_job_type.run_scheduled_jo..., site='your-site-name.localhost', user='Administrator') job in 0:00:00.296492s on worker f800c15beb474a89ab3b5cf66fe85bac
2026-09-22 15:00:00,571 home-makara-frappe-bench:long: Job OK (your-site-name.localhost||scheduled_job||51uint1mto)
2026-09-22 15:00:00,571 Result is kept for 600 seconds
2026-09-22 15:00:00,576 Worker f800c15beb474a89ab3b5cf66fe85bac: cleaning registries for queue: home-makara-frappe-bench:short
2026-09-22 15:00:00,577 Worker f800c15beb474a89ab3b5cf66fe85bac: cleaning registries for queue: home-makara-frappe-bench:default
2026-09-22 15:00:00,578 Worker f800c15beb474a89ab3b5cf66fe85bac: cleaning registries for queue: home-makara-frappe-bench:long
2026-09-22 15:00:00,579 home-makara-frappe-bench:default: frappe.utils.background_jobs.execute_job(event=None, is_async=True, job_name='frappe.core.doctype.scheduled_job_type.scheduled_job_type.run_scheduled_jo..., kwargs={'job_type': 'frappe.deferred_insert.save_to_db', 'scheduled_job_type': '51..., method='frappe.core.doctype.scheduled_job_type.scheduled_job_type.run_scheduled_jo..., site='your-site-name.localhost', user='Administrator') (your-site-name.localhost||scheduled_job||51umjnqrgr)
2026-09-22 15:00:00,898 Successfully completed frappe.utils.background_jobs.execute_job(event=None, is_async=True, job_name='frappe.core.doctype.scheduled_job_type.scheduled_job_type.run_scheduled_jo..., kwargs={'job_type': 'frappe.deferred_insert.save_to_db', 'scheduled_job_type': '51..., method='frappe.core.doctype.scheduled_job_type.scheduled_job_type.run_scheduled_jo..., site='your-site-name.localhost', user='Administrator') job in 0:00:00.312155s on worker f800c15beb474a89ab3b5cf66fe85bac
2026-09-22 15:00:00,898 home-makara-frappe-bench:default: Job OK (your-site-name.localhost||scheduled_job||51umjnqrgr)
2026-09-22 15:00:00,898 Result is kept for 600 seconds
2026-09-22 15:00:00,904 home-makara-frappe-bench:default: frappe.utils.background_jobs.execute_job(event=None, is_async=True, job_name='frappe.core.doctype.scheduled_job_type.scheduled_job_type.run_scheduled_jo..., kwargs={'job_type': 'frappe.email.doctype.notification.notification.trigger_offset..., method='frappe.core.doctype.scheduled_job_type.scheduled_job_type.run_scheduled_jo..., site='your-site-name.localhost', user='Administrator') (your-site-name.localhost||scheduled_job||51ujdm2d34)
2026-09-22 15:00:01,179 Successfully completed frappe.utils.background_jobs.execute_job(event=None, is_async=True, job_name='frappe.core.doctype.scheduled_job_type.scheduled_job_type.run_scheduled_jo..., kwargs={'job_type': 'frappe.email.doctype.notification.notification.trigger_offset..., method='frappe.core.doctype.scheduled_job_type.scheduled_job_type.run_scheduled_jo..., site='your-site-name.localhost', user='Administrator') job in 0:00:00.268740s on worker f800c15beb474a89ab3b5cf66fe85bac
2026-09-22 15:00:01,179 home-makara-frappe-bench:default: Job OK (your-site-name.localhost||scheduled_job||51ujdm2d34)
2026-09-22 15:00:01,179 Result is kept for 600 seconds
2026-09-22 15:00:01,185 home-makara-frappe-bench:default: frappe.utils.background_jobs.execute_job(event=None, is_async=True, job_name='frappe.core.doctype.scheduled_job_type.scheduled_job_type.run_scheduled_jo..., kwargs={'job_type': 'frappe.model.utils.link_count.update_link_count', 'scheduled_..., method='frappe.core.doctype.scheduled_job_type.scheduled_job_type.run_scheduled_jo..., site='your-site-name.localhost', user='Administrator') (your-site-name.localhost||scheduled_job||51utqpe235)
2026-09-22 15:00:01,480 Successfully completed frappe.utils.background_jobs.execute_job(event=None, is_async=True, job_name='frappe.core.doctype.scheduled_job_type.scheduled_job_type.run_scheduled_jo..., kwargs={'job_type': 'frappe.model.utils.link_count.update_link_count', 'scheduled_..., method='frappe.core.doctype.scheduled_job_type.scheduled_job_type.run_scheduled_jo..., site='your-site-name.localhost', user='Administrator') job in 0:00:00.285318s on worker f800c15beb474a89ab3b5cf66fe85bac
2026-09-22 15:00:01,482 home-makara-frappe-bench:default: Job OK (your-site-name.localhost||scheduled_job||51utqpe235)
2026-09-22 15:00:01,482 Result is kept for 600 seconds
2026-09-22 15:00:01,490 home-makara-frappe-bench:default: frappe.utils.background_jobs.execute_job(event=None, is_async=True, job_name='frappe.core.doctype.scheduled_job_type.scheduled_job_type.run_scheduled_jo..., kwargs={'job_type': 'frappe.monitor.flush', 'scheduled_job_type': '51u5l2o9pg'}, method='frappe.core.doctype.scheduled_job_type.scheduled_job_type.run_scheduled_jo..., site='your-site-name.localhost', user='Administrator') (your-site-name.localhost||scheduled_job||51u5l2o9pg)
2026-09-22 15:00:01,771 Successfully completed frappe.utils.background_jobs.execute_job(event=None, is_async=True, job_name='frappe.core.doctype.scheduled_job_type.scheduled_job_type.run_scheduled_jo..., kwargs={'job_type': 'frappe.monitor.flush', 'scheduled_job_type': '51u5l2o9pg'}, method='frappe.core.doctype.scheduled_job_type.scheduled_job_type.run_scheduled_jo..., site='your-site-name.localhost', user='Administrator') job in 0:00:00.274797s on worker f800c15beb474a89ab3b5cf66fe85bac
2026-09-22 15:00:01,771 home-makara-frappe-bench:default: Job OK (your-site-name.localhost||scheduled_job||51u5l2o9pg)
2026-09-22 15:00:01,772 Result is kept for 600 seconds
2026-09-22 15:00:01,779 home-makara-frappe-bench:default: frappe.utils.background_jobs.execute_job(event=None, is_async=True, job_name='frappe.core.doctype.scheduled_job_type.scheduled_job_type.run_scheduled_jo..., kwargs={'job_type': 'frappe.email.doctype.email_account.email_account.notify_unrep..., method='frappe.core.doctype.scheduled_job_type.scheduled_job_type.run_scheduled_jo..., site='your-site-name.localhost', user='Administrator') (your-site-name.localhost||scheduled_job||51utl79ueh)
2026-09-22 15:00:02,070 Successfully completed frappe.utils.background_jobs.execute_job(event=None, is_async=True, job_name='frappe.core.doctype.scheduled_job_type.scheduled_job_type.run_scheduled_jo..., kwargs={'job_type': 'frappe.email.doctype.email_account.email_account.notify_unrep..., method='frappe.core.doctype.scheduled_job_type.scheduled_job_type.run_scheduled_jo..., site='your-site-name.localhost', user='Administrator') job in 0:00:00.285230s on worker f800c15beb474a89ab3b5cf66fe85bac
2026-09-22 15:00:02,071 home-makara-frappe-bench:default: Job OK (your-site-name.localhost||scheduled_job||51utl79ueh)
2026-09-22 15:00:02,071 Result is kept for 600 seconds
2026-09-22 15:00:02,078 home-makara-frappe-bench:default: frappe.utils.background_jobs.execute_job(event=None, is_async=True, job_name='frappe.core.doctype.scheduled_job_type.scheduled_job_type.run_scheduled_jo..., kwargs={'job_type': 'frappe.automation_engine.drainer.drain_due', 'scheduled_job_t..., method='frappe.core.doctype.scheduled_job_type.scheduled_job_type.run_scheduled_jo..., site='your-site-name.localhost', user='Administrator') (your-site-name.localhost||scheduled_job||51u0dpk9ai)
2026-09-22 15:00:02,359 Successfully completed frappe.utils.background_jobs.execute_job(event=None, is_async=True, job_name='frappe.core.doctype.scheduled_job_type.scheduled_job_type.run_scheduled_jo..., kwargs={'job_type': 'frappe.automation_engine.drainer.drain_due', 'scheduled_job_t..., method='frappe.core.doctype.scheduled_job_type.scheduled_job_type.run_scheduled_jo..., site='your-site-name.localhost', user='Administrator') job in 0:00:00.274093s on worker f800c15beb474a89ab3b5cf66fe85bac
2026-09-22 15:00:02,359 home-makara-frappe-bench:default: Job OK (your-site-name.localhost||scheduled_job||51u0dpk9ai)
2026-09-22 15:00:02,359 Result is kept for 600 seconds
2026-09-22 15:00:02,366 home-makara-frappe-bench:default: frappe.utils.background_jobs.execute_job(event=None, is_async=True, job_name='frappe.core.doctype.scheduled_job_type.scheduled_job_type.run_scheduled_jo..., kwargs={'job_type': 'frappe.email.doctype.email_account.email_account.pull', 'sche..., method='frappe.core.doctype.scheduled_job_type.scheduled_job_type.run_scheduled_jo..., site='your-site-name.localhost', user='Administrator') (your-site-name.localhost||scheduled_job||51u4simu78)
2026-09-22 15:00:02,674 Successfully completed frappe.utils.background_jobs.execute_job(event=None, is_async=True, job_name='frappe.core.doctype.scheduled_job_type.scheduled_job_type.run_scheduled_jo..., kwargs={'job_type': 'frappe.email.doctype.email_account.email_account.pull', 'sche..., method='frappe.core.doctype.scheduled_job_type.scheduled_job_type.run_scheduled_jo..., site='your-site-name.localhost', user='Administrator') job in 0:00:00.301630s on worker f800c15beb474a89ab3b5cf66fe85bac
2026-09-22 15:00:02,675 home-makara-frappe-bench:default: Job OK (your-site-name.localhost||scheduled_job||51u4simu78)
2026-09-22 15:00:02,675 Result is kept for 600 seconds
2026-09-22 15:00:02,681 home-makara-frappe-bench:default: frappe.utils.background_jobs.execute_job(event=None, is_async=True, job_name='frappe.core.doctype.scheduled_job_type.scheduled_job_type.run_scheduled_jo..., kwargs={'job_type': 'frappe.search.sqlite_search.index_docs_in_queue', 'scheduled_..., method='frappe.core.doctype.scheduled_job_type.scheduled_job_type.run_scheduled_jo..., site='your-site-name.localhost', user='Administrator') (your-site-name.localhost||scheduled_job||51ubu6l9cg)
2026-09-22 15:00:02,961 Successfully completed frappe.utils.background_jobs.execute_job(event=None, is_async=True, job_name='frappe.core.doctype.scheduled_job_type.scheduled_job_type.run_scheduled_jo..., kwargs={'job_type': 'frappe.search.sqlite_search.index_docs_in_queue', 'scheduled_..., method='frappe.core.doctype.scheduled_job_type.scheduled_job_type.run_scheduled_jo..., site='your-site-name.localhost', user='Administrator') job in 0:00:00.272957s on worker f800c15beb474a89ab3b5cf66fe85bac
2026-09-22 15:00:02,961 home-makara-frappe-bench:default: Job OK (your-site-name.localhost||scheduled_job||51ubu6l9cg)
2026-09-22 15:00:02,961 Result is kept for 600 seconds
2026-09-22 15:00:02,969 home-makara-frappe-bench:default: frappe.utils.background_jobs.execute_job(event=None, is_async=True, job_name='frappe.core.doctype.scheduled_job_type.scheduled_job_type.run_scheduled_jo..., kwargs={'job_type': 'frappe.utils.global_search.sync_global_search', 'scheduled_jo..., method='frappe.core.doctype.scheduled_job_type.scheduled_job_type.run_scheduled_jo..., site='your-site-name.localhost', user='Administrator') (your-site-name.localhost||scheduled_job||51ul1o6qkh)
2026-09-22 15:00:03,256 Successfully completed frappe.utils.background_jobs.execute_job(event=None, is_async=True, job_name='frappe.core.doctype.scheduled_job_type.scheduled_job_type.run_scheduled_jo..., kwargs={'job_type': 'frappe.utils.global_search.sync_global_search', 'scheduled_jo..., method='frappe.core.doctype.scheduled_job_type.scheduled_job_type.run_scheduled_jo..., site='your-site-name.localhost', user='Administrator') job in 0:00:00.281185s on worker f800c15beb474a89ab3b5cf66fe85bac
2026-09-22 15:00:03,256 home-makara-frappe-bench:default: Job OK (your-site-name.localhost||scheduled_job||51ul1o6qkh)
2026-09-22 15:00:03,256 Result is kept for 600 seconds
2026-09-22 15:00:03,263 home-makara-frappe-bench:default: frappe.utils.background_jobs.execute_job(event=None, is_async=True, job_name='frappe.core.doctype.scheduled_job_type.scheduled_job_type.run_scheduled_jo..., kwargs={'job_type': 'frappe.email.queue.flush', 'scheduled_job_type': '51um9eeecb'..., method='frappe.core.doctype.scheduled_job_type.scheduled_job_type.run_scheduled_jo..., site='your-site-name.localhost', user='Administrator') (your-site-name.localhost||scheduled_job||51um9eeecb)
2026-09-22 15:00:03,542 Successfully completed frappe.utils.background_jobs.execute_job(event=None, is_async=True, job_name='frappe.core.doctype.scheduled_job_type.scheduled_job_type.run_scheduled_jo..., kwargs={'job_type': 'frappe.email.queue.flush', 'scheduled_job_type': '51um9eeecb'..., method='frappe.core.doctype.scheduled_job_type.scheduled_job_type.run_scheduled_jo..., site='your-site-name.localhost', user='Administrator') job in 0:00:00.273216s on worker f800c15beb474a89ab3b5cf66fe85bac
2026-09-22 15:00:03,542 home-makara-frappe-bench:default: Job OK (your-site-name.localhost||scheduled_job||51um9eeecb)
2026-09-22 15:00:03,542 Result is kept for 600 seconds
2026-09-22 15:00:03,550 home-makara-frappe-bench:default: frappe.utils.background_jobs.execute_job(event=None, is_async=True, job_name='frappe.core.doctype.scheduled_job_type.scheduled_job_type.run_scheduled_jo..., kwargs={'job_type': 'frappe.email.queue.retry_sending_emails', 'scheduled_job_type..., method='frappe.core.doctype.scheduled_job_type.scheduled_job_type.run_scheduled_jo..., site='your-site-name.localhost', user='Administrator') (your-site-name.localhost||scheduled_job||51uv7phrm7)
2026-09-22 15:00:03,839 Successfully completed frappe.utils.background_jobs.execute_job(event=None, is_async=True, job_name='frappe.core.doctype.scheduled_job_type.scheduled_job_type.run_scheduled_jo..., kwargs={'job_type': 'frappe.email.queue.retry_sending_emails', 'scheduled_job_type..., method='frappe.core.doctype.scheduled_job_type.scheduled_job_type.run_scheduled_jo..., site='your-site-name.localhost', user='Administrator') job in 0:00:00.282731s on worker f800c15beb474a89ab3b5cf66fe85bac
2026-09-22 15:00:03,839 home-makara-frappe-bench:default: Job OK (your-site-name.localhost||scheduled_job||51uv7phrm7)
2026-09-22 15:00:03,839 Result is kept for 600 seconds
2026-09-22 15:00:03,846 home-makara-frappe-bench:default: frappe.utils.background_jobs.execute_job(event=None, is_async=True, job_name='frappe.core.doctype.scheduled_job_type.scheduled_job_type.run_scheduled_jo..., kwargs={'job_type': 'frappe.automation_engine.scheduler.process_cron', 'scheduled_..., method='frappe.core.doctype.scheduled_job_type.scheduled_job_type.run_scheduled_jo..., site='your-site-name.localhost', user='Administrator') (your-site-name.localhost||scheduled_job||51u6ep6oat)
2026-09-22 15:00:04,126 Successfully completed frappe.utils.background_jobs.execute_job(event=None, is_async=True, job_name='frappe.core.doctype.scheduled_job_type.scheduled_job_type.run_scheduled_jo..., kwargs={'job_type': 'frappe.automation_engine.scheduler.process_cron', 'scheduled_..., method='frappe.core.doctype.scheduled_job_type.scheduled_job_type.run_scheduled_jo..., site='your-site-name.localhost', user='Administrator') job in 0:00:00.273685s on worker f800c15beb474a89ab3b5cf66fe85bac
2026-09-22 15:00:04,126 home-makara-frappe-bench:default: Job OK (your-site-name.localhost||scheduled_job||51u6ep6oat)
2026-09-22 15:00:04,126 Result is kept for 600 seconds
2026-09-22 15:00:04,133 home-makara-frappe-bench:default: frappe.utils.background_jobs.execute_job(event=None, is_async=True, job_name='frappe.core.doctype.scheduled_job_type.scheduled_job_type.run_scheduled_jo..., kwargs={'job_type': 'frappe.automation.doctype.reminder.reminder.send_reminders', ..., method='frappe.core.doctype.scheduled_job_type.scheduled_job_type.run_scheduled_jo..., site='your-site-name.localhost', user='Administrator') (your-site-name.localhost||scheduled_job||51ujogtifi)
2026-09-22 15:00:04,399 Successfully completed frappe.utils.background_jobs.execute_job(event=None, is_async=True, job_name='frappe.core.doctype.scheduled_job_type.scheduled_job_type.run_scheduled_jo..., kwargs={'job_type': 'frappe.automation.doctype.reminder.reminder.send_reminders', ..., method='frappe.core.doctype.scheduled_job_type.scheduled_job_type.run_scheduled_jo..., site='your-site-name.localhost', user='Administrator') job in 0:00:00.259461s on worker f800c15beb474a89ab3b5cf66fe85bac
2026-09-22 15:00:04,399 home-makara-frappe-bench:default: Job OK (your-site-name.localhost||scheduled_job||51ujogtifi)
2026-09-22 15:00:04,399 Result is kept for 600 seconds
2026-09-22 15:00:04,406 home-makara-frappe-bench:default: frappe.utils.background_jobs.execute_job(event=None, is_async=True, job_name='frappe.core.doctype.scheduled_job_type.scheduled_job_type.run_scheduled_jo..., kwargs={'job_type': 'frappe.integrations.doctype.webhook.webhook.retry_failed_webh..., method='frappe.core.doctype.scheduled_job_type.scheduled_job_type.run_scheduled_jo..., site='your-site-name.localhost', user='Administrator') (your-site-name.localhost||scheduled_job||51ugekk04n)
2026-09-22 15:00:04,691 Successfully completed frappe.utils.background_jobs.execute_job(event=None, is_async=True, job_name='frappe.core.doctype.scheduled_job_type.scheduled_job_type.run_scheduled_jo..., kwargs={'job_type': 'frappe.integrations.doctype.webhook.webhook.retry_failed_webh..., method='frappe.core.doctype.scheduled_job_type.scheduled_job_type.run_scheduled_jo..., site='your-site-name.localhost', user='Administrator') job in 0:00:00.279012s on worker f800c15beb474a89ab3b5cf66fe85bac
2026-09-22 15:00:04,691 home-makara-frappe-bench:default: Job OK (your-site-name.localhost||scheduled_job||51ugekk04n)
2026-09-22 15:00:04,691 Result is kept for 600 seconds
2026-09-22 15:00:04,698 home-makara-frappe-bench:default: frappe.utils.background_jobs.execute_job(event=None, is_async=True, job_name='frappe.core.doctype.scheduled_job_type.scheduled_job_type.run_scheduled_jo..., kwargs={'job_type': 'frappe.automation_engine.scheduler.process_date_based', 'sche..., method='frappe.core.doctype.scheduled_job_type.scheduled_job_type.run_scheduled_jo..., site='your-site-name.localhost', user='Administrator') (your-site-name.localhost||scheduled_job||51u4fqnc3o)
2026-09-22 15:00:04,995 Successfully completed frappe.utils.background_jobs.execute_job(event=None, is_async=True, job_name='frappe.core.doctype.scheduled_job_type.scheduled_job_type.run_scheduled_jo..., kwargs={'job_type': 'frappe.automation_engine.scheduler.process_date_based', 'sche..., method='frappe.core.doctype.scheduled_job_type.scheduled_job_type.run_scheduled_jo..., site='your-site-name.localhost', user='Administrator') job in 0:00:00.291314s on worker f800c15beb474a89ab3b5cf66fe85bac
2026-09-22 15:00:04,996 home-makara-frappe-bench:default: Job OK (your-site-name.localhost||scheduled_job||51u4fqnc3o)
2026-09-22 15:00:04,996 Result is kept for 600 seconds
2026-09-22 15:00:05,003 home-makara-frappe-bench:default: frappe.utils.background_jobs.execute_job(event=None, is_async=True, job_name='frappe.core.doctype.scheduled_job_type.scheduled_job_type.run_scheduled_jo..., kwargs={'job_type': 'frappe.search.sqlite_search.build_index_if_not_exists', 'sche..., method='frappe.core.doctype.scheduled_job_type.scheduled_job_type.run_scheduled_jo..., site='your-site-name.localhost', user='Administrator') (your-site-name.localhost||scheduled_job||51uph3fnmd)
2026-09-22 15:00:05,279 Successfully completed frappe.utils.background_jobs.execute_job(event=None, is_async=True, job_name='frappe.core.doctype.scheduled_job_type.scheduled_job_type.run_scheduled_jo..., kwargs={'job_type': 'frappe.search.sqlite_search.build_index_if_not_exists', 'sche..., method='frappe.core.doctype.scheduled_job_type.scheduled_job_type.run_scheduled_jo..., site='your-site-name.localhost', user='Administrator') job in 0:00:00.269697s on worker f800c15beb474a89ab3b5cf66fe85bac
2026-09-22 15:00:05,279 home-makara-frappe-bench:default: Job OK (your-site-name.localhost||scheduled_job||51uph3fnmd)
2026-09-22 15:00:05,279 Result is kept for 600 seconds
2026-09-22 15:00:05,286 home-makara-frappe-bench:default: frappe.utils.background_jobs.execute_job(event=None, is_async=True, job_name='frappe.core.doctype.scheduled_job_type.scheduled_job_type.run_scheduled_jo..., kwargs={'job_type': 'frappe.utils.telemetry.pulse.client.send_queued_events', 'sch..., method='frappe.core.doctype.scheduled_job_type.scheduled_job_type.run_scheduled_jo..., site='your-site-name.localhost', user='Administrator') (your-site-name.localhost||scheduled_job||51ub742nv9)
2026-09-22 15:00:05,568 Successfully completed frappe.utils.background_jobs.execute_job(event=None, is_async=True, job_name='frappe.core.doctype.scheduled_job_type.scheduled_job_type.run_scheduled_jo..., kwargs={'job_type': 'frappe.utils.telemetry.pulse.client.send_queued_events', 'sch..., method='frappe.core.doctype.scheduled_job_type.scheduled_job_type.run_scheduled_jo..., site='your-site-name.localhost', user='Administrator') job in 0:00:00.275207s on worker f800c15beb474a89ab3b5cf66fe85bac
2026-09-22 15:00:05,568 home-makara-frappe-bench:default: Job OK (your-site-name.localhost||scheduled_job||51ub742nv9)
2026-09-22 15:00:05,568 Result is kept for 600 seconds
2026-09-22 15:00:05,575 home-makara-frappe-bench:default: frappe.utils.background_jobs.execute_job(event=None, is_async=True, job_name='frappe.core.doctype.scheduled_job_type.scheduled_job_type.run_scheduled_jo..., kwargs={'job_type': 'frappe.integrations.doctype.google_calendar.google_calendar.s..., method='frappe.core.doctype.scheduled_job_type.scheduled_job_type.run_scheduled_jo..., site='your-site-name.localhost', user='Administrator') (your-site-name.localhost||scheduled_job||51u2s8slv0)
2026-09-22 15:00:05,847 Successfully completed frappe.utils.background_jobs.execute_job(event=None, is_async=True, job_name='frappe.core.doctype.scheduled_job_type.scheduled_job_type.run_scheduled_jo..., kwargs={'job_type': 'frappe.integrations.doctype.google_calendar.google_calendar.s..., method='frappe.core.doctype.scheduled_job_type.scheduled_job_type.run_scheduled_jo..., site='your-site-name.localhost', user='Administrator') job in 0:00:00.265938s on worker f800c15beb474a89ab3b5cf66fe85bac
2026-09-22 15:00:05,847 home-makara-frappe-bench:default: Job OK (your-site-name.localhost||scheduled_job||51u2s8slv0)
2026-09-22 15:00:05,848 Result is kept for 600 seconds
2026-09-22 15:00:05,854 home-makara-frappe-bench:long: frappe.utils.background_jobs.execute_job(event=None, is_async=True, job_name='frappe.core.doctype.scheduled_job_type.scheduled_job_type.run_scheduled_jo..., kwargs={'job_type': 'frappe.oauth.delete_oauth2_data', 'scheduled_job_type': '51up..., method='frappe.core.doctype.scheduled_job_type.scheduled_job_type.run_scheduled_jo..., site='your-site-name.localhost', user='Administrator') (your-site-name.localhost||scheduled_job||51up6djr17)
2026-09-22 15:00:06,168 Successfully completed frappe.utils.background_jobs.execute_job(event=None, is_async=True, job_name='frappe.core.doctype.scheduled_job_type.scheduled_job_type.run_scheduled_jo..., kwargs={'job_type': 'frappe.oauth.delete_oauth2_data', 'scheduled_job_type': '51up..., method='frappe.core.doctype.scheduled_job_type.scheduled_job_type.run_scheduled_jo..., site='your-site-name.localhost', user='Administrator') job in 0:00:00.307697s on worker f800c15beb474a89ab3b5cf66fe85bac
2026-09-22 15:00:06,168 home-makara-frappe-bench:long: Job OK (your-site-name.localhost||scheduled_job||51up6djr17)
2026-09-22 15:00:06,168 Result is kept for 600 seconds
2026-09-22 15:00:06,175 home-makara-frappe-bench:long: frappe.utils.background_jobs.execute_job(event=None, is_async=True, job_name='frappe.core.doctype.scheduled_job_type.scheduled_job_type.run_scheduled_jo..., kwargs={'job_type': 'frappe.desk.page.backups.backups.delete_downloadable_backups'..., method='frappe.core.doctype.scheduled_job_type.scheduled_job_type.run_scheduled_jo..., site='your-site-name.localhost', user='Administrator') (your-site-name.localhost||scheduled_job||51u294fn7o)
2026-09-22 15:00:06,450 Successfully completed frappe.utils.background_jobs.execute_job(event=None, is_async=True, job_name='frappe.core.doctype.scheduled_job_type.scheduled_job_type.run_scheduled_jo..., kwargs={'job_type': 'frappe.desk.page.backups.backups.delete_downloadable_backups'..., method='frappe.core.doctype.scheduled_job_type.scheduled_job_type.run_scheduled_jo..., site='your-site-name.localhost', user='Administrator') job in 0:00:00.269390s on worker f800c15beb474a89ab3b5cf66fe85bac
2026-09-22 15:00:06,451 home-makara-frappe-bench:long: Job OK (your-site-name.localhost||scheduled_job||51u294fn7o)
2026-09-22 15:00:06,451 Result is kept for 600 seconds
2026-09-22 15:00:06,457 home-makara-frappe-bench:long: frappe.utils.background_jobs.execute_job(event=None, is_async=True, job_name='frappe.core.doctype.scheduled_job_type.scheduled_job_type.run_scheduled_jo..., kwargs={'job_type': 'frappe.desk.form.document_follow.send_hourly_updates', 'sched..., method='frappe.core.doctype.scheduled_job_type.scheduled_job_type.run_scheduled_jo..., site='your-site-name.localhost', user='Administrator') (your-site-name.localhost||scheduled_job||51u2gsb445)
2026-09-22 15:00:06,745 Successfully completed frappe.utils.background_jobs.execute_job(event=None, is_async=True, job_name='frappe.core.doctype.scheduled_job_type.scheduled_job_type.run_scheduled_jo..., kwargs={'job_type': 'frappe.desk.form.document_follow.send_hourly_updates', 'sched..., method='frappe.core.doctype.scheduled_job_type.scheduled_job_type.run_scheduled_jo..., site='your-site-name.localhost', user='Administrator') job in 0:00:00.282040s on worker f800c15beb474a89ab3b5cf66fe85bac
2026-09-22 15:00:06,745 home-makara-frappe-bench:long: Job OK (your-site-name.localhost||scheduled_job||51u2gsb445)
2026-09-22 15:00:06,745 Result is kept for 600 seconds
2026-09-22 15:00:06,753 home-makara-frappe-bench:long: frappe.utils.background_jobs.execute_job(event=None, is_async=True, job_name='frappe.core.doctype.scheduled_job_type.scheduled_job_type.run_scheduled_jo..., kwargs={'job_type': 'frappe.website.doctype.personal_data_deletion_request.persona..., method='frappe.core.doctype.scheduled_job_type.scheduled_job_type.run_scheduled_jo..., site='your-site-name.localhost', user='Administrator') (your-site-name.localhost||scheduled_job||51urrhaejr)
2026-09-22 15:00:07,046 Successfully completed frappe.utils.background_jobs.execute_job(event=None, is_async=True, job_name='frappe.core.doctype.scheduled_job_type.scheduled_job_type.run_scheduled_jo..., kwargs={'job_type': 'frappe.website.doctype.personal_data_deletion_request.persona..., method='frappe.core.doctype.scheduled_job_type.scheduled_job_type.run_scheduled_jo..., site='your-site-name.localhost', user='Administrator') job in 0:00:00.286941s on worker f800c15beb474a89ab3b5cf66fe85bac
2026-09-22 15:00:07,046 home-makara-frappe-bench:long: Job OK (your-site-name.localhost||scheduled_job||51urrhaejr)
2026-09-22 15:00:07,046 Result is kept for 600 seconds
2026-09-22 15:00:07,054 home-makara-frappe-bench:long: frappe.utils.background_jobs.execute_job(event=None, is_async=True, job_name='frappe.core.doctype.scheduled_job_type.scheduled_job_type.run_scheduled_jo..., kwargs={'job_type': 'frappe.website.doctype.web_page.web_page.check_publish_status..., method='frappe.core.doctype.scheduled_job_type.scheduled_job_type.run_scheduled_jo..., site='your-site-name.localhost', user='Administrator') (your-site-name.localhost||scheduled_job||51ulukm94n)
2026-09-22 15:00:07,374 Successfully completed frappe.utils.background_jobs.execute_job(event=None, is_async=True, job_name='frappe.core.doctype.scheduled_job_type.scheduled_job_type.run_scheduled_jo..., kwargs={'job_type': 'frappe.website.doctype.web_page.web_page.check_publish_status..., method='frappe.core.doctype.scheduled_job_type.scheduled_job_type.run_scheduled_jo..., site='your-site-name.localhost', user='Administrator') job in 0:00:00.313139s on worker f800c15beb474a89ab3b5cf66fe85bac
2026-09-22 15:00:07,374 home-makara-frappe-bench:long: Job OK (your-site-name.localhost||scheduled_job||51ulukm94n)
2026-09-22 15:00:07,374 Result is kept for 600 seconds
2026-09-22 15:00:07,381 home-makara-frappe-bench:long: frappe.utils.background_jobs.execute_job(event=None, is_async=True, job_name='frappe.core.doctype.scheduled_job_type.scheduled_job_type.run_scheduled_jo..., kwargs={'job_type': 'frappe.core.doctype.prepared_report.prepared_report.expire_st..., method='frappe.core.doctype.scheduled_job_type.scheduled_job_type.run_scheduled_jo..., site='your-site-name.localhost', user='Administrator') (your-site-name.localhost||scheduled_job||51u450j6fg)
2026-09-22 15:00:07,693 Successfully completed frappe.utils.background_jobs.execute_job(event=None, is_async=True, job_name='frappe.core.doctype.scheduled_job_type.scheduled_job_type.run_scheduled_jo..., kwargs={'job_type': 'frappe.core.doctype.prepared_report.prepared_report.expire_st..., method='frappe.core.doctype.scheduled_job_type.scheduled_job_type.run_scheduled_jo..., site='your-site-name.localhost', user='Administrator') job in 0:00:00.305481s on worker f800c15beb474a89ab3b5cf66fe85bac
2026-09-22 15:00:07,693 home-makara-frappe-bench:long: Job OK (your-site-name.localhost||scheduled_job||51u450j6fg)
2026-09-22 15:00:07,693 Result is kept for 600 seconds
2026-09-22 15:00:07,700 home-makara-frappe-bench:long: frappe.utils.background_jobs.execute_job(event=None, is_async=True, job_name='frappe.core.doctype.scheduled_job_type.scheduled_job_type.run_scheduled_jo..., kwargs={'job_type': 'frappe.desk.utils.delete_old_exported_report_files', 'schedul..., method='frappe.core.doctype.scheduled_job_type.scheduled_job_type.run_scheduled_jo..., site='your-site-name.localhost', user='Administrator') (your-site-name.localhost||scheduled_job||51uejdm0v2)
2026-09-22 15:00:07,995 Successfully completed frappe.utils.background_jobs.execute_job(event=None, is_async=True, job_name='frappe.core.doctype.scheduled_job_type.scheduled_job_type.run_scheduled_jo..., kwargs={'job_type': 'frappe.desk.utils.delete_old_exported_report_files', 'schedul..., method='frappe.core.doctype.scheduled_job_type.scheduled_job_type.run_scheduled_jo..., site='your-site-name.localhost', user='Administrator') job in 0:00:00.288781s on worker f800c15beb474a89ab3b5cf66fe85bac
2026-09-22 15:00:07,996 home-makara-frappe-bench:long: Job OK (your-site-name.localhost||scheduled_job||51uejdm0v2)
2026-09-22 15:00:07,996 Result is kept for 600 seconds
2026-09-22 15:00:08,002 home-makara-frappe-bench:long: frappe.utils.background_jobs.execute_job(event=None, is_async=True, job_name='frappe.core.doctype.scheduled_job_type.scheduled_job_type.run_scheduled_jo..., kwargs={'job_type': 'frappe.twofactor.delete_all_barcodes_for_users', 'scheduled_j..., method='frappe.core.doctype.scheduled_job_type.scheduled_job_type.run_scheduled_jo..., site='your-site-name.localhost', user='Administrator') (your-site-name.localhost||scheduled_job||51uj9u8spk)
2026-09-22 15:00:08,308 Successfully completed frappe.utils.background_jobs.execute_job(event=None, is_async=True, job_name='frappe.core.doctype.scheduled_job_type.scheduled_job_type.run_scheduled_jo..., kwargs={'job_type': 'frappe.twofactor.delete_all_barcodes_for_users', 'scheduled_j..., method='frappe.core.doctype.scheduled_job_type.scheduled_job_type.run_scheduled_jo..., site='your-site-name.localhost', user='Administrator') job in 0:00:00.299693s on worker f800c15beb474a89ab3b5cf66fe85bac
2026-09-22 15:00:08,308 home-makara-frappe-bench:long: Job OK (your-site-name.localhost||scheduled_job||51uj9u8spk)
2026-09-22 15:00:08,308 Result is kept for 600 seconds
2026-09-22 15:03:26,552 home-makara-frappe-bench:default: frappe.utils.background_jobs.execute_job(event=None, is_async=True, job_name='frappe.model.delete_doc.delete_dynamic_links', kwargs={'doctype': 'Sidebar', 'name': 'Library'}, method='frappe.model.delete_doc.delete_dynamic_links', site='your-site-name.localhost', user='Administrator') (your-site-name.localhost||f548bf8c-53b6-408a-a501-5e66216fd200)
2026-09-22 15:03:26,898 Successfully completed frappe.utils.background_jobs.execute_job(event=None, is_async=True, job_name='frappe.model.delete_doc.delete_dynamic_links', kwargs={'doctype': 'Sidebar', 'name': 'Library'}, method='frappe.model.delete_doc.delete_dynamic_links', site='your-site-name.localhost', user='Administrator') job in 0:00:00.331996s on worker f800c15beb474a89ab3b5cf66fe85bac
2026-09-22 15:03:26,898 home-makara-frappe-bench:default: Job OK (your-site-name.localhost||f548bf8c-53b6-408a-a501-5e66216fd200)
2026-09-22 15:03:26,898 Result is kept for 600 seconds
2026-09-22 15:04:00,307 home-makara-frappe-bench:default: frappe.utils.background_jobs.execute_job(event=None, is_async=True, job_name='frappe.core.doctype.scheduled_job_type.scheduled_job_type.run_scheduled_jo..., kwargs={'job_type': 'frappe.monitor.flush', 'scheduled_job_type': '51u5l2o9pg'}, method='frappe.core.doctype.scheduled_job_type.scheduled_job_type.run_scheduled_jo..., site='your-site-name.localhost', user='Administrator') (your-site-name.localhost||scheduled_job||51u5l2o9pg)
2026-09-22 15:04:00,664 Successfully completed frappe.utils.background_jobs.execute_job(event=None, is_async=True, job_name='frappe.core.doctype.scheduled_job_type.scheduled_job_type.run_scheduled_jo..., kwargs={'job_type': 'frappe.monitor.flush', 'scheduled_job_type': '51u5l2o9pg'}, method='frappe.core.doctype.scheduled_job_type.scheduled_job_type.run_scheduled_jo..., site='your-site-name.localhost', user='Administrator') job in 0:00:00.349999s on worker f800c15beb474a89ab3b5cf66fe85bac
2026-09-22 15:04:00,664 home-makara-frappe-bench:default: Job OK (your-site-name.localhost||scheduled_job||51u5l2o9pg)
2026-09-22 15:04:00,664 Result is kept for 600 seconds
2026-09-22 15:04:00,675 home-makara-frappe-bench:default: frappe.utils.background_jobs.execute_job(event=None, is_async=True, job_name='frappe.core.doctype.scheduled_job_type.scheduled_job_type.run_scheduled_jo..., kwargs={'job_type': 'frappe.email.queue.flush', 'scheduled_job_type': '51um9eeecb'..., method='frappe.core.doctype.scheduled_job_type.scheduled_job_type.run_scheduled_jo..., site='your-site-name.localhost', user='Administrator') (your-site-name.localhost||scheduled_job||51um9eeecb)
2026-09-22 15:04:01,082 Successfully completed frappe.utils.background_jobs.execute_job(event=None, is_async=True, job_name='frappe.core.doctype.scheduled_job_type.scheduled_job_type.run_scheduled_jo..., kwargs={'job_type': 'frappe.email.queue.flush', 'scheduled_job_type': '51um9eeecb'..., method='frappe.core.doctype.scheduled_job_type.scheduled_job_type.run_scheduled_jo..., site='your-site-name.localhost', user='Administrator') job in 0:00:00.397962s on worker f800c15beb474a89ab3b5cf66fe85bac
2026-09-22 15:04:01,082 home-makara-frappe-bench:default: Job OK (your-site-name.localhost||scheduled_job||51um9eeecb)
2026-09-22 15:04:01,082 Result is kept for 600 seconds
2026-09-22 15:04:01,090 home-makara-frappe-bench:default: frappe.utils.background_jobs.execute_job(event=None, is_async=True, job_name='frappe.core.doctype.scheduled_job_type.scheduled_job_type.run_scheduled_jo..., kwargs={'job_type': 'frappe.integrations.doctype.google_calendar.google_calendar.s..., method='frappe.core.doctype.scheduled_job_type.scheduled_job_type.run_scheduled_jo..., site='your-site-name.localhost', user='Administrator') (your-site-name.localhost||scheduled_job||51u2s8slv0)
2026-09-22 15:04:01,387 Successfully completed frappe.utils.background_jobs.execute_job(event=None, is_async=True, job_name='frappe.core.doctype.scheduled_job_type.scheduled_job_type.run_scheduled_jo..., kwargs={'job_type': 'frappe.integrations.doctype.google_calendar.google_calendar.s..., method='frappe.core.doctype.scheduled_job_type.scheduled_job_type.run_scheduled_jo..., site='your-site-name.localhost', user='Administrator') job in 0:00:00.287047s on worker f800c15beb474a89ab3b5cf66fe85bac
2026-09-22 15:04:01,387 home-makara-frappe-bench:default: Job OK (your-site-name.localhost||scheduled_job||51u2s8slv0)
2026-09-22 15:04:01,388 Result is kept for 600 seconds
2026-09-22 15:04:01,395 home-makara-frappe-bench:default: frappe.utils.background_jobs.execute_job(event=None, is_async=True, job_name='frappe.core.doctype.scheduled_job_type.scheduled_job_type.run_scheduled_jo..., kwargs={'job_type': 'frappe.email.queue.retry_sending_emails', 'scheduled_job_type..., method='frappe.core.doctype.scheduled_job_type.scheduled_job_type.run_scheduled_jo..., site='your-site-name.localhost', user='Administrator') (your-site-name.localhost||scheduled_job||51uv7phrm7)
2026-09-22 15:04:01,718 Successfully completed frappe.utils.background_jobs.execute_job(event=None, is_async=True, job_name='frappe.core.doctype.scheduled_job_type.scheduled_job_type.run_scheduled_jo..., kwargs={'job_type': 'frappe.email.queue.retry_sending_emails', 'scheduled_job_type..., method='frappe.core.doctype.scheduled_job_type.scheduled_job_type.run_scheduled_jo..., site='your-site-name.localhost', user='Administrator') job in 0:00:00.314968s on worker f800c15beb474a89ab3b5cf66fe85bac
2026-09-22 15:04:01,718 home-makara-frappe-bench:default: Job OK (your-site-name.localhost||scheduled_job||51uv7phrm7)
2026-09-22 15:04:01,718 Result is kept for 600 seconds
2026-09-22 15:08:00,346 home-makara-frappe-bench:default: frappe.utils.background_jobs.execute_job(event=None, is_async=True, job_name='frappe.core.doctype.scheduled_job_type.scheduled_job_type.run_scheduled_jo..., kwargs={'job_type': 'frappe.email.doctype.notification.notification.trigger_offset..., method='frappe.core.doctype.scheduled_job_type.scheduled_job_type.run_scheduled_jo..., site='your-site-name.localhost', user='Administrator') (your-site-name.localhost||scheduled_job||51ujdm2d34)
2026-09-22 15:08:00,666 Successfully completed frappe.utils.background_jobs.execute_job(event=None, is_async=True, job_name='frappe.core.doctype.scheduled_job_type.scheduled_job_type.run_scheduled_jo..., kwargs={'job_type': 'frappe.email.doctype.notification.notification.trigger_offset..., method='frappe.core.doctype.scheduled_job_type.scheduled_job_type.run_scheduled_jo..., site='your-site-name.localhost', user='Administrator') job in 0:00:00.309993s on worker f800c15beb474a89ab3b5cf66fe85bac
2026-09-22 15:08:00,666 home-makara-frappe-bench:default: Job OK (your-site-name.localhost||scheduled_job||51ujdm2d34)
2026-09-22 15:08:00,666 Result is kept for 600 seconds
2026-09-22 15:08:00,673 home-makara-frappe-bench:default: frappe.utils.background_jobs.execute_job(event=None, is_async=True, job_name='frappe.core.doctype.scheduled_job_type.scheduled_job_type.run_scheduled_jo..., kwargs={'job_type': 'frappe.automation_engine.drainer.drain_due', 'scheduled_job_t..., method='frappe.core.doctype.scheduled_job_type.scheduled_job_type.run_scheduled_jo..., site='your-site-name.localhost', user='Administrator') (your-site-name.localhost||scheduled_job||51u0dpk9ai)
2026-09-22 15:08:00,957 Successfully completed frappe.utils.background_jobs.execute_job(event=None, is_async=True, job_name='frappe.core.doctype.scheduled_job_type.scheduled_job_type.run_scheduled_jo..., kwargs={'job_type': 'frappe.automation_engine.drainer.drain_due', 'scheduled_job_t..., method='frappe.core.doctype.scheduled_job_type.scheduled_job_type.run_scheduled_jo..., site='your-site-name.localhost', user='Administrator') job in 0:00:00.278113s on worker f800c15beb474a89ab3b5cf66fe85bac
2026-09-22 15:08:00,957 home-makara-frappe-bench:default: Job OK (your-site-name.localhost||scheduled_job||51u0dpk9ai)
2026-09-22 15:08:00,957 Result is kept for 600 seconds
2026-09-22 15:08:00,964 home-makara-frappe-bench:default: frappe.utils.background_jobs.execute_job(event=None, is_async=True, job_name='frappe.core.doctype.scheduled_job_type.scheduled_job_type.run_scheduled_jo..., kwargs={'job_type': 'frappe.monitor.flush', 'scheduled_job_type': '51u5l2o9pg'}, method='frappe.core.doctype.scheduled_job_type.scheduled_job_type.run_scheduled_jo..., site='your-site-name.localhost', user='Administrator') (your-site-name.localhost||scheduled_job||51u5l2o9pg)
2026-09-22 15:08:01,305 Successfully completed frappe.utils.background_jobs.execute_job(event=None, is_async=True, job_name='frappe.core.doctype.scheduled_job_type.scheduled_job_type.run_scheduled_jo..., kwargs={'job_type': 'frappe.monitor.flush', 'scheduled_job_type': '51u5l2o9pg'}, method='frappe.core.doctype.scheduled_job_type.scheduled_job_type.run_scheduled_jo..., site='your-site-name.localhost', user='Administrator') job in 0:00:00.333847s on worker f800c15beb474a89ab3b5cf66fe85bac
2026-09-22 15:08:01,305 home-makara-frappe-bench:default: Job OK (your-site-name.localhost||scheduled_job||51u5l2o9pg)
2026-09-22 15:08:01,305 Result is kept for 600 seconds
2026-09-22 15:08:01,312 home-makara-frappe-bench:default: frappe.utils.background_jobs.execute_job(event=None, is_async=True, job_name='frappe.core.doctype.scheduled_job_type.scheduled_job_type.run_scheduled_jo..., kwargs={'job_type': 'frappe.integrations.doctype.webhook.webhook.retry_failed_webh..., method='frappe.core.doctype.scheduled_job_type.scheduled_job_type.run_scheduled_jo..., site='your-site-name.localhost', user='Administrator') (your-site-name.localhost||scheduled_job||51ugekk04n)
2026-09-22 15:08:01,598 Successfully completed frappe.utils.background_jobs.execute_job(event=None, is_async=True, job_name='frappe.core.doctype.scheduled_job_type.scheduled_job_type.run_scheduled_jo..., kwargs={'job_type': 'frappe.integrations.doctype.webhook.webhook.retry_failed_webh..., method='frappe.core.doctype.scheduled_job_type.scheduled_job_type.run_scheduled_jo..., site='your-site-name.localhost', user='Administrator') job in 0:00:00.279457s on worker f800c15beb474a89ab3b5cf66fe85bac
2026-09-22 15:08:01,598 home-makara-frappe-bench:default: Job OK (your-site-name.localhost||scheduled_job||51ugekk04n)
2026-09-22 15:08:01,598 Result is kept for 600 seconds
2026-09-22 15:08:01,605 home-makara-frappe-bench:default: frappe.utils.background_jobs.execute_job(event=None, is_async=True, job_name='frappe.core.doctype.scheduled_job_type.scheduled_job_type.run_scheduled_jo..., kwargs={'job_type': 'frappe.search.sqlite_search.index_docs_in_queue', 'scheduled_..., method='frappe.core.doctype.scheduled_job_type.scheduled_job_type.run_scheduled_jo..., site='your-site-name.localhost', user='Administrator') (your-site-name.localhost||scheduled_job||51ubu6l9cg)
2026-09-22 15:08:01,890 Successfully completed frappe.utils.background_jobs.execute_job(event=None, is_async=True, job_name='frappe.core.doctype.scheduled_job_type.scheduled_job_type.run_scheduled_jo..., kwargs={'job_type': 'frappe.search.sqlite_search.index_docs_in_queue', 'scheduled_..., method='frappe.core.doctype.scheduled_job_type.scheduled_job_type.run_scheduled_jo..., site='your-site-name.localhost', user='Administrator') job in 0:00:00.278040s on worker f800c15beb474a89ab3b5cf66fe85bac
2026-09-22 15:08:01,890 home-makara-frappe-bench:default: Job OK (your-site-name.localhost||scheduled_job||51ubu6l9cg)
2026-09-22 15:08:01,890 Result is kept for 600 seconds
2026-09-22 15:08:01,895 home-makara-frappe-bench:default: frappe.utils.background_jobs.execute_job(event=None, is_async=True, job_name='frappe.core.doctype.scheduled_job_type.scheduled_job_type.run_scheduled_jo..., kwargs={'job_type': 'frappe.email.queue.flush', 'scheduled_job_type': '51um9eeecb'..., method='frappe.core.doctype.scheduled_job_type.scheduled_job_type.run_scheduled_jo..., site='your-site-name.localhost', user='Administrator') (your-site-name.localhost||scheduled_job||51um9eeecb)
2026-09-22 15:08:02,285 Successfully completed frappe.utils.background_jobs.execute_job(event=None, is_async=True, job_name='frappe.core.doctype.scheduled_job_type.scheduled_job_type.run_scheduled_jo..., kwargs={'job_type': 'frappe.email.queue.flush', 'scheduled_job_type': '51um9eeecb'..., method='frappe.core.doctype.scheduled_job_type.scheduled_job_type.run_scheduled_jo..., site='your-site-name.localhost', user='Administrator') job in 0:00:00.381346s on worker f800c15beb474a89ab3b5cf66fe85bac
2026-09-22 15:08:02,285 home-makara-frappe-bench:default: Job OK (your-site-name.localhost||scheduled_job||51um9eeecb)
2026-09-22 15:08:02,286 Result is kept for 600 seconds
2026-09-22 15:08:02,295 home-makara-frappe-bench:default: frappe.utils.background_jobs.execute_job(event=None, is_async=True, job_name='frappe.core.doctype.scheduled_job_type.scheduled_job_type.run_scheduled_jo..., kwargs={'job_type': 'frappe.email.queue.retry_sending_emails', 'scheduled_job_type..., method='frappe.core.doctype.scheduled_job_type.scheduled_job_type.run_scheduled_jo..., site='your-site-name.localhost', user='Administrator') (your-site-name.localhost||scheduled_job||51uv7phrm7)
2026-09-22 15:08:02,672 Successfully completed frappe.utils.background_jobs.execute_job(event=None, is_async=True, job_name='frappe.core.doctype.scheduled_job_type.scheduled_job_type.run_scheduled_jo..., kwargs={'job_type': 'frappe.email.queue.retry_sending_emails', 'scheduled_job_type..., method='frappe.core.doctype.scheduled_job_type.scheduled_job_type.run_scheduled_jo..., site='your-site-name.localhost', user='Administrator') job in 0:00:00.369119s on worker f800c15beb474a89ab3b5cf66fe85bac
2026-09-22 15:08:02,673 home-makara-frappe-bench:default: Job OK (your-site-name.localhost||scheduled_job||51uv7phrm7)
2026-09-22 15:08:02,673 Result is kept for 600 seconds
2026-09-22 15:08:02,684 home-makara-frappe-bench:default: frappe.utils.background_jobs.execute_job(event=None, is_async=True, job_name='frappe.core.doctype.scheduled_job_type.scheduled_job_type.run_scheduled_jo..., kwargs={'job_type': 'frappe.integrations.doctype.google_calendar.google_calendar.s..., method='frappe.core.doctype.scheduled_job_type.scheduled_job_type.run_scheduled_jo..., site='your-site-name.localhost', user='Administrator') (your-site-name.localhost||scheduled_job||51u2s8slv0)
2026-09-22 15:08:03,008 Successfully completed frappe.utils.background_jobs.execute_job(event=None, is_async=True, job_name='frappe.core.doctype.scheduled_job_type.scheduled_job_type.run_scheduled_jo..., kwargs={'job_type': 'frappe.integrations.doctype.google_calendar.google_calendar.s..., method='frappe.core.doctype.scheduled_job_type.scheduled_job_type.run_scheduled_jo..., site='your-site-name.localhost', user='Administrator') job in 0:00:00.315729s on worker f800c15beb474a89ab3b5cf66fe85bac
2026-09-22 15:08:03,008 home-makara-frappe-bench:default: Job OK (your-site-name.localhost||scheduled_job||51u2s8slv0)
2026-09-22 15:08:03,008 Result is kept for 600 seconds
2026-09-22 15:08:03,019 home-makara-frappe-bench:default: frappe.utils.background_jobs.execute_job(event=None, is_async=True, job_name='frappe.core.doctype.scheduled_job_type.scheduled_job_type.run_scheduled_jo..., kwargs={'job_type': 'frappe.automation_engine.scheduler.process_cron', 'scheduled_..., method='frappe.core.doctype.scheduled_job_type.scheduled_job_type.run_scheduled_jo..., site='your-site-name.localhost', user='Administrator') (your-site-name.localhost||scheduled_job||51u6ep6oat)
2026-09-22 15:08:03,377 Successfully completed frappe.utils.background_jobs.execute_job(event=None, is_async=True, job_name='frappe.core.doctype.scheduled_job_type.scheduled_job_type.run_scheduled_jo..., kwargs={'job_type': 'frappe.automation_engine.scheduler.process_cron', 'scheduled_..., method='frappe.core.doctype.scheduled_job_type.scheduled_job_type.run_scheduled_jo..., site='your-site-name.localhost', user='Administrator') job in 0:00:00.350123s on worker f800c15beb474a89ab3b5cf66fe85bac
2026-09-22 15:08:03,377 home-makara-frappe-bench:default: Job OK (your-site-name.localhost||scheduled_job||51u6ep6oat)
2026-09-22 15:08:03,378 Result is kept for 600 seconds
2026-09-22 15:12:00,462 home-makara-frappe-bench:default: frappe.utils.background_jobs.execute_job(event=None, is_async=True, job_name='frappe.core.doctype.scheduled_job_type.scheduled_job_type.run_scheduled_jo..., kwargs={'job_type': 'frappe.email.queue.retry_sending_emails', 'scheduled_job_type..., method='frappe.core.doctype.scheduled_job_type.scheduled_job_type.run_scheduled_jo..., site='your-site-name.localhost', user='Administrator') (your-site-name.localhost||scheduled_job||51uv7phrm7)
2026-09-22 15:12:02,439 Successfully completed frappe.utils.background_jobs.execute_job(event=None, is_async=True, job_name='frappe.core.doctype.scheduled_job_type.scheduled_job_type.run_scheduled_jo..., kwargs={'job_type': 'frappe.email.queue.retry_sending_emails', 'scheduled_job_type..., method='frappe.core.doctype.scheduled_job_type.scheduled_job_type.run_scheduled_jo..., site='your-site-name.localhost', user='Administrator') job in 0:00:01.816742s on worker f800c15beb474a89ab3b5cf66fe85bac
2026-09-22 15:12:02,439 home-makara-frappe-bench:default: Job OK (your-site-name.localhost||scheduled_job||51uv7phrm7)
2026-09-22 15:12:02,439 Result is kept for 600 seconds
2026-09-22 15:12:02,449 Worker f800c15beb474a89ab3b5cf66fe85bac: cleaning registries for queue: home-makara-frappe-bench:short
2026-09-22 15:12:02,453 Worker f800c15beb474a89ab3b5cf66fe85bac: cleaning registries for queue: home-makara-frappe-bench:default
2026-09-22 15:12:02,455 Worker f800c15beb474a89ab3b5cf66fe85bac: cleaning registries for queue: home-makara-frappe-bench:long
2026-09-22 15:12:02,456 home-makara-frappe-bench:default: frappe.utils.background_jobs.execute_job(event=None, is_async=True, job_name='frappe.core.doctype.scheduled_job_type.scheduled_job_type.run_scheduled_jo..., kwargs={'job_type': 'frappe.email.queue.flush', 'scheduled_job_type': '51um9eeecb'..., method='frappe.core.doctype.scheduled_job_type.scheduled_job_type.run_scheduled_jo..., site='your-site-name.localhost', user='Administrator') (your-site-name.localhost||scheduled_job||51um9eeecb)
2026-09-22 15:12:02,842 Successfully completed frappe.utils.background_jobs.execute_job(event=None, is_async=True, job_name='frappe.core.doctype.scheduled_job_type.scheduled_job_type.run_scheduled_jo..., kwargs={'job_type': 'frappe.email.queue.flush', 'scheduled_job_type': '51um9eeecb'..., method='frappe.core.doctype.scheduled_job_type.scheduled_job_type.run_scheduled_jo..., site='your-site-name.localhost', user='Administrator') job in 0:00:00.377880s on worker f800c15beb474a89ab3b5cf66fe85bac
2026-09-22 15:12:02,843 home-makara-frappe-bench:default: Job OK (your-site-name.localhost||scheduled_job||51um9eeecb)
2026-09-22 15:12:02,843 Result is kept for 600 seconds
2026-09-22 15:12:02,853 home-makara-frappe-bench:default: frappe.utils.background_jobs.execute_job(event=None, is_async=True, job_name='frappe.core.doctype.scheduled_job_type.scheduled_job_type.run_scheduled_jo..., kwargs={'job_type': 'frappe.email.doctype.email_account.email_account.pull', 'sche..., method='frappe.core.doctype.scheduled_job_type.scheduled_job_type.run_scheduled_jo..., site='your-site-name.localhost', user='Administrator') (your-site-name.localhost||scheduled_job||51u4simu78)
2026-09-22 15:12:03,327 Successfully completed frappe.utils.background_jobs.execute_job(event=None, is_async=True, job_name='frappe.core.doctype.scheduled_job_type.scheduled_job_type.run_scheduled_jo..., kwargs={'job_type': 'frappe.email.doctype.email_account.email_account.pull', 'sche..., method='frappe.core.doctype.scheduled_job_type.scheduled_job_type.run_scheduled_jo..., site='your-site-name.localhost', user='Administrator') job in 0:00:00.464554s on worker f800c15beb474a89ab3b5cf66fe85bac
2026-09-22 15:12:03,327 home-makara-frappe-bench:default: Job OK (your-site-name.localhost||scheduled_job||51u4simu78)
2026-09-22 15:12:03,327 Result is kept for 600 seconds
2026-09-22 15:12:03,342 home-makara-frappe-bench:default: frappe.utils.background_jobs.execute_job(event=None, is_async=True, job_name='frappe.core.doctype.scheduled_job_type.scheduled_job_type.run_scheduled_jo..., kwargs={'job_type': 'frappe.automation_engine.scheduler.process_cron', 'scheduled_..., method='frappe.core.doctype.scheduled_job_type.scheduled_job_type.run_scheduled_jo..., site='your-site-name.localhost', user='Administrator') (your-site-name.localhost||scheduled_job||51u6ep6oat)
2026-09-22 15:12:03,887 Successfully completed frappe.utils.background_jobs.execute_job(event=None, is_async=True, job_name='frappe.core.doctype.scheduled_job_type.scheduled_job_type.run_scheduled_jo..., kwargs={'job_type': 'frappe.automation_engine.scheduler.process_cron', 'scheduled_..., method='frappe.core.doctype.scheduled_job_type.scheduled_job_type.run_scheduled_jo..., site='your-site-name.localhost', user='Administrator') job in 0:00:00.531252s on worker f800c15beb474a89ab3b5cf66fe85bac
2026-09-22 15:12:03,887 home-makara-frappe-bench:default: Job OK (your-site-name.localhost||scheduled_job||51u6ep6oat)
2026-09-22 15:12:03,888 Result is kept for 600 seconds
2026-09-22 15:12:03,895 home-makara-frappe-bench:default: frappe.utils.background_jobs.execute_job(event=None, is_async=True, job_name='frappe.core.doctype.scheduled_job_type.scheduled_job_type.run_scheduled_jo..., kwargs={'job_type': 'frappe.monitor.flush', 'scheduled_job_type': '51u5l2o9pg'}, method='frappe.core.doctype.scheduled_job_type.scheduled_job_type.run_scheduled_jo..., site='your-site-name.localhost', user='Administrator') (your-site-name.localhost||scheduled_job||51u5l2o9pg)
2026-09-22 15:12:04,235 Successfully completed frappe.utils.background_jobs.execute_job(event=None, is_async=True, job_name='frappe.core.doctype.scheduled_job_type.scheduled_job_type.run_scheduled_jo..., kwargs={'job_type': 'frappe.monitor.flush', 'scheduled_job_type': '51u5l2o9pg'}, method='frappe.core.doctype.scheduled_job_type.scheduled_job_type.run_scheduled_jo..., site='your-site-name.localhost', user='Administrator') job in 0:00:00.332273s on worker f800c15beb474a89ab3b5cf66fe85bac
2026-09-22 15:12:04,236 home-makara-frappe-bench:default: Job OK (your-site-name.localhost||scheduled_job||51u5l2o9pg)
2026-09-22 15:12:04,236 Result is kept for 600 seconds
2026-09-22 15:12:04,249 home-makara-frappe-bench:default: frappe.utils.background_jobs.execute_job(event=None, is_async=True, job_name='frappe.core.doctype.scheduled_job_type.scheduled_job_type.run_scheduled_jo..., kwargs={'job_type': 'frappe.automation_engine.drainer.drain_due', 'scheduled_job_t..., method='frappe.core.doctype.scheduled_job_type.scheduled_job_type.run_scheduled_jo..., site='your-site-name.localhost', user='Administrator') (your-site-name.localhost||scheduled_job||51u0dpk9ai)
2026-09-22 15:12:04,770 Successfully completed frappe.utils.background_jobs.execute_job(event=None, is_async=True, job_name='frappe.core.doctype.scheduled_job_type.scheduled_job_type.run_scheduled_jo..., kwargs={'job_type': 'frappe.automation_engine.drainer.drain_due', 'scheduled_job_t..., method='frappe.core.doctype.scheduled_job_type.scheduled_job_type.run_scheduled_jo..., site='your-site-name.localhost', user='Administrator') job in 0:00:00.510750s on worker f800c15beb474a89ab3b5cf66fe85bac
2026-09-22 15:12:04,770 home-makara-frappe-bench:default: Job OK (your-site-name.localhost||scheduled_job||51u0dpk9ai)
2026-09-22 15:12:04,770 Result is kept for 600 seconds
2026-09-22 15:12:04,779 home-makara-frappe-bench:default: frappe.utils.background_jobs.execute_job(event=None, is_async=True, job_name='frappe.core.doctype.scheduled_job_type.scheduled_job_type.run_scheduled_jo..., kwargs={'job_type': 'frappe.email.doctype.notification.notification.trigger_offset..., method='frappe.core.doctype.scheduled_job_type.scheduled_job_type.run_scheduled_jo..., site='your-site-name.localhost', user='Administrator') (your-site-name.localhost||scheduled_job||51ujdm2d34)
2026-09-22 15:12:05,190 Successfully completed frappe.utils.background_jobs.execute_job(event=None, is_async=True, job_name='frappe.core.doctype.scheduled_job_type.scheduled_job_type.run_scheduled_jo..., kwargs={'job_type': 'frappe.email.doctype.notification.notification.trigger_offset..., method='frappe.core.doctype.scheduled_job_type.scheduled_job_type.run_scheduled_jo..., site='your-site-name.localhost', user='Administrator') job in 0:00:00.403044s on worker f800c15beb474a89ab3b5cf66fe85bac
2026-09-22 15:12:05,190 home-makara-frappe-bench:default: Job OK (your-site-name.localhost||scheduled_job||51ujdm2d34)
2026-09-22 15:12:05,190 Result is kept for 600 seconds
2026-09-22 15:12:05,210 home-makara-frappe-bench:default: frappe.utils.background_jobs.execute_job(event=None, is_async=True, job_name='frappe.core.doctype.scheduled_job_type.scheduled_job_type.run_scheduled_jo..., kwargs={'job_type': 'frappe.search.sqlite_search.index_docs_in_queue', 'scheduled_..., method='frappe.core.doctype.scheduled_job_type.scheduled_job_type.run_scheduled_jo..., site='your-site-name.localhost', user='Administrator') (your-site-name.localhost||scheduled_job||51ubu6l9cg)
2026-09-22 15:12:05,548 Successfully completed frappe.utils.background_jobs.execute_job(event=None, is_async=True, job_name='frappe.core.doctype.scheduled_job_type.scheduled_job_type.run_scheduled_jo..., kwargs={'job_type': 'frappe.search.sqlite_search.index_docs_in_queue', 'scheduled_..., method='frappe.core.doctype.scheduled_job_type.scheduled_job_type.run_scheduled_jo..., site='your-site-name.localhost', user='Administrator') job in 0:00:00.328125s on worker f800c15beb474a89ab3b5cf66fe85bac
2026-09-22 15:12:05,548 home-makara-frappe-bench:default: Job OK (your-site-name.localhost||scheduled_job||51ubu6l9cg)
2026-09-22 15:12:05,548 Result is kept for 600 seconds
2026-09-22 15:12:05,556 home-makara-frappe-bench:default: frappe.utils.background_jobs.execute_job(event=None, is_async=True, job_name='frappe.core.doctype.scheduled_job_type.scheduled_job_type.run_scheduled_jo..., kwargs={'job_type': 'frappe.integrations.doctype.google_calendar.google_calendar.s..., method='frappe.core.doctype.scheduled_job_type.scheduled_job_type.run_scheduled_jo..., site='your-site-name.localhost', user='Administrator') (your-site-name.localhost||scheduled_job||51u2s8slv0)
2026-09-22 15:12:05,887 Successfully completed frappe.utils.background_jobs.execute_job(event=None, is_async=True, job_name='frappe.core.doctype.scheduled_job_type.scheduled_job_type.run_scheduled_jo..., kwargs={'job_type': 'frappe.integrations.doctype.google_calendar.google_calendar.s..., method='frappe.core.doctype.scheduled_job_type.scheduled_job_type.run_scheduled_jo..., site='your-site-name.localhost', user='Administrator') job in 0:00:00.323262s on worker f800c15beb474a89ab3b5cf66fe85bac
2026-09-22 15:12:05,887 home-makara-frappe-bench:default: Job OK (your-site-name.localhost||scheduled_job||51u2s8slv0)
2026-09-22 15:12:05,887 Result is kept for 600 seconds
2026-09-22 15:12:05,896 home-makara-frappe-bench:default: frappe.utils.background_jobs.execute_job(event=None, is_async=True, job_name='frappe.core.doctype.scheduled_job_type.scheduled_job_type.run_scheduled_jo..., kwargs={'job_type': 'frappe.integrations.doctype.webhook.webhook.retry_failed_webh..., method='frappe.core.doctype.scheduled_job_type.scheduled_job_type.run_scheduled_jo..., site='your-site-name.localhost', user='Administrator') (your-site-name.localhost||scheduled_job||51ugekk04n)
2026-09-22 15:12:06,418 Successfully completed frappe.utils.background_jobs.execute_job(event=None, is_async=True, job_name='frappe.core.doctype.scheduled_job_type.scheduled_job_type.run_scheduled_jo..., kwargs={'job_type': 'frappe.integrations.doctype.webhook.webhook.retry_failed_webh..., method='frappe.core.doctype.scheduled_job_type.scheduled_job_type.run_scheduled_jo..., site='your-site-name.localhost', user='Administrator') job in 0:00:00.513416s on worker f800c15beb474a89ab3b5cf66fe85bac
2026-09-22 15:12:06,418 home-makara-frappe-bench:default: Job OK (your-site-name.localhost||scheduled_job||51ugekk04n)
2026-09-22 15:12:06,419 Result is kept for 600 seconds
2026-09-22 15:16:00,539 home-makara-frappe-bench:default: frappe.utils.background_jobs.execute_job(event=None, is_async=True, job_name='frappe.core.doctype.scheduled_job_type.scheduled_job_type.run_scheduled_jo..., kwargs={'job_type': 'frappe.email.doctype.notification.notification.trigger_offset..., method='frappe.core.doctype.scheduled_job_type.scheduled_job_type.run_scheduled_jo..., site='your-site-name.localhost', user='Administrator') (your-site-name.localhost||scheduled_job||51ujdm2d34)
2026-09-22 15:16:00,896 Successfully completed frappe.utils.background_jobs.execute_job(event=None, is_async=True, job_name='frappe.core.doctype.scheduled_job_type.scheduled_job_type.run_scheduled_jo..., kwargs={'job_type': 'frappe.email.doctype.notification.notification.trigger_offset..., method='frappe.core.doctype.scheduled_job_type.scheduled_job_type.run_scheduled_jo..., site='your-site-name.localhost', user='Administrator') job in 0:00:00.345186s on worker f800c15beb474a89ab3b5cf66fe85bac
2026-09-22 15:16:00,896 home-makara-frappe-bench:default: Job OK (your-site-name.localhost||scheduled_job||51ujdm2d34)
2026-09-22 15:16:00,897 Result is kept for 600 seconds
2026-09-22 15:16:00,903 home-makara-frappe-bench:default: frappe.utils.background_jobs.execute_job(event=None, is_async=True, job_name='frappe.core.doctype.scheduled_job_type.scheduled_job_type.run_scheduled_jo..., kwargs={'job_type': 'frappe.integrations.doctype.google_calendar.google_calendar.s..., method='frappe.core.doctype.scheduled_job_type.scheduled_job_type.run_scheduled_jo..., site='your-site-name.localhost', user='Administrator') (your-site-name.localhost||scheduled_job||51u2s8slv0)
2026-09-22 15:16:01,226 Successfully completed frappe.utils.background_jobs.execute_job(event=None, is_async=True, job_name='frappe.core.doctype.scheduled_job_type.scheduled_job_type.run_scheduled_jo..., kwargs={'job_type': 'frappe.integrations.doctype.google_calendar.google_calendar.s..., method='frappe.core.doctype.scheduled_job_type.scheduled_job_type.run_scheduled_jo..., site='your-site-name.localhost', user='Administrator') job in 0:00:00.315945s on worker f800c15beb474a89ab3b5cf66fe85bac
2026-09-22 15:16:01,226 home-makara-frappe-bench:default: Job OK (your-site-name.localhost||scheduled_job||51u2s8slv0)
2026-09-22 15:16:01,226 Result is kept for 600 seconds
2026-09-22 15:16:01,233 home-makara-frappe-bench:default: frappe.utils.background_jobs.execute_job(event=None, is_async=True, job_name='frappe.core.doctype.scheduled_job_type.scheduled_job_type.run_scheduled_jo..., kwargs={'job_type': 'frappe.utils.global_search.sync_global_search', 'scheduled_jo..., method='frappe.core.doctype.scheduled_job_type.scheduled_job_type.run_scheduled_jo..., site='your-site-name.localhost', user='Administrator') (your-site-name.localhost||scheduled_job||51ul1o6qkh)
2026-09-22 15:16:01,515 Successfully completed frappe.utils.background_jobs.execute_job(event=None, is_async=True, job_name='frappe.core.doctype.scheduled_job_type.scheduled_job_type.run_scheduled_jo..., kwargs={'job_type': 'frappe.utils.global_search.sync_global_search', 'scheduled_jo..., method='frappe.core.doctype.scheduled_job_type.scheduled_job_type.run_scheduled_jo..., site='your-site-name.localhost', user='Administrator') job in 0:00:00.274511s on worker f800c15beb474a89ab3b5cf66fe85bac
2026-09-22 15:16:01,515 home-makara-frappe-bench:default: Job OK (your-site-name.localhost||scheduled_job||51ul1o6qkh)
2026-09-22 15:16:01,515 Result is kept for 600 seconds
2026-09-22 15:16:01,522 home-makara-frappe-bench:default: frappe.utils.background_jobs.execute_job(event=None, is_async=True, job_name='frappe.core.doctype.scheduled_job_type.scheduled_job_type.run_scheduled_jo..., kwargs={'job_type': 'frappe.monitor.flush', 'scheduled_job_type': '51u5l2o9pg'}, method='frappe.core.doctype.scheduled_job_type.scheduled_job_type.run_scheduled_jo..., site='your-site-name.localhost', user='Administrator') (your-site-name.localhost||scheduled_job||51u5l2o9pg)
2026-09-22 15:16:01,814 Successfully completed frappe.utils.background_jobs.execute_job(event=None, is_async=True, job_name='frappe.core.doctype.scheduled_job_type.scheduled_job_type.run_scheduled_jo..., kwargs={'job_type': 'frappe.monitor.flush', 'scheduled_job_type': '51u5l2o9pg'}, method='frappe.core.doctype.scheduled_job_type.scheduled_job_type.run_scheduled_jo..., site='your-site-name.localhost', user='Administrator') job in 0:00:00.285318s on worker f800c15beb474a89ab3b5cf66fe85bac
2026-09-22 15:16:01,814 home-makara-frappe-bench:default: Job OK (your-site-name.localhost||scheduled_job||51u5l2o9pg)
2026-09-22 15:16:01,814 Result is kept for 600 seconds
2026-09-22 15:16:01,822 home-makara-frappe-bench:default: frappe.utils.background_jobs.execute_job(event=None, is_async=True, job_name='frappe.core.doctype.scheduled_job_type.scheduled_job_type.run_scheduled_jo..., kwargs={'job_type': 'frappe.email.queue.flush', 'scheduled_job_type': '51um9eeecb'..., method='frappe.core.doctype.scheduled_job_type.scheduled_job_type.run_scheduled_jo..., site='your-site-name.localhost', user='Administrator') (your-site-name.localhost||scheduled_job||51um9eeecb)
2026-09-22 15:16:02,112 Successfully completed frappe.utils.background_jobs.execute_job(event=None, is_async=True, job_name='frappe.core.doctype.scheduled_job_type.scheduled_job_type.run_scheduled_jo..., kwargs={'job_type': 'frappe.email.queue.flush', 'scheduled_job_type': '51um9eeecb'..., method='frappe.core.doctype.scheduled_job_type.scheduled_job_type.run_scheduled_jo..., site='your-site-name.localhost', user='Administrator') job in 0:00:00.283768s on worker f800c15beb474a89ab3b5cf66fe85bac
2026-09-22 15:16:02,112 home-makara-frappe-bench:default: Job OK (your-site-name.localhost||scheduled_job||51um9eeecb)
2026-09-22 15:16:02,112 Result is kept for 600 seconds
2026-09-22 15:16:02,120 home-makara-frappe-bench:default: frappe.utils.background_jobs.execute_job(event=None, is_async=True, job_name='frappe.core.doctype.scheduled_job_type.scheduled_job_type.run_scheduled_jo..., kwargs={'job_type': 'frappe.utils.telemetry.pulse.client.send_queued_events', 'sch..., method='frappe.core.doctype.scheduled_job_type.scheduled_job_type.run_scheduled_jo..., site='your-site-name.localhost', user='Administrator') (your-site-name.localhost||scheduled_job||51ub742nv9)
2026-09-22 15:16:02,390 Successfully completed frappe.utils.background_jobs.execute_job(event=None, is_async=True, job_name='frappe.core.doctype.scheduled_job_type.scheduled_job_type.run_scheduled_jo..., kwargs={'job_type': 'frappe.utils.telemetry.pulse.client.send_queued_events', 'sch..., method='frappe.core.doctype.scheduled_job_type.scheduled_job_type.run_scheduled_jo..., site='your-site-name.localhost', user='Administrator') job in 0:00:00.261767s on worker f800c15beb474a89ab3b5cf66fe85bac
2026-09-22 15:16:02,390 home-makara-frappe-bench:default: Job OK (your-site-name.localhost||scheduled_job||51ub742nv9)
2026-09-22 15:16:02,390 Result is kept for 600 seconds
2026-09-22 15:16:02,397 home-makara-frappe-bench:default: frappe.utils.background_jobs.execute_job(event=None, is_async=True, job_name='frappe.core.doctype.scheduled_job_type.scheduled_job_type.run_scheduled_jo..., kwargs={'job_type': 'frappe.email.queue.retry_sending_emails', 'scheduled_job_type..., method='frappe.core.doctype.scheduled_job_type.scheduled_job_type.run_scheduled_jo..., site='your-site-name.localhost', user='Administrator') (your-site-name.localhost||scheduled_job||51uv7phrm7)
2026-09-22 15:16:02,683 Successfully completed frappe.utils.background_jobs.execute_job(event=None, is_async=True, job_name='frappe.core.doctype.scheduled_job_type.scheduled_job_type.run_scheduled_jo..., kwargs={'job_type': 'frappe.email.queue.retry_sending_emails', 'scheduled_job_type..., method='frappe.core.doctype.scheduled_job_type.scheduled_job_type.run_scheduled_jo..., site='your-site-name.localhost', user='Administrator') job in 0:00:00.279425s on worker f800c15beb474a89ab3b5cf66fe85bac
2026-09-22 15:16:02,683 home-makara-frappe-bench:default: Job OK (your-site-name.localhost||scheduled_job||51uv7phrm7)
2026-09-22 15:16:02,683 Result is kept for 600 seconds
2026-09-22 15:16:02,691 home-makara-frappe-bench:default: frappe.utils.background_jobs.execute_job(event=None, is_async=True, job_name='frappe.core.doctype.scheduled_job_type.scheduled_job_type.run_scheduled_jo..., kwargs={'job_type': 'frappe.automation_engine.drainer.drain_due', 'scheduled_job_t..., method='frappe.core.doctype.scheduled_job_type.scheduled_job_type.run_scheduled_jo..., site='your-site-name.localhost', user='Administrator') (your-site-name.localhost||scheduled_job||51u0dpk9ai)
2026-09-22 15:16:02,997 Successfully completed frappe.utils.background_jobs.execute_job(event=None, is_async=True, job_name='frappe.core.doctype.scheduled_job_type.scheduled_job_type.run_scheduled_jo..., kwargs={'job_type': 'frappe.automation_engine.drainer.drain_due', 'scheduled_job_t..., method='frappe.core.doctype.scheduled_job_type.scheduled_job_type.run_scheduled_jo..., site='your-site-name.localhost', user='Administrator') job in 0:00:00.299177s on worker f800c15beb474a89ab3b5cf66fe85bac
2026-09-22 15:16:02,997 home-makara-frappe-bench:default: Job OK (your-site-name.localhost||scheduled_job||51u0dpk9ai)
2026-09-22 15:16:02,997 Result is kept for 600 seconds
2026-09-22 15:16:03,004 home-makara-frappe-bench:default: frappe.utils.background_jobs.execute_job(event=None, is_async=True, job_name='frappe.core.doctype.scheduled_job_type.scheduled_job_type.run_scheduled_jo..., kwargs={'job_type': 'frappe.deferred_insert.save_to_db', 'scheduled_job_type': '51..., method='frappe.core.doctype.scheduled_job_type.scheduled_job_type.run_scheduled_jo..., site='your-site-name.localhost', user='Administrator') (your-site-name.localhost||scheduled_job||51umjnqrgr)
2026-09-22 15:16:03,437 Successfully completed frappe.utils.background_jobs.execute_job(event=None, is_async=True, job_name='frappe.core.doctype.scheduled_job_type.scheduled_job_type.run_scheduled_jo..., kwargs={'job_type': 'frappe.deferred_insert.save_to_db', 'scheduled_job_type': '51..., method='frappe.core.doctype.scheduled_job_type.scheduled_job_type.run_scheduled_jo..., site='your-site-name.localhost', user='Administrator') job in 0:00:00.426673s on worker f800c15beb474a89ab3b5cf66fe85bac
2026-09-22 15:16:03,437 home-makara-frappe-bench:default: Job OK (your-site-name.localhost||scheduled_job||51umjnqrgr)
2026-09-22 15:16:03,437 Result is kept for 600 seconds
2026-09-22 15:16:03,444 home-makara-frappe-bench:default: frappe.utils.background_jobs.execute_job(event=None, is_async=True, job_name='frappe.core.doctype.scheduled_job_type.scheduled_job_type.run_scheduled_jo..., kwargs={'job_type': 'frappe.email.doctype.email_account.email_account.notify_unrep..., method='frappe.core.doctype.scheduled_job_type.scheduled_job_type.run_scheduled_jo..., site='your-site-name.localhost', user='Administrator') (your-site-name.localhost||scheduled_job||51utl79ueh)
2026-09-22 15:16:03,748 Successfully completed frappe.utils.background_jobs.execute_job(event=None, is_async=True, job_name='frappe.core.doctype.scheduled_job_type.scheduled_job_type.run_scheduled_jo..., kwargs={'job_type': 'frappe.email.doctype.email_account.email_account.notify_unrep..., method='frappe.core.doctype.scheduled_job_type.scheduled_job_type.run_scheduled_jo..., site='your-site-name.localhost', user='Administrator') job in 0:00:00.297285s on worker f800c15beb474a89ab3b5cf66fe85bac
2026-09-22 15:16:03,748 home-makara-frappe-bench:default: Job OK (your-site-name.localhost||scheduled_job||51utl79ueh)
2026-09-22 15:16:03,748 Result is kept for 600 seconds
2026-09-22 15:16:03,755 home-makara-frappe-bench:default: frappe.utils.background_jobs.execute_job(event=None, is_async=True, job_name='frappe.core.doctype.scheduled_job_type.scheduled_job_type.run_scheduled_jo..., kwargs={'job_type': 'frappe.model.utils.link_count.update_link_count', 'scheduled_..., method='frappe.core.doctype.scheduled_job_type.scheduled_job_type.run_scheduled_jo..., site='your-site-name.localhost', user='Administrator') (your-site-name.localhost||scheduled_job||51utqpe235)
2026-09-22 15:16:04,035 Successfully completed frappe.utils.background_jobs.execute_job(event=None, is_async=True, job_name='frappe.core.doctype.scheduled_job_type.scheduled_job_type.run_scheduled_jo..., kwargs={'job_type': 'frappe.model.utils.link_count.update_link_count', 'scheduled_..., method='frappe.core.doctype.scheduled_job_type.scheduled_job_type.run_scheduled_jo..., site='your-site-name.localhost', user='Administrator') job in 0:00:00.272729s on worker f800c15beb474a89ab3b5cf66fe85bac
2026-09-22 15:16:04,035 home-makara-frappe-bench:default: Job OK (your-site-name.localhost||scheduled_job||51utqpe235)
2026-09-22 15:16:04,035 Result is kept for 600 seconds
2026-09-22 15:16:04,042 home-makara-frappe-bench:default: frappe.utils.background_jobs.execute_job(event=None, is_async=True, job_name='frappe.core.doctype.scheduled_job_type.scheduled_job_type.run_scheduled_jo..., kwargs={'job_type': 'frappe.automation.doctype.reminder.reminder.send_reminders', ..., method='frappe.core.doctype.scheduled_job_type.scheduled_job_type.run_scheduled_jo..., site='your-site-name.localhost', user='Administrator') (your-site-name.localhost||scheduled_job||51ujogtifi)
2026-09-22 15:16:04,365 Successfully completed frappe.utils.background_jobs.execute_job(event=None, is_async=True, job_name='frappe.core.doctype.scheduled_job_type.scheduled_job_type.run_scheduled_jo..., kwargs={'job_type': 'frappe.automation.doctype.reminder.reminder.send_reminders', ..., method='frappe.core.doctype.scheduled_job_type.scheduled_job_type.run_scheduled_jo..., site='your-site-name.localhost', user='Administrator') job in 0:00:00.315553s on worker f800c15beb474a89ab3b5cf66fe85bac
2026-09-22 15:16:04,365 home-makara-frappe-bench:default: Job OK (your-site-name.localhost||scheduled_job||51ujogtifi)
2026-09-22 15:16:04,365 Result is kept for 600 seconds
2026-09-22 15:16:04,373 home-makara-frappe-bench:default: frappe.utils.background_jobs.execute_job(event=None, is_async=True, job_name='frappe.core.doctype.scheduled_job_type.scheduled_job_type.run_scheduled_jo..., kwargs={'job_type': 'frappe.integrations.doctype.webhook.webhook.retry_failed_webh..., method='frappe.core.doctype.scheduled_job_type.scheduled_job_type.run_scheduled_jo..., site='your-site-name.localhost', user='Administrator') (your-site-name.localhost||scheduled_job||51ugekk04n)
2026-09-22 15:16:04,678 Successfully completed frappe.utils.background_jobs.execute_job(event=None, is_async=True, job_name='frappe.core.doctype.scheduled_job_type.scheduled_job_type.run_scheduled_jo..., kwargs={'job_type': 'frappe.integrations.doctype.webhook.webhook.retry_failed_webh..., method='frappe.core.doctype.scheduled_job_type.scheduled_job_type.run_scheduled_jo..., site='your-site-name.localhost', user='Administrator') job in 0:00:00.297597s on worker f800c15beb474a89ab3b5cf66fe85bac
2026-09-22 15:16:04,679 home-makara-frappe-bench:default: Job OK (your-site-name.localhost||scheduled_job||51ugekk04n)
2026-09-22 15:16:04,679 Result is kept for 600 seconds
2026-09-22 15:16:04,688 home-makara-frappe-bench:default: frappe.utils.background_jobs.execute_job(event=None, is_async=True, job_name='frappe.core.doctype.scheduled_job_type.scheduled_job_type.run_scheduled_jo..., kwargs={'job_type': 'frappe.automation_engine.scheduler.process_cron', 'scheduled_..., method='frappe.core.doctype.scheduled_job_type.scheduled_job_type.run_scheduled_jo..., site='your-site-name.localhost', user='Administrator') (your-site-name.localhost||scheduled_job||51u6ep6oat)
2026-09-22 15:16:04,976 Successfully completed frappe.utils.background_jobs.execute_job(event=None, is_async=True, job_name='frappe.core.doctype.scheduled_job_type.scheduled_job_type.run_scheduled_jo..., kwargs={'job_type': 'frappe.automation_engine.scheduler.process_cron', 'scheduled_..., method='frappe.core.doctype.scheduled_job_type.scheduled_job_type.run_scheduled_jo..., site='your-site-name.localhost', user='Administrator') job in 0:00:00.280292s on worker f800c15beb474a89ab3b5cf66fe85bac
2026-09-22 15:16:04,976 home-makara-frappe-bench:default: Job OK (your-site-name.localhost||scheduled_job||51u6ep6oat)
2026-09-22 15:16:04,976 Result is kept for 600 seconds
2026-09-22 15:16:04,984 home-makara-frappe-bench:default: frappe.utils.background_jobs.execute_job(event=None, is_async=True, job_name='frappe.core.doctype.scheduled_job_type.scheduled_job_type.run_scheduled_jo..., kwargs={'job_type': 'frappe.search.sqlite_search.index_docs_in_queue', 'scheduled_..., method='frappe.core.doctype.scheduled_job_type.scheduled_job_type.run_scheduled_jo..., site='your-site-name.localhost', user='Administrator') (your-site-name.localhost||scheduled_job||51ubu6l9cg)
2026-09-22 15:16:05,277 Successfully completed frappe.utils.background_jobs.execute_job(event=None, is_async=True, job_name='frappe.core.doctype.scheduled_job_type.scheduled_job_type.run_scheduled_jo..., kwargs={'job_type': 'frappe.search.sqlite_search.index_docs_in_queue', 'scheduled_..., method='frappe.core.doctype.scheduled_job_type.scheduled_job_type.run_scheduled_jo..., site='your-site-name.localhost', user='Administrator') job in 0:00:00.286650s on worker f800c15beb474a89ab3b5cf66fe85bac
2026-09-22 15:16:05,277 home-makara-frappe-bench:default: Job OK (your-site-name.localhost||scheduled_job||51ubu6l9cg)
2026-09-22 15:16:05,277 Result is kept for 600 seconds
2026-09-22 15:20:00,652 home-makara-frappe-bench:default: frappe.utils.background_jobs.execute_job(event=None, is_async=True, job_name='frappe.core.doctype.scheduled_job_type.scheduled_job_type.run_scheduled_jo..., kwargs={'job_type': 'frappe.email.doctype.notification.notification.trigger_offset..., method='frappe.core.doctype.scheduled_job_type.scheduled_job_type.run_scheduled_jo..., site='your-site-name.localhost', user='Administrator') (your-site-name.localhost||scheduled_job||51ujdm2d34)
2026-09-22 15:20:01,236 Successfully completed frappe.utils.background_jobs.execute_job(event=None, is_async=True, job_name='frappe.core.doctype.scheduled_job_type.scheduled_job_type.run_scheduled_jo..., kwargs={'job_type': 'frappe.email.doctype.notification.notification.trigger_offset..., method='frappe.core.doctype.scheduled_job_type.scheduled_job_type.run_scheduled_jo..., site='your-site-name.localhost', user='Administrator') job in 0:00:00.574340s on worker f800c15beb474a89ab3b5cf66fe85bac
2026-09-22 15:20:01,236 home-makara-frappe-bench:default: Job OK (your-site-name.localhost||scheduled_job||51ujdm2d34)
2026-09-22 15:20:01,236 Result is kept for 600 seconds
2026-09-22 15:20:01,245 home-makara-frappe-bench:default: frappe.utils.background_jobs.execute_job(event=None, is_async=True, job_name='frappe.core.doctype.scheduled_job_type.scheduled_job_type.run_scheduled_jo..., kwargs={'job_type': 'frappe.email.doctype.email_account.email_account.pull', 'sche..., method='frappe.core.doctype.scheduled_job_type.scheduled_job_type.run_scheduled_jo..., site='your-site-name.localhost', user='Administrator') (your-site-name.localhost||scheduled_job||51u4simu78)
2026-09-22 15:20:01,606 Successfully completed frappe.utils.background_jobs.execute_job(event=None, is_async=True, job_name='frappe.core.doctype.scheduled_job_type.scheduled_job_type.run_scheduled_jo..., kwargs={'job_type': 'frappe.email.doctype.email_account.email_account.pull', 'sche..., method='frappe.core.doctype.scheduled_job_type.scheduled_job_type.run_scheduled_jo..., site='your-site-name.localhost', user='Administrator') job in 0:00:00.353824s on worker f800c15beb474a89ab3b5cf66fe85bac
2026-09-22 15:20:01,606 home-makara-frappe-bench:default: Job OK (your-site-name.localhost||scheduled_job||51u4simu78)
2026-09-22 15:20:01,606 Result is kept for 600 seconds
2026-09-22 15:20:01,618 home-makara-frappe-bench:default: frappe.utils.background_jobs.execute_job(event=None, is_async=True, job_name='frappe.core.doctype.scheduled_job_type.scheduled_job_type.run_scheduled_jo..., kwargs={'job_type': 'frappe.email.queue.flush', 'scheduled_job_type': '51um9eeecb'..., method='frappe.core.doctype.scheduled_job_type.scheduled_job_type.run_scheduled_jo..., site='your-site-name.localhost', user='Administrator') (your-site-name.localhost||scheduled_job||51um9eeecb)
2026-09-22 15:20:02,020 Successfully completed frappe.utils.background_jobs.execute_job(event=None, is_async=True, job_name='frappe.core.doctype.scheduled_job_type.scheduled_job_type.run_scheduled_jo..., kwargs={'job_type': 'frappe.email.queue.flush', 'scheduled_job_type': '51um9eeecb'..., method='frappe.core.doctype.scheduled_job_type.scheduled_job_type.run_scheduled_jo..., site='your-site-name.localhost', user='Administrator') job in 0:00:00.392000s on worker f800c15beb474a89ab3b5cf66fe85bac
2026-09-22 15:20:02,021 home-makara-frappe-bench:default: Job OK (your-site-name.localhost||scheduled_job||51um9eeecb)
2026-09-22 15:20:02,021 Result is kept for 600 seconds
2026-09-22 15:20:02,036 home-makara-frappe-bench:default: frappe.utils.background_jobs.execute_job(event=None, is_async=True, job_name='frappe.core.doctype.scheduled_job_type.scheduled_job_type.run_scheduled_jo..., kwargs={'job_type': 'frappe.monitor.flush', 'scheduled_job_type': '51u5l2o9pg'}, method='frappe.core.doctype.scheduled_job_type.scheduled_job_type.run_scheduled_jo..., site='your-site-name.localhost', user='Administrator') (your-site-name.localhost||scheduled_job||51u5l2o9pg)
2026-09-22 15:20:02,359 Successfully completed frappe.utils.background_jobs.execute_job(event=None, is_async=True, job_name='frappe.core.doctype.scheduled_job_type.scheduled_job_type.run_scheduled_jo..., kwargs={'job_type': 'frappe.monitor.flush', 'scheduled_job_type': '51u5l2o9pg'}, method='frappe.core.doctype.scheduled_job_type.scheduled_job_type.run_scheduled_jo..., site='your-site-name.localhost', user='Administrator') job in 0:00:00.316960s on worker f800c15beb474a89ab3b5cf66fe85bac
2026-09-22 15:20:02,359 home-makara-frappe-bench:default: Job OK (your-site-name.localhost||scheduled_job||51u5l2o9pg)
2026-09-22 15:20:02,359 Result is kept for 600 seconds
2026-09-22 15:20:02,366 home-makara-frappe-bench:default: frappe.utils.background_jobs.execute_job(event=None, is_async=True, job_name='frappe.core.doctype.scheduled_job_type.scheduled_job_type.run_scheduled_jo..., kwargs={'job_type': 'frappe.search.sqlite_search.index_docs_in_queue', 'scheduled_..., method='frappe.core.doctype.scheduled_job_type.scheduled_job_type.run_scheduled_jo..., site='your-site-name.localhost', user='Administrator') (your-site-name.localhost||scheduled_job||51ubu6l9cg)
2026-09-22 15:20:02,670 Successfully completed frappe.utils.background_jobs.execute_job(event=None, is_async=True, job_name='frappe.core.doctype.scheduled_job_type.scheduled_job_type.run_scheduled_jo..., kwargs={'job_type': 'frappe.search.sqlite_search.index_docs_in_queue', 'scheduled_..., method='frappe.core.doctype.scheduled_job_type.scheduled_job_type.run_scheduled_jo..., site='your-site-name.localhost', user='Administrator') job in 0:00:00.297142s on worker f800c15beb474a89ab3b5cf66fe85bac
2026-09-22 15:20:02,671 home-makara-frappe-bench:default: Job OK (your-site-name.localhost||scheduled_job||51ubu6l9cg)
2026-09-22 15:20:02,671 Result is kept for 600 seconds
2026-09-22 15:20:02,677 home-makara-frappe-bench:default: frappe.utils.background_jobs.execute_job(event=None, is_async=True, job_name='frappe.core.doctype.scheduled_job_type.scheduled_job_type.run_scheduled_jo..., kwargs={'job_type': 'frappe.automation_engine.scheduler.process_cron', 'scheduled_..., method='frappe.core.doctype.scheduled_job_type.scheduled_job_type.run_scheduled_jo..., site='your-site-name.localhost', user='Administrator') (your-site-name.localhost||scheduled_job||51u6ep6oat)
2026-09-22 15:20:02,965 Successfully completed frappe.utils.background_jobs.execute_job(event=None, is_async=True, job_name='frappe.core.doctype.scheduled_job_type.scheduled_job_type.run_scheduled_jo..., kwargs={'job_type': 'frappe.automation_engine.scheduler.process_cron', 'scheduled_..., method='frappe.core.doctype.scheduled_job_type.scheduled_job_type.run_scheduled_jo..., site='your-site-name.localhost', user='Administrator') job in 0:00:00.277020s on worker f800c15beb474a89ab3b5cf66fe85bac
2026-09-22 15:20:02,965 home-makara-frappe-bench:default: Job OK (your-site-name.localhost||scheduled_job||51u6ep6oat)
2026-09-22 15:20:02,965 Result is kept for 600 seconds
2026-09-22 15:20:02,972 home-makara-frappe-bench:default: frappe.utils.background_jobs.execute_job(event=None, is_async=True, job_name='frappe.core.doctype.scheduled_job_type.scheduled_job_type.run_scheduled_jo..., kwargs={'job_type': 'frappe.automation_engine.drainer.drain_due', 'scheduled_job_t..., method='frappe.core.doctype.scheduled_job_type.scheduled_job_type.run_scheduled_jo..., site='your-site-name.localhost', user='Administrator') (your-site-name.localhost||scheduled_job||51u0dpk9ai)
2026-09-22 15:20:03,277 Successfully completed frappe.utils.background_jobs.execute_job(event=None, is_async=True, job_name='frappe.core.doctype.scheduled_job_type.scheduled_job_type.run_scheduled_jo..., kwargs={'job_type': 'frappe.automation_engine.drainer.drain_due', 'scheduled_job_t..., method='frappe.core.doctype.scheduled_job_type.scheduled_job_type.run_scheduled_jo..., site='your-site-name.localhost', user='Administrator') job in 0:00:00.298225s on worker f800c15beb474a89ab3b5cf66fe85bac
2026-09-22 15:20:03,277 home-makara-frappe-bench:default: Job OK (your-site-name.localhost||scheduled_job||51u0dpk9ai)
2026-09-22 15:20:03,277 Result is kept for 600 seconds
2026-09-22 15:20:03,284 home-makara-frappe-bench:default: frappe.utils.background_jobs.execute_job(event=None, is_async=True, job_name='frappe.core.doctype.scheduled_job_type.scheduled_job_type.run_scheduled_jo..., kwargs={'job_type': 'frappe.integrations.doctype.google_calendar.google_calendar.s..., method='frappe.core.doctype.scheduled_job_type.scheduled_job_type.run_scheduled_jo..., site='your-site-name.localhost', user='Administrator') (your-site-name.localhost||scheduled_job||51u2s8slv0)
2026-09-22 15:20:03,591 Successfully completed frappe.utils.background_jobs.execute_job(event=None, is_async=True, job_name='frappe.core.doctype.scheduled_job_type.scheduled_job_type.run_scheduled_jo..., kwargs={'job_type': 'frappe.integrations.doctype.google_calendar.google_calendar.s..., method='frappe.core.doctype.scheduled_job_type.scheduled_job_type.run_scheduled_jo..., site='your-site-name.localhost', user='Administrator') job in 0:00:00.299040s on worker f800c15beb474a89ab3b5cf66fe85bac
2026-09-22 15:20:03,591 home-makara-frappe-bench:default: Job OK (your-site-name.localhost||scheduled_job||51u2s8slv0)
2026-09-22 15:20:03,591 Result is kept for 600 seconds
2026-09-22 15:20:03,598 home-makara-frappe-bench:default: frappe.utils.background_jobs.execute_job(event=None, is_async=True, job_name='frappe.core.doctype.scheduled_job_type.scheduled_job_type.run_scheduled_jo..., kwargs={'job_type': 'frappe.integrations.doctype.webhook.webhook.retry_failed_webh..., method='frappe.core.doctype.scheduled_job_type.scheduled_job_type.run_scheduled_jo..., site='your-site-name.localhost', user='Administrator') (your-site-name.localhost||scheduled_job||51ugekk04n)
2026-09-22 15:20:03,917 Successfully completed frappe.utils.background_jobs.execute_job(event=None, is_async=True, job_name='frappe.core.doctype.scheduled_job_type.scheduled_job_type.run_scheduled_jo..., kwargs={'job_type': 'frappe.integrations.doctype.webhook.webhook.retry_failed_webh..., method='frappe.core.doctype.scheduled_job_type.scheduled_job_type.run_scheduled_jo..., site='your-site-name.localhost', user='Administrator') job in 0:00:00.312854s on worker f800c15beb474a89ab3b5cf66fe85bac
2026-09-22 15:20:03,917 home-makara-frappe-bench:default: Job OK (your-site-name.localhost||scheduled_job||51ugekk04n)
2026-09-22 15:20:03,918 Result is kept for 600 seconds
2026-09-22 15:20:03,924 home-makara-frappe-bench:default: frappe.utils.background_jobs.execute_job(event=None, is_async=True, job_name='frappe.core.doctype.scheduled_job_type.scheduled_job_type.run_scheduled_jo..., kwargs={'job_type': 'frappe.email.queue.retry_sending_emails', 'scheduled_job_type..., method='frappe.core.doctype.scheduled_job_type.scheduled_job_type.run_scheduled_jo..., site='your-site-name.localhost', user='Administrator') (your-site-name.localhost||scheduled_job||51uv7phrm7)
2026-09-22 15:20:04,226 Successfully completed frappe.utils.background_jobs.execute_job(event=None, is_async=True, job_name='frappe.core.doctype.scheduled_job_type.scheduled_job_type.run_scheduled_jo..., kwargs={'job_type': 'frappe.email.queue.retry_sending_emails', 'scheduled_job_type..., method='frappe.core.doctype.scheduled_job_type.scheduled_job_type.run_scheduled_jo..., site='your-site-name.localhost', user='Administrator') job in 0:00:00.295221s on worker f800c15beb474a89ab3b5cf66fe85bac
2026-09-22 15:20:04,226 home-makara-frappe-bench:default: Job OK (your-site-name.localhost||scheduled_job||51uv7phrm7)
2026-09-22 15:20:04,226 Result is kept for 600 seconds
2026-09-22 15:24:00,693 home-makara-frappe-bench:default: frappe.utils.background_jobs.execute_job(event=None, is_async=True, job_name='frappe.core.doctype.scheduled_job_type.scheduled_job_type.run_scheduled_jo..., kwargs={'job_type': 'frappe.monitor.flush', 'scheduled_job_type': '51u5l2o9pg'}, method='frappe.core.doctype.scheduled_job_type.scheduled_job_type.run_scheduled_jo..., site='your-site-name.localhost', user='Administrator') (your-site-name.localhost||scheduled_job||51u5l2o9pg)
2026-09-22 15:24:01,028 Successfully completed frappe.utils.background_jobs.execute_job(event=None, is_async=True, job_name='frappe.core.doctype.scheduled_job_type.scheduled_job_type.run_scheduled_jo..., kwargs={'job_type': 'frappe.monitor.flush', 'scheduled_job_type': '51u5l2o9pg'}, method='frappe.core.doctype.scheduled_job_type.scheduled_job_type.run_scheduled_jo..., site='your-site-name.localhost', user='Administrator') job in 0:00:00.323589s on worker f800c15beb474a89ab3b5cf66fe85bac
2026-09-22 15:24:01,028 home-makara-frappe-bench:default: Job OK (your-site-name.localhost||scheduled_job||51u5l2o9pg)
2026-09-22 15:24:01,029 Result is kept for 600 seconds
2026-09-22 15:24:01,036 Worker f800c15beb474a89ab3b5cf66fe85bac: cleaning registries for queue: home-makara-frappe-bench:short
2026-09-22 15:24:01,037 Worker f800c15beb474a89ab3b5cf66fe85bac: cleaning registries for queue: home-makara-frappe-bench:default
2026-09-22 15:24:01,039 Worker f800c15beb474a89ab3b5cf66fe85bac: cleaning registries for queue: home-makara-frappe-bench:long
2026-09-22 15:24:01,041 home-makara-frappe-bench:default: frappe.utils.background_jobs.execute_job(event=None, is_async=True, job_name='frappe.core.doctype.scheduled_job_type.scheduled_job_type.run_scheduled_jo..., kwargs={'job_type': 'frappe.email.queue.retry_sending_emails', 'scheduled_job_type..., method='frappe.core.doctype.scheduled_job_type.scheduled_job_type.run_scheduled_jo..., site='your-site-name.localhost', user='Administrator') (your-site-name.localhost||scheduled_job||51uv7phrm7)
2026-09-22 15:24:01,392 Successfully completed frappe.utils.background_jobs.execute_job(event=None, is_async=True, job_name='frappe.core.doctype.scheduled_job_type.scheduled_job_type.run_scheduled_jo..., kwargs={'job_type': 'frappe.email.queue.retry_sending_emails', 'scheduled_job_type..., method='frappe.core.doctype.scheduled_job_type.scheduled_job_type.run_scheduled_jo..., site='your-site-name.localhost', user='Administrator') job in 0:00:00.341985s on worker f800c15beb474a89ab3b5cf66fe85bac
2026-09-22 15:24:01,392 home-makara-frappe-bench:default: Job OK (your-site-name.localhost||scheduled_job||51uv7phrm7)
2026-09-22 15:24:01,393 Result is kept for 600 seconds
2026-09-22 15:24:01,401 home-makara-frappe-bench:default: frappe.utils.background_jobs.execute_job(event=None, is_async=True, job_name='frappe.core.doctype.scheduled_job_type.scheduled_job_type.run_scheduled_jo..., kwargs={'job_type': 'frappe.integrations.doctype.google_calendar.google_calendar.s..., method='frappe.core.doctype.scheduled_job_type.scheduled_job_type.run_scheduled_jo..., site='your-site-name.localhost', user='Administrator') (your-site-name.localhost||scheduled_job||51u2s8slv0)
2026-09-22 15:24:01,742 Successfully completed frappe.utils.background_jobs.execute_job(event=None, is_async=True, job_name='frappe.core.doctype.scheduled_job_type.scheduled_job_type.run_scheduled_jo..., kwargs={'job_type': 'frappe.integrations.doctype.google_calendar.google_calendar.s..., method='frappe.core.doctype.scheduled_job_type.scheduled_job_type.run_scheduled_jo..., site='your-site-name.localhost', user='Administrator') job in 0:00:00.334109s on worker f800c15beb474a89ab3b5cf66fe85bac
2026-09-22 15:24:01,742 home-makara-frappe-bench:default: Job OK (your-site-name.localhost||scheduled_job||51u2s8slv0)
2026-09-22 15:24:01,742 Result is kept for 600 seconds
2026-09-22 15:24:01,750 home-makara-frappe-bench:default: frappe.utils.background_jobs.execute_job(event=None, is_async=True, job_name='frappe.core.doctype.scheduled_job_type.scheduled_job_type.run_scheduled_jo..., kwargs={'job_type': 'frappe.email.queue.flush', 'scheduled_job_type': '51um9eeecb'..., method='frappe.core.doctype.scheduled_job_type.scheduled_job_type.run_scheduled_jo..., site='your-site-name.localhost', user='Administrator') (your-site-name.localhost||scheduled_job||51um9eeecb)
2026-09-22 15:24:02,077 Successfully completed frappe.utils.background_jobs.execute_job(event=None, is_async=True, job_name='frappe.core.doctype.scheduled_job_type.scheduled_job_type.run_scheduled_jo..., kwargs={'job_type': 'frappe.email.queue.flush', 'scheduled_job_type': '51um9eeecb'..., method='frappe.core.doctype.scheduled_job_type.scheduled_job_type.run_scheduled_jo..., site='your-site-name.localhost', user='Administrator') job in 0:00:00.316312s on worker f800c15beb474a89ab3b5cf66fe85bac
2026-09-22 15:24:02,078 home-makara-frappe-bench:default: Job OK (your-site-name.localhost||scheduled_job||51um9eeecb)
2026-09-22 15:24:02,078 Result is kept for 600 seconds
2026-09-22 15:28:00,711 home-makara-frappe-bench:default: frappe.utils.background_jobs.execute_job(event=None, is_async=True, job_name='frappe.core.doctype.scheduled_job_type.scheduled_job_type.run_scheduled_jo..., kwargs={'job_type': 'frappe.integrations.doctype.google_calendar.google_calendar.s..., method='frappe.core.doctype.scheduled_job_type.scheduled_job_type.run_scheduled_jo..., site='your-site-name.localhost', user='Administrator') (your-site-name.localhost||scheduled_job||51u2s8slv0)
2026-09-22 15:28:01,078 Successfully completed frappe.utils.background_jobs.execute_job(event=None, is_async=True, job_name='frappe.core.doctype.scheduled_job_type.scheduled_job_type.run_scheduled_jo..., kwargs={'job_type': 'frappe.integrations.doctype.google_calendar.google_calendar.s..., method='frappe.core.doctype.scheduled_job_type.scheduled_job_type.run_scheduled_jo..., site='your-site-name.localhost', user='Administrator') job in 0:00:00.357781s on worker f800c15beb474a89ab3b5cf66fe85bac
2026-09-22 15:28:01,078 home-makara-frappe-bench:default: Job OK (your-site-name.localhost||scheduled_job||51u2s8slv0)
2026-09-22 15:28:01,078 Result is kept for 600 seconds
2026-09-22 15:28:01,087 home-makara-frappe-bench:default: frappe.utils.background_jobs.execute_job(event=None, is_async=True, job_name='frappe.core.doctype.scheduled_job_type.scheduled_job_type.run_scheduled_jo..., kwargs={'job_type': 'frappe.search.sqlite_search.index_docs_in_queue', 'scheduled_..., method='frappe.core.doctype.scheduled_job_type.scheduled_job_type.run_scheduled_jo..., site='your-site-name.localhost', user='Administrator') (your-site-name.localhost||scheduled_job||51ubu6l9cg)
2026-09-22 15:28:01,388 Successfully completed frappe.utils.background_jobs.execute_job(event=None, is_async=True, job_name='frappe.core.doctype.scheduled_job_type.scheduled_job_type.run_scheduled_jo..., kwargs={'job_type': 'frappe.search.sqlite_search.index_docs_in_queue', 'scheduled_..., method='frappe.core.doctype.scheduled_job_type.scheduled_job_type.run_scheduled_jo..., site='your-site-name.localhost', user='Administrator') job in 0:00:00.293756s on worker f800c15beb474a89ab3b5cf66fe85bac
2026-09-22 15:28:01,388 home-makara-frappe-bench:default: Job OK (your-site-name.localhost||scheduled_job||51ubu6l9cg)
2026-09-22 15:28:01,388 Result is kept for 600 seconds
2026-09-22 15:28:01,396 home-makara-frappe-bench:default: frappe.utils.background_jobs.execute_job(event=None, is_async=True, job_name='frappe.core.doctype.scheduled_job_type.scheduled_job_type.run_scheduled_jo..., kwargs={'job_type': 'frappe.integrations.doctype.webhook.webhook.retry_failed_webh..., method='frappe.core.doctype.scheduled_job_type.scheduled_job_type.run_scheduled_jo..., site='your-site-name.localhost', user='Administrator') (your-site-name.localhost||scheduled_job||51ugekk04n)
2026-09-22 15:28:01,692 Successfully completed frappe.utils.background_jobs.execute_job(event=None, is_async=True, job_name='frappe.core.doctype.scheduled_job_type.scheduled_job_type.run_scheduled_jo..., kwargs={'job_type': 'frappe.integrations.doctype.webhook.webhook.retry_failed_webh..., method='frappe.core.doctype.scheduled_job_type.scheduled_job_type.run_scheduled_jo..., site='your-site-name.localhost', user='Administrator') job in 0:00:00.289028s on worker f800c15beb474a89ab3b5cf66fe85bac
2026-09-22 15:28:01,692 home-makara-frappe-bench:default: Job OK (your-site-name.localhost||scheduled_job||51ugekk04n)
2026-09-22 15:28:01,692 Result is kept for 600 seconds
2026-09-22 15:28:01,700 home-makara-frappe-bench:default: frappe.utils.background_jobs.execute_job(event=None, is_async=True, job_name='frappe.core.doctype.scheduled_job_type.scheduled_job_type.run_scheduled_jo..., kwargs={'job_type': 'frappe.monitor.flush', 'scheduled_job_type': '51u5l2o9pg'}, method='frappe.core.doctype.scheduled_job_type.scheduled_job_type.run_scheduled_jo..., site='your-site-name.localhost', user='Administrator') (your-site-name.localhost||scheduled_job||51u5l2o9pg)
2026-09-22 15:28:01,989 Successfully completed frappe.utils.background_jobs.execute_job(event=None, is_async=True, job_name='frappe.core.doctype.scheduled_job_type.scheduled_job_type.run_scheduled_jo..., kwargs={'job_type': 'frappe.monitor.flush', 'scheduled_job_type': '51u5l2o9pg'}, method='frappe.core.doctype.scheduled_job_type.scheduled_job_type.run_scheduled_jo..., site='your-site-name.localhost', user='Administrator') job in 0:00:00.282728s on worker f800c15beb474a89ab3b5cf66fe85bac
2026-09-22 15:28:01,989 home-makara-frappe-bench:default: Job OK (your-site-name.localhost||scheduled_job||51u5l2o9pg)
2026-09-22 15:28:01,989 Result is kept for 600 seconds
2026-09-22 15:28:01,996 home-makara-frappe-bench:default: frappe.utils.background_jobs.execute_job(event=None, is_async=True, job_name='frappe.core.doctype.scheduled_job_type.scheduled_job_type.run_scheduled_jo..., kwargs={'job_type': 'frappe.email.doctype.notification.notification.trigger_offset..., method='frappe.core.doctype.scheduled_job_type.scheduled_job_type.run_scheduled_jo..., site='your-site-name.localhost', user='Administrator') (your-site-name.localhost||scheduled_job||51ujdm2d34)
2026-09-22 15:28:02,298 Successfully completed frappe.utils.background_jobs.execute_job(event=None, is_async=True, job_name='frappe.core.doctype.scheduled_job_type.scheduled_job_type.run_scheduled_jo..., kwargs={'job_type': 'frappe.email.doctype.notification.notification.trigger_offset..., method='frappe.core.doctype.scheduled_job_type.scheduled_job_type.run_scheduled_jo..., site='your-site-name.localhost', user='Administrator') job in 0:00:00.295827s on worker f800c15beb474a89ab3b5cf66fe85bac
2026-09-22 15:28:02,299 home-makara-frappe-bench:default: Job OK (your-site-name.localhost||scheduled_job||51ujdm2d34)
2026-09-22 15:28:02,299 Result is kept for 600 seconds
2026-09-22 15:28:02,307 home-makara-frappe-bench:default: frappe.utils.background_jobs.execute_job(event=None, is_async=True, job_name='frappe.core.doctype.scheduled_job_type.scheduled_job_type.run_scheduled_jo..., kwargs={'job_type': 'frappe.automation_engine.drainer.drain_due', 'scheduled_job_t..., method='frappe.core.doctype.scheduled_job_type.scheduled_job_type.run_scheduled_jo..., site='your-site-name.localhost', user='Administrator') (your-site-name.localhost||scheduled_job||51u0dpk9ai)
2026-09-22 15:28:02,641 Successfully completed frappe.utils.background_jobs.execute_job(event=None, is_async=True, job_name='frappe.core.doctype.scheduled_job_type.scheduled_job_type.run_scheduled_jo..., kwargs={'job_type': 'frappe.automation_engine.drainer.drain_due', 'scheduled_job_t..., method='frappe.core.doctype.scheduled_job_type.scheduled_job_type.run_scheduled_jo..., site='your-site-name.localhost', user='Administrator') job in 0:00:00.326615s on worker f800c15beb474a89ab3b5cf66fe85bac
2026-09-22 15:28:02,641 home-makara-frappe-bench:default: Job OK (your-site-name.localhost||scheduled_job||51u0dpk9ai)
2026-09-22 15:28:02,641 Result is kept for 600 seconds
2026-09-22 15:28:02,649 home-makara-frappe-bench:default: frappe.utils.background_jobs.execute_job(event=None, is_async=True, job_name='frappe.core.doctype.scheduled_job_type.scheduled_job_type.run_scheduled_jo..., kwargs={'job_type': 'frappe.email.queue.retry_sending_emails', 'scheduled_job_type..., method='frappe.core.doctype.scheduled_job_type.scheduled_job_type.run_scheduled_jo..., site='your-site-name.localhost', user='Administrator') (your-site-name.localhost||scheduled_job||51uv7phrm7)
2026-09-22 15:28:02,975 Successfully completed frappe.utils.background_jobs.execute_job(event=None, is_async=True, job_name='frappe.core.doctype.scheduled_job_type.scheduled_job_type.run_scheduled_jo..., kwargs={'job_type': 'frappe.email.queue.retry_sending_emails', 'scheduled_job_type..., method='frappe.core.doctype.scheduled_job_type.scheduled_job_type.run_scheduled_jo..., site='your-site-name.localhost', user='Administrator') job in 0:00:00.319119s on worker f800c15beb474a89ab3b5cf66fe85bac
2026-09-22 15:28:02,975 home-makara-frappe-bench:default: Job OK (your-site-name.localhost||scheduled_job||51uv7phrm7)
2026-09-22 15:28:02,975 Result is kept for 600 seconds
2026-09-22 15:28:02,984 home-makara-frappe-bench:default: frappe.utils.background_jobs.execute_job(event=None, is_async=True, job_name='frappe.core.doctype.scheduled_job_type.scheduled_job_type.run_scheduled_jo..., kwargs={'job_type': 'frappe.automation_engine.scheduler.process_cron', 'scheduled_..., method='frappe.core.doctype.scheduled_job_type.scheduled_job_type.run_scheduled_jo..., site='your-site-name.localhost', user='Administrator') (your-site-name.localhost||scheduled_job||51u6ep6oat)
2026-09-22 15:28:03,277 Successfully completed frappe.utils.background_jobs.execute_job(event=None, is_async=True, job_name='frappe.core.doctype.scheduled_job_type.scheduled_job_type.run_scheduled_jo..., kwargs={'job_type': 'frappe.automation_engine.scheduler.process_cron', 'scheduled_..., method='frappe.core.doctype.scheduled_job_type.scheduled_job_type.run_scheduled_jo..., site='your-site-name.localhost', user='Administrator') job in 0:00:00.286495s on worker f800c15beb474a89ab3b5cf66fe85bac
2026-09-22 15:28:03,277 home-makara-frappe-bench:default: Job OK (your-site-name.localhost||scheduled_job||51u6ep6oat)
2026-09-22 15:28:03,277 Result is kept for 600 seconds
2026-09-22 15:28:03,285 home-makara-frappe-bench:default: frappe.utils.background_jobs.execute_job(event=None, is_async=True, job_name='frappe.core.doctype.scheduled_job_type.scheduled_job_type.run_scheduled_jo..., kwargs={'job_type': 'frappe.email.queue.flush', 'scheduled_job_type': '51um9eeecb'..., method='frappe.core.doctype.scheduled_job_type.scheduled_job_type.run_scheduled_jo..., site='your-site-name.localhost', user='Administrator') (your-site-name.localhost||scheduled_job||51um9eeecb)
2026-09-22 15:28:03,599 Successfully completed frappe.utils.background_jobs.execute_job(event=None, is_async=True, job_name='frappe.core.doctype.scheduled_job_type.scheduled_job_type.run_scheduled_jo..., kwargs={'job_type': 'frappe.email.queue.flush', 'scheduled_job_type': '51um9eeecb'..., method='frappe.core.doctype.scheduled_job_type.scheduled_job_type.run_scheduled_jo..., site='your-site-name.localhost', user='Administrator') job in 0:00:00.307825s on worker f800c15beb474a89ab3b5cf66fe85bac
2026-09-22 15:28:03,599 home-makara-frappe-bench:default: Job OK (your-site-name.localhost||scheduled_job||51um9eeecb)
2026-09-22 15:28:03,599 Result is kept for 600 seconds
2026-09-22 15:32:00,740 home-makara-frappe-bench:default: frappe.utils.background_jobs.execute_job(event=None, is_async=True, job_name='frappe.core.doctype.scheduled_job_type.scheduled_job_type.run_scheduled_jo..., kwargs={'job_type': 'frappe.deferred_insert.save_to_db', 'scheduled_job_type': '51..., method='frappe.core.doctype.scheduled_job_type.scheduled_job_type.run_scheduled_jo..., site='your-site-name.localhost', user='Administrator') (your-site-name.localhost||scheduled_job||51umjnqrgr)
2026-09-22 15:32:01,152 Successfully completed frappe.utils.background_jobs.execute_job(event=None, is_async=True, job_name='frappe.core.doctype.scheduled_job_type.scheduled_job_type.run_scheduled_jo..., kwargs={'job_type': 'frappe.deferred_insert.save_to_db', 'scheduled_job_type': '51..., method='frappe.core.doctype.scheduled_job_type.scheduled_job_type.run_scheduled_jo..., site='your-site-name.localhost', user='Administrator') job in 0:00:00.400423s on worker f800c15beb474a89ab3b5cf66fe85bac
2026-09-22 15:32:01,153 home-makara-frappe-bench:default: Job OK (your-site-name.localhost||scheduled_job||51umjnqrgr)
2026-09-22 15:32:01,153 Result is kept for 600 seconds
2026-09-22 15:32:01,162 home-makara-frappe-bench:default: frappe.utils.background_jobs.execute_job(event=None, is_async=True, job_name='frappe.core.doctype.scheduled_job_type.scheduled_job_type.run_scheduled_jo..., kwargs={'job_type': 'frappe.utils.telemetry.pulse.client.send_queued_events', 'sch..., method='frappe.core.doctype.scheduled_job_type.scheduled_job_type.run_scheduled_jo..., site='your-site-name.localhost', user='Administrator') (your-site-name.localhost||scheduled_job||51ub742nv9)
2026-09-22 15:32:01,500 Successfully completed frappe.utils.background_jobs.execute_job(event=None, is_async=True, job_name='frappe.core.doctype.scheduled_job_type.scheduled_job_type.run_scheduled_jo..., kwargs={'job_type': 'frappe.utils.telemetry.pulse.client.send_queued_events', 'sch..., method='frappe.core.doctype.scheduled_job_type.scheduled_job_type.run_scheduled_jo..., site='your-site-name.localhost', user='Administrator') job in 0:00:00.330161s on worker f800c15beb474a89ab3b5cf66fe85bac
2026-09-22 15:32:01,500 home-makara-frappe-bench:default: Job OK (your-site-name.localhost||scheduled_job||51ub742nv9)
2026-09-22 15:32:01,500 Result is kept for 600 seconds
2026-09-22 15:32:01,507 home-makara-frappe-bench:default: frappe.utils.background_jobs.execute_job(event=None, is_async=True, job_name='frappe.core.doctype.scheduled_job_type.scheduled_job_type.run_scheduled_jo..., kwargs={'job_type': 'frappe.search.sqlite_search.index_docs_in_queue', 'scheduled_..., method='frappe.core.doctype.scheduled_job_type.scheduled_job_type.run_scheduled_jo..., site='your-site-name.localhost', user='Administrator') (your-site-name.localhost||scheduled_job||51ubu6l9cg)
2026-09-22 15:32:01,814 Successfully completed frappe.utils.background_jobs.execute_job(event=None, is_async=True, job_name='frappe.core.doctype.scheduled_job_type.scheduled_job_type.run_scheduled_jo..., kwargs={'job_type': 'frappe.search.sqlite_search.index_docs_in_queue', 'scheduled_..., method='frappe.core.doctype.scheduled_job_type.scheduled_job_type.run_scheduled_jo..., site='your-site-name.localhost', user='Administrator') job in 0:00:00.299927s on worker f800c15beb474a89ab3b5cf66fe85bac
2026-09-22 15:32:01,814 home-makara-frappe-bench:default: Job OK (your-site-name.localhost||scheduled_job||51ubu6l9cg)
2026-09-22 15:32:01,814 Result is kept for 600 seconds
2026-09-22 15:32:01,822 home-makara-frappe-bench:default: frappe.utils.background_jobs.execute_job(event=None, is_async=True, job_name='frappe.core.doctype.scheduled_job_type.scheduled_job_type.run_scheduled_jo..., kwargs={'job_type': 'frappe.automation_engine.drainer.drain_due', 'scheduled_job_t..., method='frappe.core.doctype.scheduled_job_type.scheduled_job_type.run_scheduled_jo..., site='your-site-name.localhost', user='Administrator') (your-site-name.localhost||scheduled_job||51u0dpk9ai)
2026-09-22 15:32:02,138 Successfully completed frappe.utils.background_jobs.execute_job(event=None, is_async=True, job_name='frappe.core.doctype.scheduled_job_type.scheduled_job_type.run_scheduled_jo..., kwargs={'job_type': 'frappe.automation_engine.drainer.drain_due', 'scheduled_job_t..., method='frappe.core.doctype.scheduled_job_type.scheduled_job_type.run_scheduled_jo..., site='your-site-name.localhost', user='Administrator') job in 0:00:00.307735s on worker f800c15beb474a89ab3b5cf66fe85bac
2026-09-22 15:32:02,138 home-makara-frappe-bench:default: Job OK (your-site-name.localhost||scheduled_job||51u0dpk9ai)
2026-09-22 15:32:02,138 Result is kept for 600 seconds
2026-09-22 15:32:02,146 home-makara-frappe-bench:default: frappe.utils.background_jobs.execute_job(event=None, is_async=True, job_name='frappe.core.doctype.scheduled_job_type.scheduled_job_type.run_scheduled_jo..., kwargs={'job_type': 'frappe.email.queue.retry_sending_emails', 'scheduled_job_type..., method='frappe.core.doctype.scheduled_job_type.scheduled_job_type.run_scheduled_jo..., site='your-site-name.localhost', user='Administrator') (your-site-name.localhost||scheduled_job||51uv7phrm7)
2026-09-22 15:32:02,536 Successfully completed frappe.utils.background_jobs.execute_job(event=None, is_async=True, job_name='frappe.core.doctype.scheduled_job_type.scheduled_job_type.run_scheduled_jo..., kwargs={'job_type': 'frappe.email.queue.retry_sending_emails', 'scheduled_job_type..., method='frappe.core.doctype.scheduled_job_type.scheduled_job_type.run_scheduled_jo..., site='your-site-name.localhost', user='Administrator') job in 0:00:00.377879s on worker f800c15beb474a89ab3b5cf66fe85bac
2026-09-22 15:32:02,536 home-makara-frappe-bench:default: Job OK (your-site-name.localhost||scheduled_job||51uv7phrm7)
2026-09-22 15:32:02,536 Result is kept for 600 seconds
2026-09-22 15:32:02,545 home-makara-frappe-bench:default: frappe.utils.background_jobs.execute_job(event=None, is_async=True, job_name='frappe.core.doctype.scheduled_job_type.scheduled_job_type.run_scheduled_jo..., kwargs={'job_type': 'frappe.monitor.flush', 'scheduled_job_type': '51u5l2o9pg'}, method='frappe.core.doctype.scheduled_job_type.scheduled_job_type.run_scheduled_jo..., site='your-site-name.localhost', user='Administrator') (your-site-name.localhost||scheduled_job||51u5l2o9pg)
2026-09-22 15:32:02,880 Successfully completed frappe.utils.background_jobs.execute_job(event=None, is_async=True, job_name='frappe.core.doctype.scheduled_job_type.scheduled_job_type.run_scheduled_jo..., kwargs={'job_type': 'frappe.monitor.flush', 'scheduled_job_type': '51u5l2o9pg'}, method='frappe.core.doctype.scheduled_job_type.scheduled_job_type.run_scheduled_jo..., site='your-site-name.localhost', user='Administrator') job in 0:00:00.327702s on worker f800c15beb474a89ab3b5cf66fe85bac
2026-09-22 15:32:02,880 home-makara-frappe-bench:default: Job OK (your-site-name.localhost||scheduled_job||51u5l2o9pg)
2026-09-22 15:32:02,880 Result is kept for 600 seconds
2026-09-22 15:32:02,888 home-makara-frappe-bench:default: frappe.utils.background_jobs.execute_job(event=None, is_async=True, job_name='frappe.core.doctype.scheduled_job_type.scheduled_job_type.run_scheduled_jo..., kwargs={'job_type': 'frappe.automation.doctype.reminder.reminder.send_reminders', ..., method='frappe.core.doctype.scheduled_job_type.scheduled_job_type.run_scheduled_jo..., site='your-site-name.localhost', user='Administrator') (your-site-name.localhost||scheduled_job||51ujogtifi)
2026-09-22 15:32:03,223 Successfully completed frappe.utils.background_jobs.execute_job(event=None, is_async=True, job_name='frappe.core.doctype.scheduled_job_type.scheduled_job_type.run_scheduled_jo..., kwargs={'job_type': 'frappe.automation.doctype.reminder.reminder.send_reminders', ..., method='frappe.core.doctype.scheduled_job_type.scheduled_job_type.run_scheduled_jo..., site='your-site-name.localhost', user='Administrator') job in 0:00:00.327655s on worker f800c15beb474a89ab3b5cf66fe85bac
2026-09-22 15:32:03,223 home-makara-frappe-bench:default: Job OK (your-site-name.localhost||scheduled_job||51ujogtifi)
2026-09-22 15:32:03,223 Result is kept for 600 seconds
2026-09-22 15:32:03,230 home-makara-frappe-bench:default: frappe.utils.background_jobs.execute_job(event=None, is_async=True, job_name='frappe.core.doctype.scheduled_job_type.scheduled_job_type.run_scheduled_jo..., kwargs={'job_type': 'frappe.email.doctype.notification.notification.trigger_offset..., method='frappe.core.doctype.scheduled_job_type.scheduled_job_type.run_scheduled_jo..., site='your-site-name.localhost', user='Administrator') (your-site-name.localhost||scheduled_job||51ujdm2d34)
2026-09-22 15:32:03,530 Successfully completed frappe.utils.background_jobs.execute_job(event=None, is_async=True, job_name='frappe.core.doctype.scheduled_job_type.scheduled_job_type.run_scheduled_jo..., kwargs={'job_type': 'frappe.email.doctype.notification.notification.trigger_offset..., method='frappe.core.doctype.scheduled_job_type.scheduled_job_type.run_scheduled_jo..., site='your-site-name.localhost', user='Administrator') job in 0:00:00.293527s on worker f800c15beb474a89ab3b5cf66fe85bac
2026-09-22 15:32:03,531 home-makara-frappe-bench:default: Job OK (your-site-name.localhost||scheduled_job||51ujdm2d34)
2026-09-22 15:32:03,531 Result is kept for 600 seconds
2026-09-22 15:32:03,539 home-makara-frappe-bench:default: frappe.utils.background_jobs.execute_job(event=None, is_async=True, job_name='frappe.core.doctype.scheduled_job_type.scheduled_job_type.run_scheduled_jo..., kwargs={'job_type': 'frappe.email.queue.flush', 'scheduled_job_type': '51um9eeecb'..., method='frappe.core.doctype.scheduled_job_type.scheduled_job_type.run_scheduled_jo..., site='your-site-name.localhost', user='Administrator') (your-site-name.localhost||scheduled_job||51um9eeecb)
2026-09-22 15:32:03,858 Successfully completed frappe.utils.background_jobs.execute_job(event=None, is_async=True, job_name='frappe.core.doctype.scheduled_job_type.scheduled_job_type.run_scheduled_jo..., kwargs={'job_type': 'frappe.email.queue.flush', 'scheduled_job_type': '51um9eeecb'..., method='frappe.core.doctype.scheduled_job_type.scheduled_job_type.run_scheduled_jo..., site='your-site-name.localhost', user='Administrator') job in 0:00:00.311560s on worker f800c15beb474a89ab3b5cf66fe85bac
2026-09-22 15:32:03,858 home-makara-frappe-bench:default: Job OK (your-site-name.localhost||scheduled_job||51um9eeecb)
2026-09-22 15:32:03,859 Result is kept for 600 seconds
2026-09-22 15:32:03,865 home-makara-frappe-bench:default: frappe.utils.background_jobs.execute_job(event=None, is_async=True, job_name='frappe.core.doctype.scheduled_job_type.scheduled_job_type.run_scheduled_jo..., kwargs={'job_type': 'frappe.email.doctype.email_account.email_account.notify_unrep..., method='frappe.core.doctype.scheduled_job_type.scheduled_job_type.run_scheduled_jo..., site='your-site-name.localhost', user='Administrator') (your-site-name.localhost||scheduled_job||51utl79ueh)
2026-09-22 15:32:04,159 Successfully completed frappe.utils.background_jobs.execute_job(event=None, is_async=True, job_name='frappe.core.doctype.scheduled_job_type.scheduled_job_type.run_scheduled_jo..., kwargs={'job_type': 'frappe.email.doctype.email_account.email_account.notify_unrep..., method='frappe.core.doctype.scheduled_job_type.scheduled_job_type.run_scheduled_jo..., site='your-site-name.localhost', user='Administrator') job in 0:00:00.286177s on worker f800c15beb474a89ab3b5cf66fe85bac
2026-09-22 15:32:04,160 home-makara-frappe-bench:default: Job OK (your-site-name.localhost||scheduled_job||51utl79ueh)
2026-09-22 15:32:04,160 Result is kept for 600 seconds
2026-09-22 15:32:04,170 home-makara-frappe-bench:default: frappe.utils.background_jobs.execute_job(event=None, is_async=True, job_name='frappe.core.doctype.scheduled_job_type.scheduled_job_type.run_scheduled_jo..., kwargs={'job_type': 'frappe.utils.global_search.sync_global_search', 'scheduled_jo..., method='frappe.core.doctype.scheduled_job_type.scheduled_job_type.run_scheduled_jo..., site='your-site-name.localhost', user='Administrator') (your-site-name.localhost||scheduled_job||51ul1o6qkh)
2026-09-22 15:32:04,464 Successfully completed frappe.utils.background_jobs.execute_job(event=None, is_async=True, job_name='frappe.core.doctype.scheduled_job_type.scheduled_job_type.run_scheduled_jo..., kwargs={'job_type': 'frappe.utils.global_search.sync_global_search', 'scheduled_jo..., method='frappe.core.doctype.scheduled_job_type.scheduled_job_type.run_scheduled_jo..., site='your-site-name.localhost', user='Administrator') job in 0:00:00.288085s on worker f800c15beb474a89ab3b5cf66fe85bac
2026-09-22 15:32:04,465 home-makara-frappe-bench:default: Job OK (your-site-name.localhost||scheduled_job||51ul1o6qkh)
2026-09-22 15:32:04,465 Result is kept for 600 seconds
2026-09-22 15:32:04,473 home-makara-frappe-bench:default: frappe.utils.background_jobs.execute_job(event=None, is_async=True, job_name='frappe.core.doctype.scheduled_job_type.scheduled_job_type.run_scheduled_jo..., kwargs={'job_type': 'frappe.automation_engine.scheduler.process_cron', 'scheduled_..., method='frappe.core.doctype.scheduled_job_type.scheduled_job_type.run_scheduled_jo..., site='your-site-name.localhost', user='Administrator') (your-site-name.localhost||scheduled_job||51u6ep6oat)
2026-09-22 15:32:04,771 Successfully completed frappe.utils.background_jobs.execute_job(event=None, is_async=True, job_name='frappe.core.doctype.scheduled_job_type.scheduled_job_type.run_scheduled_jo..., kwargs={'job_type': 'frappe.automation_engine.scheduler.process_cron', 'scheduled_..., method='frappe.core.doctype.scheduled_job_type.scheduled_job_type.run_scheduled_jo..., site='your-site-name.localhost', user='Administrator') job in 0:00:00.292773s on worker f800c15beb474a89ab3b5cf66fe85bac
2026-09-22 15:32:04,772 home-makara-frappe-bench:default: Job OK (your-site-name.localhost||scheduled_job||51u6ep6oat)
2026-09-22 15:32:04,772 Result is kept for 600 seconds
2026-09-22 15:32:04,779 home-makara-frappe-bench:default: frappe.utils.background_jobs.execute_job(event=None, is_async=True, job_name='frappe.core.doctype.scheduled_job_type.scheduled_job_type.run_scheduled_jo..., kwargs={'job_type': 'frappe.integrations.doctype.webhook.webhook.retry_failed_webh..., method='frappe.core.doctype.scheduled_job_type.scheduled_job_type.run_scheduled_jo..., site='your-site-name.localhost', user='Administrator') (your-site-name.localhost||scheduled_job||51ugekk04n)
2026-09-22 15:32:05,076 Successfully completed frappe.utils.background_jobs.execute_job(event=None, is_async=True, job_name='frappe.core.doctype.scheduled_job_type.scheduled_job_type.run_scheduled_jo..., kwargs={'job_type': 'frappe.integrations.doctype.webhook.webhook.retry_failed_webh..., method='frappe.core.doctype.scheduled_job_type.scheduled_job_type.run_scheduled_jo..., site='your-site-name.localhost', user='Administrator') job in 0:00:00.291061s on worker f800c15beb474a89ab3b5cf66fe85bac
2026-09-22 15:32:05,076 home-makara-frappe-bench:default: Job OK (your-site-name.localhost||scheduled_job||51ugekk04n)
2026-09-22 15:32:05,076 Result is kept for 600 seconds
2026-09-22 15:32:05,084 home-makara-frappe-bench:default: frappe.utils.background_jobs.execute_job(event=None, is_async=True, job_name='frappe.core.doctype.scheduled_job_type.scheduled_job_type.run_scheduled_jo..., kwargs={'job_type': 'frappe.integrations.doctype.google_calendar.google_calendar.s..., method='frappe.core.doctype.scheduled_job_type.scheduled_job_type.run_scheduled_jo..., site='your-site-name.localhost', user='Administrator') (your-site-name.localhost||scheduled_job||51u2s8slv0)
2026-09-22 15:32:05,369 Successfully completed frappe.utils.background_jobs.execute_job(event=None, is_async=True, job_name='frappe.core.doctype.scheduled_job_type.scheduled_job_type.run_scheduled_jo..., kwargs={'job_type': 'frappe.integrations.doctype.google_calendar.google_calendar.s..., method='frappe.core.doctype.scheduled_job_type.scheduled_job_type.run_scheduled_jo..., site='your-site-name.localhost', user='Administrator') job in 0:00:00.277765s on worker f800c15beb474a89ab3b5cf66fe85bac
2026-09-22 15:32:05,369 home-makara-frappe-bench:default: Job OK (your-site-name.localhost||scheduled_job||51u2s8slv0)
2026-09-22 15:32:05,369 Result is kept for 600 seconds
2026-09-22 15:32:05,377 home-makara-frappe-bench:default: frappe.utils.background_jobs.execute_job(event=None, is_async=True, job_name='frappe.core.doctype.scheduled_job_type.scheduled_job_type.run_scheduled_jo..., kwargs={'job_type': 'frappe.email.doctype.email_account.email_account.pull', 'sche..., method='frappe.core.doctype.scheduled_job_type.scheduled_job_type.run_scheduled_jo..., site='your-site-name.localhost', user='Administrator') (your-site-name.localhost||scheduled_job||51u4simu78)
2026-09-22 15:32:05,690 Successfully completed frappe.utils.background_jobs.execute_job(event=None, is_async=True, job_name='frappe.core.doctype.scheduled_job_type.scheduled_job_type.run_scheduled_jo..., kwargs={'job_type': 'frappe.email.doctype.email_account.email_account.pull', 'sche..., method='frappe.core.doctype.scheduled_job_type.scheduled_job_type.run_scheduled_jo..., site='your-site-name.localhost', user='Administrator') job in 0:00:00.305759s on worker f800c15beb474a89ab3b5cf66fe85bac
2026-09-22 15:32:05,690 home-makara-frappe-bench:default: Job OK (your-site-name.localhost||scheduled_job||51u4simu78)
2026-09-22 15:32:05,690 Result is kept for 600 seconds
2026-09-22 15:32:05,698 home-makara-frappe-bench:default: frappe.utils.background_jobs.execute_job(event=None, is_async=True, job_name='frappe.core.doctype.scheduled_job_type.scheduled_job_type.run_scheduled_jo..., kwargs={'job_type': 'frappe.model.utils.link_count.update_link_count', 'scheduled_..., method='frappe.core.doctype.scheduled_job_type.scheduled_job_type.run_scheduled_jo..., site='your-site-name.localhost', user='Administrator') (your-site-name.localhost||scheduled_job||51utqpe235)
2026-09-22 15:32:05,994 Successfully completed frappe.utils.background_jobs.execute_job(event=None, is_async=True, job_name='frappe.core.doctype.scheduled_job_type.scheduled_job_type.run_scheduled_jo..., kwargs={'job_type': 'frappe.model.utils.link_count.update_link_count', 'scheduled_..., method='frappe.core.doctype.scheduled_job_type.scheduled_job_type.run_scheduled_jo..., site='your-site-name.localhost', user='Administrator') job in 0:00:00.288195s on worker f800c15beb474a89ab3b5cf66fe85bac
2026-09-22 15:32:05,994 home-makara-frappe-bench:default: Job OK (your-site-name.localhost||scheduled_job||51utqpe235)
2026-09-22 15:32:05,994 Result is kept for 600 seconds
2026-09-22 15:36:00,794 home-makara-frappe-bench:default: frappe.utils.background_jobs.execute_job(event=None, is_async=True, job_name='frappe.core.doctype.scheduled_job_type.scheduled_job_type.run_scheduled_jo..., kwargs={'job_type': 'frappe.email.doctype.notification.notification.trigger_offset..., method='frappe.core.doctype.scheduled_job_type.scheduled_job_type.run_scheduled_jo..., site='your-site-name.localhost', user='Administrator') (your-site-name.localhost||scheduled_job||51ujdm2d34)
2026-09-22 15:36:01,109 Successfully completed frappe.utils.background_jobs.execute_job(event=None, is_async=True, job_name='frappe.core.doctype.scheduled_job_type.scheduled_job_type.run_scheduled_jo..., kwargs={'job_type': 'frappe.email.doctype.notification.notification.trigger_offset..., method='frappe.core.doctype.scheduled_job_type.scheduled_job_type.run_scheduled_jo..., site='your-site-name.localhost', user='Administrator') job in 0:00:00.307354s on worker f800c15beb474a89ab3b5cf66fe85bac
2026-09-22 15:36:01,110 home-makara-frappe-bench:default: Job OK (your-site-name.localhost||scheduled_job||51ujdm2d34)
2026-09-22 15:36:01,110 Result is kept for 600 seconds
2026-09-22 15:36:01,116 Worker f800c15beb474a89ab3b5cf66fe85bac: cleaning registries for queue: home-makara-frappe-bench:short
2026-09-22 15:36:01,117 Worker f800c15beb474a89ab3b5cf66fe85bac: cleaning registries for queue: home-makara-frappe-bench:default
2026-09-22 15:36:01,118 Worker f800c15beb474a89ab3b5cf66fe85bac: cleaning registries for queue: home-makara-frappe-bench:long
2026-09-22 15:36:01,134 home-makara-frappe-bench:default: frappe.utils.background_jobs.execute_job(event=None, is_async=True, job_name='frappe.core.doctype.scheduled_job_type.scheduled_job_type.run_scheduled_jo..., kwargs={'job_type': 'frappe.monitor.flush', 'scheduled_job_type': '51u5l2o9pg'}, method='frappe.core.doctype.scheduled_job_type.scheduled_job_type.run_scheduled_jo..., site='your-site-name.localhost', user='Administrator') (your-site-name.localhost||scheduled_job||51u5l2o9pg)
2026-09-22 15:36:01,427 Successfully completed frappe.utils.background_jobs.execute_job(event=None, is_async=True, job_name='frappe.core.doctype.scheduled_job_type.scheduled_job_type.run_scheduled_jo..., kwargs={'job_type': 'frappe.monitor.flush', 'scheduled_job_type': '51u5l2o9pg'}, method='frappe.core.doctype.scheduled_job_type.scheduled_job_type.run_scheduled_jo..., site='your-site-name.localhost', user='Administrator') job in 0:00:00.280269s on worker f800c15beb474a89ab3b5cf66fe85bac
2026-09-22 15:36:01,427 home-makara-frappe-bench:default: Job OK (your-site-name.localhost||scheduled_job||51u5l2o9pg)
2026-09-22 15:36:01,427 Result is kept for 600 seconds
2026-09-22 15:36:01,436 home-makara-frappe-bench:default: frappe.utils.background_jobs.execute_job(event=None, is_async=True, job_name='frappe.core.doctype.scheduled_job_type.scheduled_job_type.run_scheduled_jo..., kwargs={'job_type': 'frappe.integrations.doctype.webhook.webhook.retry_failed_webh..., method='frappe.core.doctype.scheduled_job_type.scheduled_job_type.run_scheduled_jo..., site='your-site-name.localhost', user='Administrator') (your-site-name.localhost||scheduled_job||51ugekk04n)
2026-09-22 15:36:01,747 Successfully completed frappe.utils.background_jobs.execute_job(event=None, is_async=True, job_name='frappe.core.doctype.scheduled_job_type.scheduled_job_type.run_scheduled_jo..., kwargs={'job_type': 'frappe.integrations.doctype.webhook.webhook.retry_failed_webh..., method='frappe.core.doctype.scheduled_job_type.scheduled_job_type.run_scheduled_jo..., site='your-site-name.localhost', user='Administrator') job in 0:00:00.303599s on worker f800c15beb474a89ab3b5cf66fe85bac
2026-09-22 15:36:01,747 home-makara-frappe-bench:default: Job OK (your-site-name.localhost||scheduled_job||51ugekk04n)
2026-09-22 15:36:01,747 Result is kept for 600 seconds
2026-09-22 15:36:01,756 home-makara-frappe-bench:default: frappe.utils.background_jobs.execute_job(event=None, is_async=True, job_name='frappe.core.doctype.scheduled_job_type.scheduled_job_type.run_scheduled_jo..., kwargs={'job_type': 'frappe.integrations.doctype.google_calendar.google_calendar.s..., method='frappe.core.doctype.scheduled_job_type.scheduled_job_type.run_scheduled_jo..., site='your-site-name.localhost', user='Administrator') (your-site-name.localhost||scheduled_job||51u2s8slv0)
2026-09-22 15:36:02,089 Successfully completed frappe.utils.background_jobs.execute_job(event=None, is_async=True, job_name='frappe.core.doctype.scheduled_job_type.scheduled_job_type.run_scheduled_jo..., kwargs={'job_type': 'frappe.integrations.doctype.google_calendar.google_calendar.s..., method='frappe.core.doctype.scheduled_job_type.scheduled_job_type.run_scheduled_jo..., site='your-site-name.localhost', user='Administrator') job in 0:00:00.324644s on worker f800c15beb474a89ab3b5cf66fe85bac
2026-09-22 15:36:02,089 home-makara-frappe-bench:default: Job OK (your-site-name.localhost||scheduled_job||51u2s8slv0)
2026-09-22 15:36:02,090 Result is kept for 600 seconds
2026-09-22 15:36:02,098 home-makara-frappe-bench:default: frappe.utils.background_jobs.execute_job(event=None, is_async=True, job_name='frappe.core.doctype.scheduled_job_type.scheduled_job_type.run_scheduled_jo..., kwargs={'job_type': 'frappe.search.sqlite_search.index_docs_in_queue', 'scheduled_..., method='frappe.core.doctype.scheduled_job_type.scheduled_job_type.run_scheduled_jo..., site='your-site-name.localhost', user='Administrator') (your-site-name.localhost||scheduled_job||51ubu6l9cg)
2026-09-22 15:36:02,419 Successfully completed frappe.utils.background_jobs.execute_job(event=None, is_async=True, job_name='frappe.core.doctype.scheduled_job_type.scheduled_job_type.run_scheduled_jo..., kwargs={'job_type': 'frappe.search.sqlite_search.index_docs_in_queue', 'scheduled_..., method='frappe.core.doctype.scheduled_job_type.scheduled_job_type.run_scheduled_jo..., site='your-site-name.localhost', user='Administrator') job in 0:00:00.314309s on worker f800c15beb474a89ab3b5cf66fe85bac
2026-09-22 15:36:02,419 home-makara-frappe-bench:default: Job OK (your-site-name.localhost||scheduled_job||51ubu6l9cg)
2026-09-22 15:36:02,419 Result is kept for 600 seconds
2026-09-22 15:36:02,427 home-makara-frappe-bench:default: frappe.utils.background_jobs.execute_job(event=None, is_async=True, job_name='frappe.core.doctype.scheduled_job_type.scheduled_job_type.run_scheduled_jo..., kwargs={'job_type': 'frappe.automation_engine.drainer.drain_due', 'scheduled_job_t..., method='frappe.core.doctype.scheduled_job_type.scheduled_job_type.run_scheduled_jo..., site='your-site-name.localhost', user='Administrator') (your-site-name.localhost||scheduled_job||51u0dpk9ai)
2026-09-22 15:36:02,746 Successfully completed frappe.utils.background_jobs.execute_job(event=None, is_async=True, job_name='frappe.core.doctype.scheduled_job_type.scheduled_job_type.run_scheduled_jo..., kwargs={'job_type': 'frappe.automation_engine.drainer.drain_due', 'scheduled_job_t..., method='frappe.core.doctype.scheduled_job_type.scheduled_job_type.run_scheduled_jo..., site='your-site-name.localhost', user='Administrator') job in 0:00:00.310898s on worker f800c15beb474a89ab3b5cf66fe85bac
2026-09-22 15:36:02,746 home-makara-frappe-bench:default: Job OK (your-site-name.localhost||scheduled_job||51u0dpk9ai)
2026-09-22 15:36:02,746 Result is kept for 600 seconds
2026-09-22 15:36:02,755 home-makara-frappe-bench:default: frappe.utils.background_jobs.execute_job(event=None, is_async=True, job_name='frappe.core.doctype.scheduled_job_type.scheduled_job_type.run_scheduled_jo..., kwargs={'job_type': 'frappe.email.queue.flush', 'scheduled_job_type': '51um9eeecb'..., method='frappe.core.doctype.scheduled_job_type.scheduled_job_type.run_scheduled_jo..., site='your-site-name.localhost', user='Administrator') (your-site-name.localhost||scheduled_job||51um9eeecb)
2026-09-22 15:36:03,128 Successfully completed frappe.utils.background_jobs.execute_job(event=None, is_async=True, job_name='frappe.core.doctype.scheduled_job_type.scheduled_job_type.run_scheduled_jo..., kwargs={'job_type': 'frappe.email.queue.flush', 'scheduled_job_type': '51um9eeecb'..., method='frappe.core.doctype.scheduled_job_type.scheduled_job_type.run_scheduled_jo..., site='your-site-name.localhost', user='Administrator') job in 0:00:00.354241s on worker f800c15beb474a89ab3b5cf66fe85bac
2026-09-22 15:36:03,128 home-makara-frappe-bench:default: Job OK (your-site-name.localhost||scheduled_job||51um9eeecb)
2026-09-22 15:36:03,129 Result is kept for 600 seconds
2026-09-22 15:36:03,140 home-makara-frappe-bench:default: frappe.utils.background_jobs.execute_job(event=None, is_async=True, job_name='frappe.core.doctype.scheduled_job_type.scheduled_job_type.run_scheduled_jo..., kwargs={'job_type': 'frappe.email.queue.retry_sending_emails', 'scheduled_job_type..., method='frappe.core.doctype.scheduled_job_type.scheduled_job_type.run_scheduled_jo..., site='your-site-name.localhost', user='Administrator') (your-site-name.localhost||scheduled_job||51uv7phrm7)
2026-09-22 15:36:03,556 Successfully completed frappe.utils.background_jobs.execute_job(event=None, is_async=True, job_name='frappe.core.doctype.scheduled_job_type.scheduled_job_type.run_scheduled_jo..., kwargs={'job_type': 'frappe.email.queue.retry_sending_emails', 'scheduled_job_type..., method='frappe.core.doctype.scheduled_job_type.scheduled_job_type.run_scheduled_jo..., site='your-site-name.localhost', user='Administrator') job in 0:00:00.405921s on worker f800c15beb474a89ab3b5cf66fe85bac
2026-09-22 15:36:03,557 home-makara-frappe-bench:default: Job OK (your-site-name.localhost||scheduled_job||51uv7phrm7)
2026-09-22 15:36:03,557 Result is kept for 600 seconds
2026-09-22 15:36:03,568 home-makara-frappe-bench:default: frappe.utils.background_jobs.execute_job(event=None, is_async=True, job_name='frappe.core.doctype.scheduled_job_type.scheduled_job_type.run_scheduled_jo..., kwargs={'job_type': 'frappe.automation_engine.scheduler.process_cron', 'scheduled_..., method='frappe.core.doctype.scheduled_job_type.scheduled_job_type.run_scheduled_jo..., site='your-site-name.localhost', user='Administrator') (your-site-name.localhost||scheduled_job||51u6ep6oat)
2026-09-22 15:36:03,942 Successfully completed frappe.utils.background_jobs.execute_job(event=None, is_async=True, job_name='frappe.core.doctype.scheduled_job_type.scheduled_job_type.run_scheduled_jo..., kwargs={'job_type': 'frappe.automation_engine.scheduler.process_cron', 'scheduled_..., method='frappe.core.doctype.scheduled_job_type.scheduled_job_type.run_scheduled_jo..., site='your-site-name.localhost', user='Administrator') job in 0:00:00.360634s on worker f800c15beb474a89ab3b5cf66fe85bac
2026-09-22 15:36:03,942 home-makara-frappe-bench:default: Job OK (your-site-name.localhost||scheduled_job||51u6ep6oat)
2026-09-22 15:36:03,942 Result is kept for 600 seconds
2026-09-22 15:40:00,826 home-makara-frappe-bench:default: frappe.utils.background_jobs.execute_job(event=None, is_async=True, job_name='frappe.core.doctype.scheduled_job_type.scheduled_job_type.run_scheduled_jo..., kwargs={'job_type': 'frappe.email.doctype.notification.notification.trigger_offset..., method='frappe.core.doctype.scheduled_job_type.scheduled_job_type.run_scheduled_jo..., site='your-site-name.localhost', user='Administrator') (your-site-name.localhost||scheduled_job||51ujdm2d34)
2026-09-22 15:40:01,136 Successfully completed frappe.utils.background_jobs.execute_job(event=None, is_async=True, job_name='frappe.core.doctype.scheduled_job_type.scheduled_job_type.run_scheduled_jo..., kwargs={'job_type': 'frappe.email.doctype.notification.notification.trigger_offset..., method='frappe.core.doctype.scheduled_job_type.scheduled_job_type.run_scheduled_jo..., site='your-site-name.localhost', user='Administrator') job in 0:00:00.302841s on worker f800c15beb474a89ab3b5cf66fe85bac
2026-09-22 15:40:01,137 home-makara-frappe-bench:default: Job OK (your-site-name.localhost||scheduled_job||51ujdm2d34)
2026-09-22 15:40:01,137 Result is kept for 600 seconds
2026-09-22 15:40:01,148 home-makara-frappe-bench:default: frappe.utils.background_jobs.execute_job(event=None, is_async=True, job_name='frappe.core.doctype.scheduled_job_type.scheduled_job_type.run_scheduled_jo..., kwargs={'job_type': 'frappe.integrations.doctype.webhook.webhook.retry_failed_webh..., method='frappe.core.doctype.scheduled_job_type.scheduled_job_type.run_scheduled_jo..., site='your-site-name.localhost', user='Administrator') (your-site-name.localhost||scheduled_job||51ugekk04n)
2026-09-22 15:40:01,447 Successfully completed frappe.utils.background_jobs.execute_job(event=None, is_async=True, job_name='frappe.core.doctype.scheduled_job_type.scheduled_job_type.run_scheduled_jo..., kwargs={'job_type': 'frappe.integrations.doctype.webhook.webhook.retry_failed_webh..., method='frappe.core.doctype.scheduled_job_type.scheduled_job_type.run_scheduled_jo..., site='your-site-name.localhost', user='Administrator') job in 0:00:00.291345s on worker f800c15beb474a89ab3b5cf66fe85bac
2026-09-22 15:40:01,447 home-makara-frappe-bench:default: Job OK (your-site-name.localhost||scheduled_job||51ugekk04n)
2026-09-22 15:40:01,448 Result is kept for 600 seconds
2026-09-22 15:40:01,458 home-makara-frappe-bench:default: frappe.utils.background_jobs.execute_job(event=None, is_async=True, job_name='frappe.core.doctype.scheduled_job_type.scheduled_job_type.run_scheduled_jo..., kwargs={'job_type': 'frappe.email.doctype.email_account.email_account.pull', 'sche..., method='frappe.core.doctype.scheduled_job_type.scheduled_job_type.run_scheduled_jo..., site='your-site-name.localhost', user='Administrator') (your-site-name.localhost||scheduled_job||51u4simu78)
2026-09-22 15:40:01,792 Successfully completed frappe.utils.background_jobs.execute_job(event=None, is_async=True, job_name='frappe.core.doctype.scheduled_job_type.scheduled_job_type.run_scheduled_jo..., kwargs={'job_type': 'frappe.email.doctype.email_account.email_account.pull', 'sche..., method='frappe.core.doctype.scheduled_job_type.scheduled_job_type.run_scheduled_jo..., site='your-site-name.localhost', user='Administrator') job in 0:00:00.324962s on worker f800c15beb474a89ab3b5cf66fe85bac
2026-09-22 15:40:01,792 home-makara-frappe-bench:default: Job OK (your-site-name.localhost||scheduled_job||51u4simu78)
2026-09-22 15:40:01,792 Result is kept for 600 seconds
2026-09-22 15:40:01,800 home-makara-frappe-bench:default: frappe.utils.background_jobs.execute_job(event=None, is_async=True, job_name='frappe.core.doctype.scheduled_job_type.scheduled_job_type.run_scheduled_jo..., kwargs={'job_type': 'frappe.automation_engine.scheduler.process_cron', 'scheduled_..., method='frappe.core.doctype.scheduled_job_type.scheduled_job_type.run_scheduled_jo..., site='your-site-name.localhost', user='Administrator') (your-site-name.localhost||scheduled_job||51u6ep6oat)
2026-09-22 15:40:02,096 Successfully completed frappe.utils.background_jobs.execute_job(event=None, is_async=True, job_name='frappe.core.doctype.scheduled_job_type.scheduled_job_type.run_scheduled_jo..., kwargs={'job_type': 'frappe.automation_engine.scheduler.process_cron', 'scheduled_..., method='frappe.core.doctype.scheduled_job_type.scheduled_job_type.run_scheduled_jo..., site='your-site-name.localhost', user='Administrator') job in 0:00:00.288299s on worker f800c15beb474a89ab3b5cf66fe85bac
2026-09-22 15:40:02,096 home-makara-frappe-bench:default: Job OK (your-site-name.localhost||scheduled_job||51u6ep6oat)
2026-09-22 15:40:02,096 Result is kept for 600 seconds
2026-09-22 15:40:02,104 home-makara-frappe-bench:default: frappe.utils.background_jobs.execute_job(event=None, is_async=True, job_name='frappe.core.doctype.scheduled_job_type.scheduled_job_type.run_scheduled_jo..., kwargs={'job_type': 'frappe.email.queue.retry_sending_emails', 'scheduled_job_type..., method='frappe.core.doctype.scheduled_job_type.scheduled_job_type.run_scheduled_jo..., site='your-site-name.localhost', user='Administrator') (your-site-name.localhost||scheduled_job||51uv7phrm7)
2026-09-22 15:40:02,424 Successfully completed frappe.utils.background_jobs.execute_job(event=None, is_async=True, job_name='frappe.core.doctype.scheduled_job_type.scheduled_job_type.run_scheduled_jo..., kwargs={'job_type': 'frappe.email.queue.retry_sending_emails', 'scheduled_job_type..., method='frappe.core.doctype.scheduled_job_type.scheduled_job_type.run_scheduled_jo..., site='your-site-name.localhost', user='Administrator') job in 0:00:00.311888s on worker f800c15beb474a89ab3b5cf66fe85bac
2026-09-22 15:40:02,424 home-makara-frappe-bench:default: Job OK (your-site-name.localhost||scheduled_job||51uv7phrm7)
2026-09-22 15:40:02,424 Result is kept for 600 seconds
2026-09-22 15:40:02,435 home-makara-frappe-bench:default: frappe.utils.background_jobs.execute_job(event=None, is_async=True, job_name='frappe.core.doctype.scheduled_job_type.scheduled_job_type.run_scheduled_jo..., kwargs={'job_type': 'frappe.email.queue.flush', 'scheduled_job_type': '51um9eeecb'..., method='frappe.core.doctype.scheduled_job_type.scheduled_job_type.run_scheduled_jo..., site='your-site-name.localhost', user='Administrator') (your-site-name.localhost||scheduled_job||51um9eeecb)
2026-09-22 15:40:02,750 Successfully completed frappe.utils.background_jobs.execute_job(event=None, is_async=True, job_name='frappe.core.doctype.scheduled_job_type.scheduled_job_type.run_scheduled_jo..., kwargs={'job_type': 'frappe.email.queue.flush', 'scheduled_job_type': '51um9eeecb'..., method='frappe.core.doctype.scheduled_job_type.scheduled_job_type.run_scheduled_jo..., site='your-site-name.localhost', user='Administrator') job in 0:00:00.308299s on worker f800c15beb474a89ab3b5cf66fe85bac
2026-09-22 15:40:02,750 home-makara-frappe-bench:default: Job OK (your-site-name.localhost||scheduled_job||51um9eeecb)
2026-09-22 15:40:02,751 Result is kept for 600 seconds
2026-09-22 15:40:02,758 home-makara-frappe-bench:default: frappe.utils.background_jobs.execute_job(event=None, is_async=True, job_name='frappe.core.doctype.scheduled_job_type.scheduled_job_type.run_scheduled_jo..., kwargs={'job_type': 'frappe.search.sqlite_search.index_docs_in_queue', 'scheduled_..., method='frappe.core.doctype.scheduled_job_type.scheduled_job_type.run_scheduled_jo..., site='your-site-name.localhost', user='Administrator') (your-site-name.localhost||scheduled_job||51ubu6l9cg)
2026-09-22 15:40:03,067 Successfully completed frappe.utils.background_jobs.execute_job(event=None, is_async=True, job_name='frappe.core.doctype.scheduled_job_type.scheduled_job_type.run_scheduled_jo..., kwargs={'job_type': 'frappe.search.sqlite_search.index_docs_in_queue', 'scheduled_..., method='frappe.core.doctype.scheduled_job_type.scheduled_job_type.run_scheduled_jo..., site='your-site-name.localhost', user='Administrator') job in 0:00:00.300573s on worker f800c15beb474a89ab3b5cf66fe85bac
2026-09-22 15:40:03,067 home-makara-frappe-bench:default: Job OK (your-site-name.localhost||scheduled_job||51ubu6l9cg)
2026-09-22 15:40:03,067 Result is kept for 600 seconds
2026-09-22 15:40:03,079 home-makara-frappe-bench:default: frappe.utils.background_jobs.execute_job(event=None, is_async=True, job_name='frappe.core.doctype.scheduled_job_type.scheduled_job_type.run_scheduled_jo..., kwargs={'job_type': 'frappe.integrations.doctype.google_calendar.google_calendar.s..., method='frappe.core.doctype.scheduled_job_type.scheduled_job_type.run_scheduled_jo..., site='your-site-name.localhost', user='Administrator') (your-site-name.localhost||scheduled_job||51u2s8slv0)
2026-09-22 15:40:03,379 Successfully completed frappe.utils.background_jobs.execute_job(event=None, is_async=True, job_name='frappe.core.doctype.scheduled_job_type.scheduled_job_type.run_scheduled_jo..., kwargs={'job_type': 'frappe.integrations.doctype.google_calendar.google_calendar.s..., method='frappe.core.doctype.scheduled_job_type.scheduled_job_type.run_scheduled_jo..., site='your-site-name.localhost', user='Administrator') job in 0:00:00.292515s on worker f800c15beb474a89ab3b5cf66fe85bac
2026-09-22 15:40:03,379 home-makara-frappe-bench:default: Job OK (your-site-name.localhost||scheduled_job||51u2s8slv0)
2026-09-22 15:40:03,379 Result is kept for 600 seconds
2026-09-22 15:40:03,388 home-makara-frappe-bench:default: frappe.utils.background_jobs.execute_job(event=None, is_async=True, job_name='frappe.core.doctype.scheduled_job_type.scheduled_job_type.run_scheduled_jo..., kwargs={'job_type': 'frappe.monitor.flush', 'scheduled_job_type': '51u5l2o9pg'}, method='frappe.core.doctype.scheduled_job_type.scheduled_job_type.run_scheduled_jo..., site='your-site-name.localhost', user='Administrator') (your-site-name.localhost||scheduled_job||51u5l2o9pg)
2026-09-22 15:40:03,700 Successfully completed frappe.utils.background_jobs.execute_job(event=None, is_async=True, job_name='frappe.core.doctype.scheduled_job_type.scheduled_job_type.run_scheduled_jo..., kwargs={'job_type': 'frappe.monitor.flush', 'scheduled_job_type': '51u5l2o9pg'}, method='frappe.core.doctype.scheduled_job_type.scheduled_job_type.run_scheduled_jo..., site='your-site-name.localhost', user='Administrator') job in 0:00:00.305697s on worker f800c15beb474a89ab3b5cf66fe85bac
2026-09-22 15:40:03,700 home-makara-frappe-bench:default: Job OK (your-site-name.localhost||scheduled_job||51u5l2o9pg)
2026-09-22 15:40:03,700 Result is kept for 600 seconds
2026-09-22 15:40:03,707 home-makara-frappe-bench:default: frappe.utils.background_jobs.execute_job(event=None, is_async=True, job_name='frappe.core.doctype.scheduled_job_type.scheduled_job_type.run_scheduled_jo..., kwargs={'job_type': 'frappe.automation_engine.drainer.drain_due', 'scheduled_job_t..., method='frappe.core.doctype.scheduled_job_type.scheduled_job_type.run_scheduled_jo..., site='your-site-name.localhost', user='Administrator') (your-site-name.localhost||scheduled_job||51u0dpk9ai)
2026-09-22 15:40:04,014 Successfully completed frappe.utils.background_jobs.execute_job(event=None, is_async=True, job_name='frappe.core.doctype.scheduled_job_type.scheduled_job_type.run_scheduled_jo..., kwargs={'job_type': 'frappe.automation_engine.drainer.drain_due', 'scheduled_job_t..., method='frappe.core.doctype.scheduled_job_type.scheduled_job_type.run_scheduled_jo..., site='your-site-name.localhost', user='Administrator') job in 0:00:00.299784s on worker f800c15beb474a89ab3b5cf66fe85bac
2026-09-22 15:40:04,014 home-makara-frappe-bench:default: Job OK (your-site-name.localhost||scheduled_job||51u0dpk9ai)
2026-09-22 15:40:04,014 Result is kept for 600 seconds
2026-09-22 15:44:00,872 home-makara-frappe-bench:default: frappe.utils.background_jobs.execute_job(event=None, is_async=True, job_name='frappe.core.doctype.scheduled_job_type.scheduled_job_type.run_scheduled_jo..., kwargs={'job_type': 'frappe.email.queue.retry_sending_emails', 'scheduled_job_type..., method='frappe.core.doctype.scheduled_job_type.scheduled_job_type.run_scheduled_jo..., site='your-site-name.localhost', user='Administrator') (your-site-name.localhost||scheduled_job||51uv7phrm7)
2026-09-22 15:44:01,236 Successfully completed frappe.utils.background_jobs.execute_job(event=None, is_async=True, job_name='frappe.core.doctype.scheduled_job_type.scheduled_job_type.run_scheduled_jo..., kwargs={'job_type': 'frappe.email.queue.retry_sending_emails', 'scheduled_job_type..., method='frappe.core.doctype.scheduled_job_type.scheduled_job_type.run_scheduled_jo..., site='your-site-name.localhost', user='Administrator') job in 0:00:00.349221s on worker f800c15beb474a89ab3b5cf66fe85bac
2026-09-22 15:44:01,237 home-makara-frappe-bench:default: Job OK (your-site-name.localhost||scheduled_job||51uv7phrm7)
2026-09-22 15:44:01,237 Result is kept for 600 seconds
2026-09-22 15:44:01,244 home-makara-frappe-bench:default: frappe.utils.background_jobs.execute_job(event=None, is_async=True, job_name='frappe.core.doctype.scheduled_job_type.scheduled_job_type.run_scheduled_jo..., kwargs={'job_type': 'frappe.integrations.doctype.google_calendar.google_calendar.s..., method='frappe.core.doctype.scheduled_job_type.scheduled_job_type.run_scheduled_jo..., site='your-site-name.localhost', user='Administrator') (your-site-name.localhost||scheduled_job||51u2s8slv0)
2026-09-22 15:44:01,544 Successfully completed frappe.utils.background_jobs.execute_job(event=None, is_async=True, job_name='frappe.core.doctype.scheduled_job_type.scheduled_job_type.run_scheduled_jo..., kwargs={'job_type': 'frappe.integrations.doctype.google_calendar.google_calendar.s..., method='frappe.core.doctype.scheduled_job_type.scheduled_job_type.run_scheduled_jo..., site='your-site-name.localhost', user='Administrator') job in 0:00:00.293611s on worker f800c15beb474a89ab3b5cf66fe85bac
2026-09-22 15:44:01,545 home-makara-frappe-bench:default: Job OK (your-site-name.localhost||scheduled_job||51u2s8slv0)
2026-09-22 15:44:01,545 Result is kept for 600 seconds
2026-09-22 15:44:01,552 home-makara-frappe-bench:default: frappe.utils.background_jobs.execute_job(event=None, is_async=True, job_name='frappe.core.doctype.scheduled_job_type.scheduled_job_type.run_scheduled_jo..., kwargs={'job_type': 'frappe.email.queue.flush', 'scheduled_job_type': '51um9eeecb'..., method='frappe.core.doctype.scheduled_job_type.scheduled_job_type.run_scheduled_jo..., site='your-site-name.localhost', user='Administrator') (your-site-name.localhost||scheduled_job||51um9eeecb)
2026-09-22 15:44:01,846 Successfully completed frappe.utils.background_jobs.execute_job(event=None, is_async=True, job_name='frappe.core.doctype.scheduled_job_type.scheduled_job_type.run_scheduled_jo..., kwargs={'job_type': 'frappe.email.queue.flush', 'scheduled_job_type': '51um9eeecb'..., method='frappe.core.doctype.scheduled_job_type.scheduled_job_type.run_scheduled_jo..., site='your-site-name.localhost', user='Administrator') job in 0:00:00.286446s on worker f800c15beb474a89ab3b5cf66fe85bac
2026-09-22 15:44:01,846 home-makara-frappe-bench:default: Job OK (your-site-name.localhost||scheduled_job||51um9eeecb)
2026-09-22 15:44:01,846 Result is kept for 600 seconds
2026-09-22 15:44:01,853 home-makara-frappe-bench:default: frappe.utils.background_jobs.execute_job(event=None, is_async=True, job_name='frappe.core.doctype.scheduled_job_type.scheduled_job_type.run_scheduled_jo..., kwargs={'job_type': 'frappe.monitor.flush', 'scheduled_job_type': '51u5l2o9pg'}, method='frappe.core.doctype.scheduled_job_type.scheduled_job_type.run_scheduled_jo..., site='your-site-name.localhost', user='Administrator') (your-site-name.localhost||scheduled_job||51u5l2o9pg)
2026-09-22 15:44:02,160 Successfully completed frappe.utils.background_jobs.execute_job(event=None, is_async=True, job_name='frappe.core.doctype.scheduled_job_type.scheduled_job_type.run_scheduled_jo..., kwargs={'job_type': 'frappe.monitor.flush', 'scheduled_job_type': '51u5l2o9pg'}, method='frappe.core.doctype.scheduled_job_type.scheduled_job_type.run_scheduled_jo..., site='your-site-name.localhost', user='Administrator') job in 0:00:00.298513s on worker f800c15beb474a89ab3b5cf66fe85bac
2026-09-22 15:44:02,160 home-makara-frappe-bench:default: Job OK (your-site-name.localhost||scheduled_job||51u5l2o9pg)
2026-09-22 15:44:02,160 Result is kept for 600 seconds
2026-09-22 15:48:00,919 home-makara-frappe-bench:default: frappe.utils.background_jobs.execute_job(event=None, is_async=True, job_name='frappe.core.doctype.scheduled_job_type.scheduled_job_type.run_scheduled_jo..., kwargs={'job_type': 'frappe.deferred_insert.save_to_db', 'scheduled_job_type': '51..., method='frappe.core.doctype.scheduled_job_type.scheduled_job_type.run_scheduled_jo..., site='your-site-name.localhost', user='Administrator') (your-site-name.localhost||scheduled_job||51umjnqrgr)
2026-09-22 15:48:02,685 Successfully completed frappe.utils.background_jobs.execute_job(event=None, is_async=True, job_name='frappe.core.doctype.scheduled_job_type.scheduled_job_type.run_scheduled_jo..., kwargs={'job_type': 'frappe.deferred_insert.save_to_db', 'scheduled_job_type': '51..., method='frappe.core.doctype.scheduled_job_type.scheduled_job_type.run_scheduled_jo..., site='your-site-name.localhost', user='Administrator') job in 0:00:01.667565s on worker f800c15beb474a89ab3b5cf66fe85bac
2026-09-22 15:48:02,685 home-makara-frappe-bench:default: Job OK (your-site-name.localhost||scheduled_job||51umjnqrgr)
2026-09-22 15:48:02,685 Result is kept for 600 seconds
2026-09-22 15:48:02,693 Worker f800c15beb474a89ab3b5cf66fe85bac: cleaning registries for queue: home-makara-frappe-bench:short
2026-09-22 15:48:02,694 Worker f800c15beb474a89ab3b5cf66fe85bac: cleaning registries for queue: home-makara-frappe-bench:default
2026-09-22 15:48:02,695 Worker f800c15beb474a89ab3b5cf66fe85bac: cleaning registries for queue: home-makara-frappe-bench:long
2026-09-22 15:48:02,697 home-makara-frappe-bench:default: frappe.utils.background_jobs.execute_job(event=None, is_async=True, job_name='frappe.core.doctype.scheduled_job_type.scheduled_job_type.run_scheduled_jo..., kwargs={'job_type': 'frappe.utils.telemetry.pulse.client.send_queued_events', 'sch..., method='frappe.core.doctype.scheduled_job_type.scheduled_job_type.run_scheduled_jo..., site='your-site-name.localhost', user='Administrator') (your-site-name.localhost||scheduled_job||51ub742nv9)
2026-09-22 15:48:02,992 Successfully completed frappe.utils.background_jobs.execute_job(event=None, is_async=True, job_name='frappe.core.doctype.scheduled_job_type.scheduled_job_type.run_scheduled_jo..., kwargs={'job_type': 'frappe.utils.telemetry.pulse.client.send_queued_events', 'sch..., method='frappe.core.doctype.scheduled_job_type.scheduled_job_type.run_scheduled_jo..., site='your-site-name.localhost', user='Administrator') job in 0:00:00.287453s on worker f800c15beb474a89ab3b5cf66fe85bac
2026-09-22 15:48:02,992 home-makara-frappe-bench:default: Job OK (your-site-name.localhost||scheduled_job||51ub742nv9)
2026-09-22 15:48:02,992 Result is kept for 600 seconds
2026-09-22 15:48:02,998 home-makara-frappe-bench:default: frappe.utils.background_jobs.execute_job(event=None, is_async=True, job_name='frappe.core.doctype.scheduled_job_type.scheduled_job_type.run_scheduled_jo..., kwargs={'job_type': 'frappe.email.queue.flush', 'scheduled_job_type': '51um9eeecb'..., method='frappe.core.doctype.scheduled_job_type.scheduled_job_type.run_scheduled_jo..., site='your-site-name.localhost', user='Administrator') (your-site-name.localhost||scheduled_job||51um9eeecb)
2026-09-22 15:48:03,332 Successfully completed frappe.utils.background_jobs.execute_job(event=None, is_async=True, job_name='frappe.core.doctype.scheduled_job_type.scheduled_job_type.run_scheduled_jo..., kwargs={'job_type': 'frappe.email.queue.flush', 'scheduled_job_type': '51um9eeecb'..., method='frappe.core.doctype.scheduled_job_type.scheduled_job_type.run_scheduled_jo..., site='your-site-name.localhost', user='Administrator') job in 0:00:00.326685s on worker f800c15beb474a89ab3b5cf66fe85bac
2026-09-22 15:48:03,332 home-makara-frappe-bench:default: Job OK (your-site-name.localhost||scheduled_job||51um9eeecb)
2026-09-22 15:48:03,333 Result is kept for 600 seconds
2026-09-22 15:48:03,338 home-makara-frappe-bench:default: frappe.utils.background_jobs.execute_job(event=None, is_async=True, job_name='frappe.core.doctype.scheduled_job_type.scheduled_job_type.run_scheduled_jo..., kwargs={'job_type': 'frappe.integrations.doctype.webhook.webhook.retry_failed_webh..., method='frappe.core.doctype.scheduled_job_type.scheduled_job_type.run_scheduled_jo..., site='your-site-name.localhost', user='Administrator') (your-site-name.localhost||scheduled_job||51ugekk04n)
2026-09-22 15:48:03,634 Successfully completed frappe.utils.background_jobs.execute_job(event=None, is_async=True, job_name='frappe.core.doctype.scheduled_job_type.scheduled_job_type.run_scheduled_jo..., kwargs={'job_type': 'frappe.integrations.doctype.webhook.webhook.retry_failed_webh..., method='frappe.core.doctype.scheduled_job_type.scheduled_job_type.run_scheduled_jo..., site='your-site-name.localhost', user='Administrator') job in 0:00:00.289847s on worker f800c15beb474a89ab3b5cf66fe85bac
2026-09-22 15:48:03,634 home-makara-frappe-bench:default: Job OK (your-site-name.localhost||scheduled_job||51ugekk04n)
2026-09-22 15:48:03,634 Result is kept for 600 seconds
2026-09-22 15:48:03,640 home-makara-frappe-bench:default: frappe.utils.background_jobs.execute_job(event=None, is_async=True, job_name='frappe.core.doctype.scheduled_job_type.scheduled_job_type.run_scheduled_jo..., kwargs={'job_type': 'frappe.search.sqlite_search.index_docs_in_queue', 'scheduled_..., method='frappe.core.doctype.scheduled_job_type.scheduled_job_type.run_scheduled_jo..., site='your-site-name.localhost', user='Administrator') (your-site-name.localhost||scheduled_job||51ubu6l9cg)
2026-09-22 15:48:03,945 Successfully completed frappe.utils.background_jobs.execute_job(event=None, is_async=True, job_name='frappe.core.doctype.scheduled_job_type.scheduled_job_type.run_scheduled_jo..., kwargs={'job_type': 'frappe.search.sqlite_search.index_docs_in_queue', 'scheduled_..., method='frappe.core.doctype.scheduled_job_type.scheduled_job_type.run_scheduled_jo..., site='your-site-name.localhost', user='Administrator') job in 0:00:00.297207s on worker f800c15beb474a89ab3b5cf66fe85bac
2026-09-22 15:48:03,946 home-makara-frappe-bench:default: Job OK (your-site-name.localhost||scheduled_job||51ubu6l9cg)
2026-09-22 15:48:03,946 Result is kept for 600 seconds
2026-09-22 15:48:03,952 home-makara-frappe-bench:default: frappe.utils.background_jobs.execute_job(event=None, is_async=True, job_name='frappe.core.doctype.scheduled_job_type.scheduled_job_type.run_scheduled_jo..., kwargs={'job_type': 'frappe.email.doctype.notification.notification.trigger_offset..., method='frappe.core.doctype.scheduled_job_type.scheduled_job_type.run_scheduled_jo..., site='your-site-name.localhost', user='Administrator') (your-site-name.localhost||scheduled_job||51ujdm2d34)
2026-09-22 15:48:04,246 Successfully completed frappe.utils.background_jobs.execute_job(event=None, is_async=True, job_name='frappe.core.doctype.scheduled_job_type.scheduled_job_type.run_scheduled_jo..., kwargs={'job_type': 'frappe.email.doctype.notification.notification.trigger_offset..., method='frappe.core.doctype.scheduled_job_type.scheduled_job_type.run_scheduled_jo..., site='your-site-name.localhost', user='Administrator') job in 0:00:00.287774s on worker f800c15beb474a89ab3b5cf66fe85bac
2026-09-22 15:48:04,246 home-makara-frappe-bench:default: Job OK (your-site-name.localhost||scheduled_job||51ujdm2d34)
2026-09-22 15:48:04,246 Result is kept for 600 seconds
2026-09-22 15:48:04,254 home-makara-frappe-bench:default: frappe.utils.background_jobs.execute_job(event=None, is_async=True, job_name='frappe.core.doctype.scheduled_job_type.scheduled_job_type.run_scheduled_jo..., kwargs={'job_type': 'frappe.automation_engine.scheduler.process_cron', 'scheduled_..., method='frappe.core.doctype.scheduled_job_type.scheduled_job_type.run_scheduled_jo..., site='your-site-name.localhost', user='Administrator') (your-site-name.localhost||scheduled_job||51u6ep6oat)
2026-09-22 15:48:04,594 Successfully completed frappe.utils.background_jobs.execute_job(event=None, is_async=True, job_name='frappe.core.doctype.scheduled_job_type.scheduled_job_type.run_scheduled_jo..., kwargs={'job_type': 'frappe.automation_engine.scheduler.process_cron', 'scheduled_..., method='frappe.core.doctype.scheduled_job_type.scheduled_job_type.run_scheduled_jo..., site='your-site-name.localhost', user='Administrator') job in 0:00:00.332029s on worker f800c15beb474a89ab3b5cf66fe85bac
2026-09-22 15:48:04,594 home-makara-frappe-bench:default: Job OK (your-site-name.localhost||scheduled_job||51u6ep6oat)
2026-09-22 15:48:04,595 Result is kept for 600 seconds
2026-09-22 15:48:04,603 home-makara-frappe-bench:default: frappe.utils.background_jobs.execute_job(event=None, is_async=True, job_name='frappe.core.doctype.scheduled_job_type.scheduled_job_type.run_scheduled_jo..., kwargs={'job_type': 'frappe.automation.doctype.reminder.reminder.send_reminders', ..., method='frappe.core.doctype.scheduled_job_type.scheduled_job_type.run_scheduled_jo..., site='your-site-name.localhost', user='Administrator') (your-site-name.localhost||scheduled_job||51ujogtifi)
2026-09-22 15:48:04,895 Successfully completed frappe.utils.background_jobs.execute_job(event=None, is_async=True, job_name='frappe.core.doctype.scheduled_job_type.scheduled_job_type.run_scheduled_jo..., kwargs={'job_type': 'frappe.automation.doctype.reminder.reminder.send_reminders', ..., method='frappe.core.doctype.scheduled_job_type.scheduled_job_type.run_scheduled_jo..., site='your-site-name.localhost', user='Administrator') job in 0:00:00.284988s on worker f800c15beb474a89ab3b5cf66fe85bac
2026-09-22 15:48:04,895 home-makara-frappe-bench:default: Job OK (your-site-name.localhost||scheduled_job||51ujogtifi)
2026-09-22 15:48:04,895 Result is kept for 600 seconds
2026-09-22 15:48:04,903 home-makara-frappe-bench:default: frappe.utils.background_jobs.execute_job(event=None, is_async=True, job_name='frappe.core.doctype.scheduled_job_type.scheduled_job_type.run_scheduled_jo..., kwargs={'job_type': 'frappe.model.utils.link_count.update_link_count', 'scheduled_..., method='frappe.core.doctype.scheduled_job_type.scheduled_job_type.run_scheduled_jo..., site='your-site-name.localhost', user='Administrator') (your-site-name.localhost||scheduled_job||51utqpe235)
2026-09-22 15:48:05,191 Successfully completed frappe.utils.background_jobs.execute_job(event=None, is_async=True, job_name='frappe.core.doctype.scheduled_job_type.scheduled_job_type.run_scheduled_jo..., kwargs={'job_type': 'frappe.model.utils.link_count.update_link_count', 'scheduled_..., method='frappe.core.doctype.scheduled_job_type.scheduled_job_type.run_scheduled_jo..., site='your-site-name.localhost', user='Administrator') job in 0:00:00.280853s on worker f800c15beb474a89ab3b5cf66fe85bac
2026-09-22 15:48:05,191 home-makara-frappe-bench:default: Job OK (your-site-name.localhost||scheduled_job||51utqpe235)
2026-09-22 15:48:05,191 Result is kept for 600 seconds
2026-09-22 15:48:05,198 home-makara-frappe-bench:default: frappe.utils.background_jobs.execute_job(event=None, is_async=True, job_name='frappe.core.doctype.scheduled_job_type.scheduled_job_type.run_scheduled_jo..., kwargs={'job_type': 'frappe.monitor.flush', 'scheduled_job_type': '51u5l2o9pg'}, method='frappe.core.doctype.scheduled_job_type.scheduled_job_type.run_scheduled_jo..., site='your-site-name.localhost', user='Administrator') (your-site-name.localhost||scheduled_job||51u5l2o9pg)
2026-09-22 15:48:05,545 Successfully completed frappe.utils.background_jobs.execute_job(event=None, is_async=True, job_name='frappe.core.doctype.scheduled_job_type.scheduled_job_type.run_scheduled_jo..., kwargs={'job_type': 'frappe.monitor.flush', 'scheduled_job_type': '51u5l2o9pg'}, method='frappe.core.doctype.scheduled_job_type.scheduled_job_type.run_scheduled_jo..., site='your-site-name.localhost', user='Administrator') job in 0:00:00.339595s on worker f800c15beb474a89ab3b5cf66fe85bac
2026-09-22 15:48:05,545 home-makara-frappe-bench:default: Job OK (your-site-name.localhost||scheduled_job||51u5l2o9pg)
2026-09-22 15:48:05,545 Result is kept for 600 seconds
2026-09-22 15:48:05,552 home-makara-frappe-bench:default: frappe.utils.background_jobs.execute_job(event=None, is_async=True, job_name='frappe.core.doctype.scheduled_job_type.scheduled_job_type.run_scheduled_jo..., kwargs={'job_type': 'frappe.email.doctype.email_account.email_account.notify_unrep..., method='frappe.core.doctype.scheduled_job_type.scheduled_job_type.run_scheduled_jo..., site='your-site-name.localhost', user='Administrator') (your-site-name.localhost||scheduled_job||51utl79ueh)
2026-09-22 15:48:05,910 Successfully completed frappe.utils.background_jobs.execute_job(event=None, is_async=True, job_name='frappe.core.doctype.scheduled_job_type.scheduled_job_type.run_scheduled_jo..., kwargs={'job_type': 'frappe.email.doctype.email_account.email_account.notify_unrep..., method='frappe.core.doctype.scheduled_job_type.scheduled_job_type.run_scheduled_jo..., site='your-site-name.localhost', user='Administrator') job in 0:00:00.349873s on worker f800c15beb474a89ab3b5cf66fe85bac
2026-09-22 15:48:05,910 home-makara-frappe-bench:default: Job OK (your-site-name.localhost||scheduled_job||51utl79ueh)
2026-09-22 15:48:05,910 Result is kept for 600 seconds
2026-09-22 15:48:05,916 home-makara-frappe-bench:default: frappe.utils.background_jobs.execute_job(event=None, is_async=True, job_name='frappe.core.doctype.scheduled_job_type.scheduled_job_type.run_scheduled_jo..., kwargs={'job_type': 'frappe.integrations.doctype.google_calendar.google_calendar.s..., method='frappe.core.doctype.scheduled_job_type.scheduled_job_type.run_scheduled_jo..., site='your-site-name.localhost', user='Administrator') (your-site-name.localhost||scheduled_job||51u2s8slv0)
2026-09-22 15:48:06,226 Successfully completed frappe.utils.background_jobs.execute_job(event=None, is_async=True, job_name='frappe.core.doctype.scheduled_job_type.scheduled_job_type.run_scheduled_jo..., kwargs={'job_type': 'frappe.integrations.doctype.google_calendar.google_calendar.s..., method='frappe.core.doctype.scheduled_job_type.scheduled_job_type.run_scheduled_jo..., site='your-site-name.localhost', user='Administrator') job in 0:00:00.302161s on worker f800c15beb474a89ab3b5cf66fe85bac
2026-09-22 15:48:06,226 home-makara-frappe-bench:default: Job OK (your-site-name.localhost||scheduled_job||51u2s8slv0)
2026-09-22 15:48:06,226 Result is kept for 600 seconds
2026-09-22 15:48:06,232 home-makara-frappe-bench:default: frappe.utils.background_jobs.execute_job(event=None, is_async=True, job_name='frappe.core.doctype.scheduled_job_type.scheduled_job_type.run_scheduled_jo..., kwargs={'job_type': 'frappe.email.queue.retry_sending_emails', 'scheduled_job_type..., method='frappe.core.doctype.scheduled_job_type.scheduled_job_type.run_scheduled_jo..., site='your-site-name.localhost', user='Administrator') (your-site-name.localhost||scheduled_job||51uv7phrm7)
2026-09-22 15:48:06,608 Successfully completed frappe.utils.background_jobs.execute_job(event=None, is_async=True, job_name='frappe.core.doctype.scheduled_job_type.scheduled_job_type.run_scheduled_jo..., kwargs={'job_type': 'frappe.email.queue.retry_sending_emails', 'scheduled_job_type..., method='frappe.core.doctype.scheduled_job_type.scheduled_job_type.run_scheduled_jo..., site='your-site-name.localhost', user='Administrator') job in 0:00:00.368336s on worker f800c15beb474a89ab3b5cf66fe85bac
2026-09-22 15:48:06,608 home-makara-frappe-bench:default: Job OK (your-site-name.localhost||scheduled_job||51uv7phrm7)
2026-09-22 15:48:06,608 Result is kept for 600 seconds
2026-09-22 15:48:06,619 home-makara-frappe-bench:default: frappe.utils.background_jobs.execute_job(event=None, is_async=True, job_name='frappe.core.doctype.scheduled_job_type.scheduled_job_type.run_scheduled_jo..., kwargs={'job_type': 'frappe.utils.global_search.sync_global_search', 'scheduled_jo..., method='frappe.core.doctype.scheduled_job_type.scheduled_job_type.run_scheduled_jo..., site='your-site-name.localhost', user='Administrator') (your-site-name.localhost||scheduled_job||51ul1o6qkh)
2026-09-22 15:48:06,970 Successfully completed frappe.utils.background_jobs.execute_job(event=None, is_async=True, job_name='frappe.core.doctype.scheduled_job_type.scheduled_job_type.run_scheduled_jo..., kwargs={'job_type': 'frappe.utils.global_search.sync_global_search', 'scheduled_jo..., method='frappe.core.doctype.scheduled_job_type.scheduled_job_type.run_scheduled_jo..., site='your-site-name.localhost', user='Administrator') job in 0:00:00.342260s on worker f800c15beb474a89ab3b5cf66fe85bac
2026-09-22 15:48:06,970 home-makara-frappe-bench:default: Job OK (your-site-name.localhost||scheduled_job||51ul1o6qkh)
2026-09-22 15:48:06,970 Result is kept for 600 seconds
2026-09-22 15:48:06,979 home-makara-frappe-bench:default: frappe.utils.background_jobs.execute_job(event=None, is_async=True, job_name='frappe.core.doctype.scheduled_job_type.scheduled_job_type.run_scheduled_jo..., kwargs={'job_type': 'frappe.automation_engine.drainer.drain_due', 'scheduled_job_t..., method='frappe.core.doctype.scheduled_job_type.scheduled_job_type.run_scheduled_jo..., site='your-site-name.localhost', user='Administrator') (your-site-name.localhost||scheduled_job||51u0dpk9ai)
2026-09-22 15:48:07,377 Successfully completed frappe.utils.background_jobs.execute_job(event=None, is_async=True, job_name='frappe.core.doctype.scheduled_job_type.scheduled_job_type.run_scheduled_jo..., kwargs={'job_type': 'frappe.automation_engine.drainer.drain_due', 'scheduled_job_t..., method='frappe.core.doctype.scheduled_job_type.scheduled_job_type.run_scheduled_jo..., site='your-site-name.localhost', user='Administrator') job in 0:00:00.388445s on worker f800c15beb474a89ab3b5cf66fe85bac
2026-09-22 15:48:07,377 home-makara-frappe-bench:default: Job OK (your-site-name.localhost||scheduled_job||51u0dpk9ai)
2026-09-22 15:48:07,377 Result is kept for 600 seconds
2026-09-22 15:52:00,979 home-makara-frappe-bench:default: frappe.utils.background_jobs.execute_job(event=None, is_async=True, job_name='frappe.core.doctype.scheduled_job_type.scheduled_job_type.run_scheduled_jo..., kwargs={'job_type': 'frappe.automation_engine.drainer.drain_due', 'scheduled_job_t..., method='frappe.core.doctype.scheduled_job_type.scheduled_job_type.run_scheduled_jo..., site='your-site-name.localhost', user='Administrator') (your-site-name.localhost||scheduled_job||51u0dpk9ai)
2026-09-22 15:52:01,276 Successfully completed frappe.utils.background_jobs.execute_job(event=None, is_async=True, job_name='frappe.core.doctype.scheduled_job_type.scheduled_job_type.run_scheduled_jo..., kwargs={'job_type': 'frappe.automation_engine.drainer.drain_due', 'scheduled_job_t..., method='frappe.core.doctype.scheduled_job_type.scheduled_job_type.run_scheduled_jo..., site='your-site-name.localhost', user='Administrator') job in 0:00:00.288952s on worker f800c15beb474a89ab3b5cf66fe85bac
2026-09-22 15:52:01,276 home-makara-frappe-bench:default: Job OK (your-site-name.localhost||scheduled_job||51u0dpk9ai)
2026-09-22 15:52:01,276 Result is kept for 600 seconds
2026-09-22 15:52:01,284 home-makara-frappe-bench:default: frappe.utils.background_jobs.execute_job(event=None, is_async=True, job_name='frappe.core.doctype.scheduled_job_type.scheduled_job_type.run_scheduled_jo..., kwargs={'job_type': 'frappe.monitor.flush', 'scheduled_job_type': '51u5l2o9pg'}, method='frappe.core.doctype.scheduled_job_type.scheduled_job_type.run_scheduled_jo..., site='your-site-name.localhost', user='Administrator') (your-site-name.localhost||scheduled_job||51u5l2o9pg)
2026-09-22 15:52:01,585 Successfully completed frappe.utils.background_jobs.execute_job(event=None, is_async=True, job_name='frappe.core.doctype.scheduled_job_type.scheduled_job_type.run_scheduled_jo..., kwargs={'job_type': 'frappe.monitor.flush', 'scheduled_job_type': '51u5l2o9pg'}, method='frappe.core.doctype.scheduled_job_type.scheduled_job_type.run_scheduled_jo..., site='your-site-name.localhost', user='Administrator') job in 0:00:00.292451s on worker f800c15beb474a89ab3b5cf66fe85bac
2026-09-22 15:52:01,585 home-makara-frappe-bench:default: Job OK (your-site-name.localhost||scheduled_job||51u5l2o9pg)
2026-09-22 15:52:01,585 Result is kept for 600 seconds
2026-09-22 15:52:01,592 home-makara-frappe-bench:default: frappe.utils.background_jobs.execute_job(event=None, is_async=True, job_name='frappe.core.doctype.scheduled_job_type.scheduled_job_type.run_scheduled_jo..., kwargs={'job_type': 'frappe.integrations.doctype.webhook.webhook.retry_failed_webh..., method='frappe.core.doctype.scheduled_job_type.scheduled_job_type.run_scheduled_jo..., site='your-site-name.localhost', user='Administrator') (your-site-name.localhost||scheduled_job||51ugekk04n)
2026-09-22 15:52:01,931 Successfully completed frappe.utils.background_jobs.execute_job(event=None, is_async=True, job_name='frappe.core.doctype.scheduled_job_type.scheduled_job_type.run_scheduled_jo..., kwargs={'job_type': 'frappe.integrations.doctype.webhook.webhook.retry_failed_webh..., method='frappe.core.doctype.scheduled_job_type.scheduled_job_type.run_scheduled_jo..., site='your-site-name.localhost', user='Administrator') job in 0:00:00.330288s on worker f800c15beb474a89ab3b5cf66fe85bac
2026-09-22 15:52:01,931 home-makara-frappe-bench:default: Job OK (your-site-name.localhost||scheduled_job||51ugekk04n)
2026-09-22 15:52:01,931 Result is kept for 600 seconds
2026-09-22 15:52:01,940 home-makara-frappe-bench:default: frappe.utils.background_jobs.execute_job(event=None, is_async=True, job_name='frappe.core.doctype.scheduled_job_type.scheduled_job_type.run_scheduled_jo..., kwargs={'job_type': 'frappe.search.sqlite_search.index_docs_in_queue', 'scheduled_..., method='frappe.core.doctype.scheduled_job_type.scheduled_job_type.run_scheduled_jo..., site='your-site-name.localhost', user='Administrator') (your-site-name.localhost||scheduled_job||51ubu6l9cg)
2026-09-22 15:52:02,234 Successfully completed frappe.utils.background_jobs.execute_job(event=None, is_async=True, job_name='frappe.core.doctype.scheduled_job_type.scheduled_job_type.run_scheduled_jo..., kwargs={'job_type': 'frappe.search.sqlite_search.index_docs_in_queue', 'scheduled_..., method='frappe.core.doctype.scheduled_job_type.scheduled_job_type.run_scheduled_jo..., site='your-site-name.localhost', user='Administrator') job in 0:00:00.287284s on worker f800c15beb474a89ab3b5cf66fe85bac
2026-09-22 15:52:02,235 home-makara-frappe-bench:default: Job OK (your-site-name.localhost||scheduled_job||51ubu6l9cg)
2026-09-22 15:52:02,235 Result is kept for 600 seconds
2026-09-22 15:52:02,242 home-makara-frappe-bench:default: frappe.utils.background_jobs.execute_job(event=None, is_async=True, job_name='frappe.core.doctype.scheduled_job_type.scheduled_job_type.run_scheduled_jo..., kwargs={'job_type': 'frappe.email.queue.flush', 'scheduled_job_type': '51um9eeecb'..., method='frappe.core.doctype.scheduled_job_type.scheduled_job_type.run_scheduled_jo..., site='your-site-name.localhost', user='Administrator') (your-site-name.localhost||scheduled_job||51um9eeecb)
2026-09-22 15:52:02,571 Successfully completed frappe.utils.background_jobs.execute_job(event=None, is_async=True, job_name='frappe.core.doctype.scheduled_job_type.scheduled_job_type.run_scheduled_jo..., kwargs={'job_type': 'frappe.email.queue.flush', 'scheduled_job_type': '51um9eeecb'..., method='frappe.core.doctype.scheduled_job_type.scheduled_job_type.run_scheduled_jo..., site='your-site-name.localhost', user='Administrator') job in 0:00:00.310999s on worker f800c15beb474a89ab3b5cf66fe85bac
2026-09-22 15:52:02,572 home-makara-frappe-bench:default: Job OK (your-site-name.localhost||scheduled_job||51um9eeecb)
2026-09-22 15:52:02,572 Result is kept for 600 seconds
2026-09-22 15:52:02,579 home-makara-frappe-bench:default: frappe.utils.background_jobs.execute_job(event=None, is_async=True, job_name='frappe.core.doctype.scheduled_job_type.scheduled_job_type.run_scheduled_jo..., kwargs={'job_type': 'frappe.email.doctype.notification.notification.trigger_offset..., method='frappe.core.doctype.scheduled_job_type.scheduled_job_type.run_scheduled_jo..., site='your-site-name.localhost', user='Administrator') (your-site-name.localhost||scheduled_job||51ujdm2d34)
2026-09-22 15:52:02,875 Successfully completed frappe.utils.background_jobs.execute_job(event=None, is_async=True, job_name='frappe.core.doctype.scheduled_job_type.scheduled_job_type.run_scheduled_jo..., kwargs={'job_type': 'frappe.email.doctype.notification.notification.trigger_offset..., method='frappe.core.doctype.scheduled_job_type.scheduled_job_type.run_scheduled_jo..., site='your-site-name.localhost', user='Administrator') job in 0:00:00.289427s on worker f800c15beb474a89ab3b5cf66fe85bac
2026-09-22 15:52:02,875 home-makara-frappe-bench:default: Job OK (your-site-name.localhost||scheduled_job||51ujdm2d34)
2026-09-22 15:52:02,875 Result is kept for 600 seconds
2026-09-22 15:52:02,884 home-makara-frappe-bench:default: frappe.utils.background_jobs.execute_job(event=None, is_async=True, job_name='frappe.core.doctype.scheduled_job_type.scheduled_job_type.run_scheduled_jo..., kwargs={'job_type': 'frappe.email.doctype.email_account.email_account.pull', 'sche..., method='frappe.core.doctype.scheduled_job_type.scheduled_job_type.run_scheduled_jo..., site='your-site-name.localhost', user='Administrator') (your-site-name.localhost||scheduled_job||51u4simu78)
2026-09-22 15:52:03,191 Successfully completed frappe.utils.background_jobs.execute_job(event=None, is_async=True, job_name='frappe.core.doctype.scheduled_job_type.scheduled_job_type.run_scheduled_jo..., kwargs={'job_type': 'frappe.email.doctype.email_account.email_account.pull', 'sche..., method='frappe.core.doctype.scheduled_job_type.scheduled_job_type.run_scheduled_jo..., site='your-site-name.localhost', user='Administrator') job in 0:00:00.300144s on worker f800c15beb474a89ab3b5cf66fe85bac
2026-09-22 15:52:03,192 home-makara-frappe-bench:default: Job OK (your-site-name.localhost||scheduled_job||51u4simu78)
2026-09-22 15:52:03,192 Result is kept for 600 seconds
2026-09-22 15:52:03,199 home-makara-frappe-bench:default: frappe.utils.background_jobs.execute_job(event=None, is_async=True, job_name='frappe.core.doctype.scheduled_job_type.scheduled_job_type.run_scheduled_jo..., kwargs={'job_type': 'frappe.email.queue.retry_sending_emails', 'scheduled_job_type..., method='frappe.core.doctype.scheduled_job_type.scheduled_job_type.run_scheduled_jo..., site='your-site-name.localhost', user='Administrator') (your-site-name.localhost||scheduled_job||51uv7phrm7)
2026-09-22 15:52:03,498 Successfully completed frappe.utils.background_jobs.execute_job(event=None, is_async=True, job_name='frappe.core.doctype.scheduled_job_type.scheduled_job_type.run_scheduled_jo..., kwargs={'job_type': 'frappe.email.queue.retry_sending_emails', 'scheduled_job_type..., method='frappe.core.doctype.scheduled_job_type.scheduled_job_type.run_scheduled_jo..., site='your-site-name.localhost', user='Administrator') job in 0:00:00.291872s on worker f800c15beb474a89ab3b5cf66fe85bac
2026-09-22 15:52:03,499 home-makara-frappe-bench:default: Job OK (your-site-name.localhost||scheduled_job||51uv7phrm7)
2026-09-22 15:52:03,499 Result is kept for 600 seconds
2026-09-22 15:52:03,508 home-makara-frappe-bench:default: frappe.utils.background_jobs.execute_job(event=None, is_async=True, job_name='frappe.core.doctype.scheduled_job_type.scheduled_job_type.run_scheduled_jo..., kwargs={'job_type': 'frappe.automation_engine.scheduler.process_cron', 'scheduled_..., method='frappe.core.doctype.scheduled_job_type.scheduled_job_type.run_scheduled_jo..., site='your-site-name.localhost', user='Administrator') (your-site-name.localhost||scheduled_job||51u6ep6oat)
2026-09-22 15:52:03,784 Successfully completed frappe.utils.background_jobs.execute_job(event=None, is_async=True, job_name='frappe.core.doctype.scheduled_job_type.scheduled_job_type.run_scheduled_jo..., kwargs={'job_type': 'frappe.automation_engine.scheduler.process_cron', 'scheduled_..., method='frappe.core.doctype.scheduled_job_type.scheduled_job_type.run_scheduled_jo..., site='your-site-name.localhost', user='Administrator') job in 0:00:00.269527s on worker f800c15beb474a89ab3b5cf66fe85bac
2026-09-22 15:52:03,784 home-makara-frappe-bench:default: Job OK (your-site-name.localhost||scheduled_job||51u6ep6oat)
2026-09-22 15:52:03,784 Result is kept for 600 seconds
2026-09-22 15:52:03,791 home-makara-frappe-bench:default: frappe.utils.background_jobs.execute_job(event=None, is_async=True, job_name='frappe.core.doctype.scheduled_job_type.scheduled_job_type.run_scheduled_jo..., kwargs={'job_type': 'frappe.integrations.doctype.google_calendar.google_calendar.s..., method='frappe.core.doctype.scheduled_job_type.scheduled_job_type.run_scheduled_jo..., site='your-site-name.localhost', user='Administrator') (your-site-name.localhost||scheduled_job||51u2s8slv0)
2026-09-22 15:52:04,095 Successfully completed frappe.utils.background_jobs.execute_job(event=None, is_async=True, job_name='frappe.core.doctype.scheduled_job_type.scheduled_job_type.run_scheduled_jo..., kwargs={'job_type': 'frappe.integrations.doctype.google_calendar.google_calendar.s..., method='frappe.core.doctype.scheduled_job_type.scheduled_job_type.run_scheduled_jo..., site='your-site-name.localhost', user='Administrator') job in 0:00:00.286474s on worker f800c15beb474a89ab3b5cf66fe85bac
2026-09-22 15:52:04,096 home-makara-frappe-bench:default: Job OK (your-site-name.localhost||scheduled_job||51u2s8slv0)
2026-09-22 15:52:04,096 Result is kept for 600 seconds
2026-09-22 15:52:04,633 home-makara-frappe-bench:default: frappe.utils.background_jobs.execute_job(event=None, is_async=True, job_name='frappe.model.delete_doc.delete_dynamic_links', kwargs={'doctype': 'DocShare', 'name': '456bqt1ul6'}, method='frappe.model.delete_doc.delete_dynamic_links', site='your-site-name.localhost', user='Administrator') (your-site-name.localhost||a85ce63b-97de-4f14-8a22-41f21046a3bc)
2026-09-22 15:52:04,900 Successfully completed frappe.utils.background_jobs.execute_job(event=None, is_async=True, job_name='frappe.model.delete_doc.delete_dynamic_links', kwargs={'doctype': 'DocShare', 'name': '456bqt1ul6'}, method='frappe.model.delete_doc.delete_dynamic_links', site='your-site-name.localhost', user='Administrator') job in 0:00:00.258505s on worker f800c15beb474a89ab3b5cf66fe85bac
2026-09-22 15:52:04,901 home-makara-frappe-bench:default: Job OK (your-site-name.localhost||a85ce63b-97de-4f14-8a22-41f21046a3bc)
2026-09-22 15:52:04,901 Result is kept for 600 seconds
2026-09-22 15:53:16,163 home-makara-frappe-bench:default: frappe.utils.background_jobs.execute_job(event=None, is_async=True, job_name='frappe.model.delete_doc.delete_dynamic_links', kwargs={'doctype': 'Comment', 'name': '4po07bqdlg'}, method='frappe.model.delete_doc.delete_dynamic_links', site='your-site-name.localhost', user='Administrator') (your-site-name.localhost||c3922aa1-12f3-4404-9a21-3b80b135fdb3)
2026-09-22 15:53:16,436 Successfully completed frappe.utils.background_jobs.execute_job(event=None, is_async=True, job_name='frappe.model.delete_doc.delete_dynamic_links', kwargs={'doctype': 'Comment', 'name': '4po07bqdlg'}, method='frappe.model.delete_doc.delete_dynamic_links', site='your-site-name.localhost', user='Administrator') job in 0:00:00.263143s on worker f800c15beb474a89ab3b5cf66fe85bac
2026-09-22 15:53:16,436 home-makara-frappe-bench:default: Job OK (your-site-name.localhost||c3922aa1-12f3-4404-9a21-3b80b135fdb3)
2026-09-22 15:53:16,436 Result is kept for 600 seconds
2026-09-22 15:56:01,052 home-makara-frappe-bench:default: frappe.utils.background_jobs.execute_job(event=None, is_async=True, job_name='frappe.core.doctype.scheduled_job_type.scheduled_job_type.run_scheduled_jo..., kwargs={'job_type': 'frappe.email.doctype.notification.notification.trigger_offset..., method='frappe.core.doctype.scheduled_job_type.scheduled_job_type.run_scheduled_jo..., site='your-site-name.localhost', user='Administrator') (your-site-name.localhost||scheduled_job||51ujdm2d34)
2026-09-22 15:56:01,379 Successfully completed frappe.utils.background_jobs.execute_job(event=None, is_async=True, job_name='frappe.core.doctype.scheduled_job_type.scheduled_job_type.run_scheduled_jo..., kwargs={'job_type': 'frappe.email.doctype.notification.notification.trigger_offset..., method='frappe.core.doctype.scheduled_job_type.scheduled_job_type.run_scheduled_jo..., site='your-site-name.localhost', user='Administrator') job in 0:00:00.316182s on worker f800c15beb474a89ab3b5cf66fe85bac
2026-09-22 15:56:01,379 home-makara-frappe-bench:default: Job OK (your-site-name.localhost||scheduled_job||51ujdm2d34)
2026-09-22 15:56:01,379 Result is kept for 600 seconds
2026-09-22 15:56:01,387 home-makara-frappe-bench:default: frappe.utils.background_jobs.execute_job(event=None, is_async=True, job_name='frappe.core.doctype.scheduled_job_type.scheduled_job_type.run_scheduled_jo..., kwargs={'job_type': 'frappe.integrations.doctype.webhook.webhook.retry_failed_webh..., method='frappe.core.doctype.scheduled_job_type.scheduled_job_type.run_scheduled_jo..., site='your-site-name.localhost', user='Administrator') (your-site-name.localhost||scheduled_job||51ugekk04n)
2026-09-22 15:56:01,684 Successfully completed frappe.utils.background_jobs.execute_job(event=None, is_async=True, job_name='frappe.core.doctype.scheduled_job_type.scheduled_job_type.run_scheduled_jo..., kwargs={'job_type': 'frappe.integrations.doctype.webhook.webhook.retry_failed_webh..., method='frappe.core.doctype.scheduled_job_type.scheduled_job_type.run_scheduled_jo..., site='your-site-name.localhost', user='Administrator') job in 0:00:00.290410s on worker f800c15beb474a89ab3b5cf66fe85bac
2026-09-22 15:56:01,685 home-makara-frappe-bench:default: Job OK (your-site-name.localhost||scheduled_job||51ugekk04n)
2026-09-22 15:56:01,685 Result is kept for 600 seconds
2026-09-22 15:56:01,692 home-makara-frappe-bench:default: frappe.utils.background_jobs.execute_job(event=None, is_async=True, job_name='frappe.core.doctype.scheduled_job_type.scheduled_job_type.run_scheduled_jo..., kwargs={'job_type': 'frappe.email.queue.retry_sending_emails', 'scheduled_job_type..., method='frappe.core.doctype.scheduled_job_type.scheduled_job_type.run_scheduled_jo..., site='your-site-name.localhost', user='Administrator') (your-site-name.localhost||scheduled_job||51uv7phrm7)
2026-09-22 15:56:02,033 Successfully completed frappe.utils.background_jobs.execute_job(event=None, is_async=True, job_name='frappe.core.doctype.scheduled_job_type.scheduled_job_type.run_scheduled_jo..., kwargs={'job_type': 'frappe.email.queue.retry_sending_emails', 'scheduled_job_type..., method='frappe.core.doctype.scheduled_job_type.scheduled_job_type.run_scheduled_jo..., site='your-site-name.localhost', user='Administrator') job in 0:00:00.333978s on worker f800c15beb474a89ab3b5cf66fe85bac
2026-09-22 15:56:02,033 home-makara-frappe-bench:default: Job OK (your-site-name.localhost||scheduled_job||51uv7phrm7)
2026-09-22 15:56:02,034 Result is kept for 600 seconds
2026-09-22 15:56:02,040 home-makara-frappe-bench:default: frappe.utils.background_jobs.execute_job(event=None, is_async=True, job_name='frappe.core.doctype.scheduled_job_type.scheduled_job_type.run_scheduled_jo..., kwargs={'job_type': 'frappe.monitor.flush', 'scheduled_job_type': '51u5l2o9pg'}, method='frappe.core.doctype.scheduled_job_type.scheduled_job_type.run_scheduled_jo..., site='your-site-name.localhost', user='Administrator') (your-site-name.localhost||scheduled_job||51u5l2o9pg)
2026-09-22 15:56:02,361 Successfully completed frappe.utils.background_jobs.execute_job(event=None, is_async=True, job_name='frappe.core.doctype.scheduled_job_type.scheduled_job_type.run_scheduled_jo..., kwargs={'job_type': 'frappe.monitor.flush', 'scheduled_job_type': '51u5l2o9pg'}, method='frappe.core.doctype.scheduled_job_type.scheduled_job_type.run_scheduled_jo..., site='your-site-name.localhost', user='Administrator') job in 0:00:00.313656s on worker f800c15beb474a89ab3b5cf66fe85bac
2026-09-22 15:56:02,361 home-makara-frappe-bench:default: Job OK (your-site-name.localhost||scheduled_job||51u5l2o9pg)
2026-09-22 15:56:02,361 Result is kept for 600 seconds
2026-09-22 15:56:02,370 home-makara-frappe-bench:default: frappe.utils.background_jobs.execute_job(event=None, is_async=True, job_name='frappe.core.doctype.scheduled_job_type.scheduled_job_type.run_scheduled_jo..., kwargs={'job_type': 'frappe.email.queue.flush', 'scheduled_job_type': '51um9eeecb'..., method='frappe.core.doctype.scheduled_job_type.scheduled_job_type.run_scheduled_jo..., site='your-site-name.localhost', user='Administrator') (your-site-name.localhost||scheduled_job||51um9eeecb)
2026-09-22 15:56:02,688 Successfully completed frappe.utils.background_jobs.execute_job(event=None, is_async=True, job_name='frappe.core.doctype.scheduled_job_type.scheduled_job_type.run_scheduled_jo..., kwargs={'job_type': 'frappe.email.queue.flush', 'scheduled_job_type': '51um9eeecb'..., method='frappe.core.doctype.scheduled_job_type.scheduled_job_type.run_scheduled_jo..., site='your-site-name.localhost', user='Administrator') job in 0:00:00.310572s on worker f800c15beb474a89ab3b5cf66fe85bac
2026-09-22 15:56:02,688 home-makara-frappe-bench:default: Job OK (your-site-name.localhost||scheduled_job||51um9eeecb)
2026-09-22 15:56:02,688 Result is kept for 600 seconds
2026-09-22 15:56:02,695 home-makara-frappe-bench:default: frappe.utils.background_jobs.execute_job(event=None, is_async=True, job_name='frappe.core.doctype.scheduled_job_type.scheduled_job_type.run_scheduled_jo..., kwargs={'job_type': 'frappe.search.sqlite_search.index_docs_in_queue', 'scheduled_..., method='frappe.core.doctype.scheduled_job_type.scheduled_job_type.run_scheduled_jo..., site='your-site-name.localhost', user='Administrator') (your-site-name.localhost||scheduled_job||51ubu6l9cg)
2026-09-22 15:56:02,987 Successfully completed frappe.utils.background_jobs.execute_job(event=None, is_async=True, job_name='frappe.core.doctype.scheduled_job_type.scheduled_job_type.run_scheduled_jo..., kwargs={'job_type': 'frappe.search.sqlite_search.index_docs_in_queue', 'scheduled_..., method='frappe.core.doctype.scheduled_job_type.scheduled_job_type.run_scheduled_jo..., site='your-site-name.localhost', user='Administrator') job in 0:00:00.285998s on worker f800c15beb474a89ab3b5cf66fe85bac
2026-09-22 15:56:02,987 home-makara-frappe-bench:default: Job OK (your-site-name.localhost||scheduled_job||51ubu6l9cg)
2026-09-22 15:56:02,987 Result is kept for 600 seconds
2026-09-22 15:56:02,996 home-makara-frappe-bench:default: frappe.utils.background_jobs.execute_job(event=None, is_async=True, job_name='frappe.core.doctype.scheduled_job_type.scheduled_job_type.run_scheduled_jo..., kwargs={'job_type': 'frappe.integrations.doctype.google_calendar.google_calendar.s..., method='frappe.core.doctype.scheduled_job_type.scheduled_job_type.run_scheduled_jo..., site='your-site-name.localhost', user='Administrator') (your-site-name.localhost||scheduled_job||51u2s8slv0)
2026-09-22 15:56:03,312 Successfully completed frappe.utils.background_jobs.execute_job(event=None, is_async=True, job_name='frappe.core.doctype.scheduled_job_type.scheduled_job_type.run_scheduled_jo..., kwargs={'job_type': 'frappe.integrations.doctype.google_calendar.google_calendar.s..., method='frappe.core.doctype.scheduled_job_type.scheduled_job_type.run_scheduled_jo..., site='your-site-name.localhost', user='Administrator') job in 0:00:00.309576s on worker f800c15beb474a89ab3b5cf66fe85bac
2026-09-22 15:56:03,312 home-makara-frappe-bench:default: Job OK (your-site-name.localhost||scheduled_job||51u2s8slv0)
2026-09-22 15:56:03,312 Result is kept for 600 seconds
2026-09-22 15:56:03,320 home-makara-frappe-bench:default: frappe.utils.background_jobs.execute_job(event=None, is_async=True, job_name='frappe.core.doctype.scheduled_job_type.scheduled_job_type.run_scheduled_jo..., kwargs={'job_type': 'frappe.automation_engine.drainer.drain_due', 'scheduled_job_t..., method='frappe.core.doctype.scheduled_job_type.scheduled_job_type.run_scheduled_jo..., site='your-site-name.localhost', user='Administrator') (your-site-name.localhost||scheduled_job||51u0dpk9ai)
2026-09-22 15:56:03,643 Successfully completed frappe.utils.background_jobs.execute_job(event=None, is_async=True, job_name='frappe.core.doctype.scheduled_job_type.scheduled_job_type.run_scheduled_jo..., kwargs={'job_type': 'frappe.automation_engine.drainer.drain_due', 'scheduled_job_t..., method='frappe.core.doctype.scheduled_job_type.scheduled_job_type.run_scheduled_jo..., site='your-site-name.localhost', user='Administrator') job in 0:00:00.316272s on worker f800c15beb474a89ab3b5cf66fe85bac
2026-09-22 15:56:03,644 home-makara-frappe-bench:default: Job OK (your-site-name.localhost||scheduled_job||51u0dpk9ai)
2026-09-22 15:56:03,644 Result is kept for 600 seconds
2026-09-22 15:56:03,654 home-makara-frappe-bench:default: frappe.utils.background_jobs.execute_job(event=None, is_async=True, job_name='frappe.core.doctype.scheduled_job_type.scheduled_job_type.run_scheduled_jo..., kwargs={'job_type': 'frappe.automation_engine.scheduler.process_cron', 'scheduled_..., method='frappe.core.doctype.scheduled_job_type.scheduled_job_type.run_scheduled_jo..., site='your-site-name.localhost', user='Administrator') (your-site-name.localhost||scheduled_job||51u6ep6oat)
2026-09-22 15:56:03,971 Successfully completed frappe.utils.background_jobs.execute_job(event=None, is_async=True, job_name='frappe.core.doctype.scheduled_job_type.scheduled_job_type.run_scheduled_jo..., kwargs={'job_type': 'frappe.automation_engine.scheduler.process_cron', 'scheduled_..., method='frappe.core.doctype.scheduled_job_type.scheduled_job_type.run_scheduled_jo..., site='your-site-name.localhost', user='Administrator') job in 0:00:00.309708s on worker f800c15beb474a89ab3b5cf66fe85bac
2026-09-22 15:56:03,971 home-makara-frappe-bench:default: Job OK (your-site-name.localhost||scheduled_job||51u6ep6oat)
2026-09-22 15:56:03,971 Result is kept for 600 seconds
2026-09-22 16:00:00,084 home-makara-frappe-bench:long: frappe.utils.background_jobs.execute_job(event=None, is_async=True, job_name='frappe.core.doctype.scheduled_job_type.scheduled_job_type.run_scheduled_jo..., kwargs={'job_type': 'frappe.desk.form.document_follow.send_hourly_updates', 'sched..., method='frappe.core.doctype.scheduled_job_type.scheduled_job_type.run_scheduled_jo..., site='your-site-name.localhost', user='Administrator') (your-site-name.localhost||scheduled_job||51u2gsb445)
2026-09-22 16:00:00,457 Successfully completed frappe.utils.background_jobs.execute_job(event=None, is_async=True, job_name='frappe.core.doctype.scheduled_job_type.scheduled_job_type.run_scheduled_jo..., kwargs={'job_type': 'frappe.desk.form.document_follow.send_hourly_updates', 'sched..., method='frappe.core.doctype.scheduled_job_type.scheduled_job_type.run_scheduled_jo..., site='your-site-name.localhost', user='Administrator') job in 0:00:00.364340s on worker f800c15beb474a89ab3b5cf66fe85bac
2026-09-22 16:00:00,457 home-makara-frappe-bench:long: Job OK (your-site-name.localhost||scheduled_job||51u2gsb445)
2026-09-22 16:00:00,457 Result is kept for 600 seconds
2026-09-22 16:00:00,463 Worker f800c15beb474a89ab3b5cf66fe85bac: cleaning registries for queue: home-makara-frappe-bench:short
2026-09-22 16:00:00,465 Worker f800c15beb474a89ab3b5cf66fe85bac: cleaning registries for queue: home-makara-frappe-bench:default
2026-09-22 16:00:00,467 Worker f800c15beb474a89ab3b5cf66fe85bac: cleaning registries for queue: home-makara-frappe-bench:long
2026-09-22 16:00:00,471 home-makara-frappe-bench:default: frappe.utils.background_jobs.execute_job(event=None, is_async=True, job_name='frappe.core.doctype.scheduled_job_type.scheduled_job_type.run_scheduled_jo..., kwargs={'job_type': 'frappe.integrations.doctype.webhook.webhook.retry_failed_webh..., method='frappe.core.doctype.scheduled_job_type.scheduled_job_type.run_scheduled_jo..., site='your-site-name.localhost', user='Administrator') (your-site-name.localhost||scheduled_job||51ugekk04n)
2026-09-22 16:00:00,756 Successfully completed frappe.utils.background_jobs.execute_job(event=None, is_async=True, job_name='frappe.core.doctype.scheduled_job_type.scheduled_job_type.run_scheduled_jo..., kwargs={'job_type': 'frappe.integrations.doctype.webhook.webhook.retry_failed_webh..., method='frappe.core.doctype.scheduled_job_type.scheduled_job_type.run_scheduled_jo..., site='your-site-name.localhost', user='Administrator') job in 0:00:00.278831s on worker f800c15beb474a89ab3b5cf66fe85bac
2026-09-22 16:00:00,757 home-makara-frappe-bench:default: Job OK (your-site-name.localhost||scheduled_job||51ugekk04n)
2026-09-22 16:00:00,757 Result is kept for 600 seconds
2026-09-22 16:00:00,764 home-makara-frappe-bench:default: frappe.utils.background_jobs.execute_job(event=None, is_async=True, job_name='frappe.core.doctype.scheduled_job_type.scheduled_job_type.run_scheduled_jo..., kwargs={'job_type': 'frappe.integrations.doctype.google_calendar.google_calendar.s..., method='frappe.core.doctype.scheduled_job_type.scheduled_job_type.run_scheduled_jo..., site='your-site-name.localhost', user='Administrator') (your-site-name.localhost||scheduled_job||51u2s8slv0)
2026-09-22 16:00:01,074 Successfully completed frappe.utils.background_jobs.execute_job(event=None, is_async=True, job_name='frappe.core.doctype.scheduled_job_type.scheduled_job_type.run_scheduled_jo..., kwargs={'job_type': 'frappe.integrations.doctype.google_calendar.google_calendar.s..., method='frappe.core.doctype.scheduled_job_type.scheduled_job_type.run_scheduled_jo..., site='your-site-name.localhost', user='Administrator') job in 0:00:00.302818s on worker f800c15beb474a89ab3b5cf66fe85bac
2026-09-22 16:00:01,074 home-makara-frappe-bench:default: Job OK (your-site-name.localhost||scheduled_job||51u2s8slv0)
2026-09-22 16:00:01,074 Result is kept for 600 seconds
2026-09-22 16:00:01,083 home-makara-frappe-bench:default: frappe.utils.background_jobs.execute_job(event=None, is_async=True, job_name='frappe.core.doctype.scheduled_job_type.scheduled_job_type.run_scheduled_jo..., kwargs={'job_type': 'frappe.search.sqlite_search.index_docs_in_queue', 'scheduled_..., method='frappe.core.doctype.scheduled_job_type.scheduled_job_type.run_scheduled_jo..., site='your-site-name.localhost', user='Administrator') (your-site-name.localhost||scheduled_job||51ubu6l9cg)
2026-09-22 16:00:01,365 Successfully completed frappe.utils.background_jobs.execute_job(event=None, is_async=True, job_name='frappe.core.doctype.scheduled_job_type.scheduled_job_type.run_scheduled_jo..., kwargs={'job_type': 'frappe.search.sqlite_search.index_docs_in_queue', 'scheduled_..., method='frappe.core.doctype.scheduled_job_type.scheduled_job_type.run_scheduled_jo..., site='your-site-name.localhost', user='Administrator') job in 0:00:00.276081s on worker f800c15beb474a89ab3b5cf66fe85bac
2026-09-22 16:00:01,365 home-makara-frappe-bench:default: Job OK (your-site-name.localhost||scheduled_job||51ubu6l9cg)
2026-09-22 16:00:01,366 Result is kept for 600 seconds
2026-09-22 16:00:01,373 home-makara-frappe-bench:default: frappe.utils.background_jobs.execute_job(event=None, is_async=True, job_name='frappe.core.doctype.scheduled_job_type.scheduled_job_type.run_scheduled_jo..., kwargs={'job_type': 'frappe.email.doctype.email_account.email_account.notify_unrep..., method='frappe.core.doctype.scheduled_job_type.scheduled_job_type.run_scheduled_jo..., site='your-site-name.localhost', user='Administrator') (your-site-name.localhost||scheduled_job||51utl79ueh)
2026-09-22 16:00:01,675 Successfully completed frappe.utils.background_jobs.execute_job(event=None, is_async=True, job_name='frappe.core.doctype.scheduled_job_type.scheduled_job_type.run_scheduled_jo..., kwargs={'job_type': 'frappe.email.doctype.email_account.email_account.notify_unrep..., method='frappe.core.doctype.scheduled_job_type.scheduled_job_type.run_scheduled_jo..., site='your-site-name.localhost', user='Administrator') job in 0:00:00.296185s on worker f800c15beb474a89ab3b5cf66fe85bac
2026-09-22 16:00:01,675 home-makara-frappe-bench:default: Job OK (your-site-name.localhost||scheduled_job||51utl79ueh)
2026-09-22 16:00:01,676 Result is kept for 600 seconds
2026-09-22 16:00:01,683 home-makara-frappe-bench:default: frappe.utils.background_jobs.execute_job(event=None, is_async=True, job_name='frappe.core.doctype.scheduled_job_type.scheduled_job_type.run_scheduled_jo..., kwargs={'job_type': 'frappe.deferred_insert.save_to_db', 'scheduled_job_type': '51..., method='frappe.core.doctype.scheduled_job_type.scheduled_job_type.run_scheduled_jo..., site='your-site-name.localhost', user='Administrator') (your-site-name.localhost||scheduled_job||51umjnqrgr)
2026-09-22 16:00:02,021 Successfully completed frappe.utils.background_jobs.execute_job(event=None, is_async=True, job_name='frappe.core.doctype.scheduled_job_type.scheduled_job_type.run_scheduled_jo..., kwargs={'job_type': 'frappe.deferred_insert.save_to_db', 'scheduled_job_type': '51..., method='frappe.core.doctype.scheduled_job_type.scheduled_job_type.run_scheduled_jo..., site='your-site-name.localhost', user='Administrator') job in 0:00:00.332235s on worker f800c15beb474a89ab3b5cf66fe85bac
2026-09-22 16:00:02,022 home-makara-frappe-bench:default: Job OK (your-site-name.localhost||scheduled_job||51umjnqrgr)
2026-09-22 16:00:02,022 Result is kept for 600 seconds
2026-09-22 16:00:02,030 home-makara-frappe-bench:default: frappe.utils.background_jobs.execute_job(event=None, is_async=True, job_name='frappe.core.doctype.scheduled_job_type.scheduled_job_type.run_scheduled_jo..., kwargs={'job_type': 'frappe.monitor.flush', 'scheduled_job_type': '51u5l2o9pg'}, method='frappe.core.doctype.scheduled_job_type.scheduled_job_type.run_scheduled_jo..., site='your-site-name.localhost', user='Administrator') (your-site-name.localhost||scheduled_job||51u5l2o9pg)
2026-09-22 16:00:02,336 Successfully completed frappe.utils.background_jobs.execute_job(event=None, is_async=True, job_name='frappe.core.doctype.scheduled_job_type.scheduled_job_type.run_scheduled_jo..., kwargs={'job_type': 'frappe.monitor.flush', 'scheduled_job_type': '51u5l2o9pg'}, method='frappe.core.doctype.scheduled_job_type.scheduled_job_type.run_scheduled_jo..., site='your-site-name.localhost', user='Administrator') job in 0:00:00.298104s on worker f800c15beb474a89ab3b5cf66fe85bac
2026-09-22 16:00:02,336 home-makara-frappe-bench:default: Job OK (your-site-name.localhost||scheduled_job||51u5l2o9pg)
2026-09-22 16:00:02,336 Result is kept for 600 seconds
2026-09-22 16:00:02,344 home-makara-frappe-bench:default: frappe.utils.background_jobs.execute_job(event=None, is_async=True, job_name='frappe.core.doctype.scheduled_job_type.scheduled_job_type.run_scheduled_jo..., kwargs={'job_type': 'frappe.email.queue.flush', 'scheduled_job_type': '51um9eeecb'..., method='frappe.core.doctype.scheduled_job_type.scheduled_job_type.run_scheduled_jo..., site='your-site-name.localhost', user='Administrator') (your-site-name.localhost||scheduled_job||51um9eeecb)
2026-09-22 16:00:02,660 Successfully completed frappe.utils.background_jobs.execute_job(event=None, is_async=True, job_name='frappe.core.doctype.scheduled_job_type.scheduled_job_type.run_scheduled_jo..., kwargs={'job_type': 'frappe.email.queue.flush', 'scheduled_job_type': '51um9eeecb'..., method='frappe.core.doctype.scheduled_job_type.scheduled_job_type.run_scheduled_jo..., site='your-site-name.localhost', user='Administrator') job in 0:00:00.308966s on worker f800c15beb474a89ab3b5cf66fe85bac
2026-09-22 16:00:02,660 home-makara-frappe-bench:default: Job OK (your-site-name.localhost||scheduled_job||51um9eeecb)
2026-09-22 16:00:02,660 Result is kept for 600 seconds
2026-09-22 16:00:02,668 home-makara-frappe-bench:default: frappe.utils.background_jobs.execute_job(event=None, is_async=True, job_name='frappe.core.doctype.scheduled_job_type.scheduled_job_type.run_scheduled_jo..., kwargs={'job_type': 'frappe.email.queue.retry_sending_emails', 'scheduled_job_type..., method='frappe.core.doctype.scheduled_job_type.scheduled_job_type.run_scheduled_jo..., site='your-site-name.localhost', user='Administrator') (your-site-name.localhost||scheduled_job||51uv7phrm7)
2026-09-22 16:00:03,008 Successfully completed frappe.utils.background_jobs.execute_job(event=None, is_async=True, job_name='frappe.core.doctype.scheduled_job_type.scheduled_job_type.run_scheduled_jo..., kwargs={'job_type': 'frappe.email.queue.retry_sending_emails', 'scheduled_job_type..., method='frappe.core.doctype.scheduled_job_type.scheduled_job_type.run_scheduled_jo..., site='your-site-name.localhost', user='Administrator') job in 0:00:00.316485s on worker f800c15beb474a89ab3b5cf66fe85bac
2026-09-22 16:00:03,008 home-makara-frappe-bench:default: Job OK (your-site-name.localhost||scheduled_job||51uv7phrm7)
2026-09-22 16:00:03,008 Result is kept for 600 seconds
2026-09-22 16:00:03,015 home-makara-frappe-bench:default: frappe.utils.background_jobs.execute_job(event=None, is_async=True, job_name='frappe.core.doctype.scheduled_job_type.scheduled_job_type.run_scheduled_jo..., kwargs={'job_type': 'frappe.email.doctype.notification.notification.trigger_offset..., method='frappe.core.doctype.scheduled_job_type.scheduled_job_type.run_scheduled_jo..., site='your-site-name.localhost', user='Administrator') (your-site-name.localhost||scheduled_job||51ujdm2d34)
2026-09-22 16:00:03,353 Successfully completed frappe.utils.background_jobs.execute_job(event=None, is_async=True, job_name='frappe.core.doctype.scheduled_job_type.scheduled_job_type.run_scheduled_jo..., kwargs={'job_type': 'frappe.email.doctype.notification.notification.trigger_offset..., method='frappe.core.doctype.scheduled_job_type.scheduled_job_type.run_scheduled_jo..., site='your-site-name.localhost', user='Administrator') job in 0:00:00.329022s on worker f800c15beb474a89ab3b5cf66fe85bac
2026-09-22 16:00:03,354 home-makara-frappe-bench:default: Job OK (your-site-name.localhost||scheduled_job||51ujdm2d34)
2026-09-22 16:00:03,354 Result is kept for 600 seconds
2026-09-22 16:00:03,361 home-makara-frappe-bench:default: frappe.utils.background_jobs.execute_job(event=None, is_async=True, job_name='frappe.core.doctype.scheduled_job_type.scheduled_job_type.run_scheduled_jo..., kwargs={'job_type': 'frappe.utils.global_search.sync_global_search', 'scheduled_jo..., method='frappe.core.doctype.scheduled_job_type.scheduled_job_type.run_scheduled_jo..., site='your-site-name.localhost', user='Administrator') (your-site-name.localhost||scheduled_job||51ul1o6qkh)
2026-09-22 16:00:03,717 Successfully completed frappe.utils.background_jobs.execute_job(event=None, is_async=True, job_name='frappe.core.doctype.scheduled_job_type.scheduled_job_type.run_scheduled_jo..., kwargs={'job_type': 'frappe.utils.global_search.sync_global_search', 'scheduled_jo..., method='frappe.core.doctype.scheduled_job_type.scheduled_job_type.run_scheduled_jo..., site='your-site-name.localhost', user='Administrator') job in 0:00:00.348283s on worker f800c15beb474a89ab3b5cf66fe85bac
2026-09-22 16:00:03,717 home-makara-frappe-bench:default: Job OK (your-site-name.localhost||scheduled_job||51ul1o6qkh)
2026-09-22 16:00:03,718 Result is kept for 600 seconds
2026-09-22 16:00:03,724 home-makara-frappe-bench:default: frappe.utils.background_jobs.execute_job(event=None, is_async=True, job_name='frappe.core.doctype.scheduled_job_type.scheduled_job_type.run_scheduled_jo..., kwargs={'job_type': 'frappe.automation_engine.scheduler.process_date_based', 'sche..., method='frappe.core.doctype.scheduled_job_type.scheduled_job_type.run_scheduled_jo..., site='your-site-name.localhost', user='Administrator') (your-site-name.localhost||scheduled_job||51u4fqnc3o)
2026-09-22 16:00:04,039 Successfully completed frappe.utils.background_jobs.execute_job(event=None, is_async=True, job_name='frappe.core.doctype.scheduled_job_type.scheduled_job_type.run_scheduled_jo..., kwargs={'job_type': 'frappe.automation_engine.scheduler.process_date_based', 'sche..., method='frappe.core.doctype.scheduled_job_type.scheduled_job_type.run_scheduled_jo..., site='your-site-name.localhost', user='Administrator') job in 0:00:00.308553s on worker f800c15beb474a89ab3b5cf66fe85bac
2026-09-22 16:00:04,039 home-makara-frappe-bench:default: Job OK (your-site-name.localhost||scheduled_job||51u4fqnc3o)
2026-09-22 16:00:04,039 Result is kept for 600 seconds
2026-09-22 16:00:04,046 home-makara-frappe-bench:default: frappe.utils.background_jobs.execute_job(event=None, is_async=True, job_name='frappe.core.doctype.scheduled_job_type.scheduled_job_type.run_scheduled_jo..., kwargs={'job_type': 'frappe.utils.telemetry.pulse.client.send_queued_events', 'sch..., method='frappe.core.doctype.scheduled_job_type.scheduled_job_type.run_scheduled_jo..., site='your-site-name.localhost', user='Administrator') (your-site-name.localhost||scheduled_job||51ub742nv9)
2026-09-22 16:00:04,326 Successfully completed frappe.utils.background_jobs.execute_job(event=None, is_async=True, job_name='frappe.core.doctype.scheduled_job_type.scheduled_job_type.run_scheduled_jo..., kwargs={'job_type': 'frappe.utils.telemetry.pulse.client.send_queued_events', 'sch..., method='frappe.core.doctype.scheduled_job_type.scheduled_job_type.run_scheduled_jo..., site='your-site-name.localhost', user='Administrator') job in 0:00:00.273928s on worker f800c15beb474a89ab3b5cf66fe85bac
2026-09-22 16:00:04,327 home-makara-frappe-bench:default: Job OK (your-site-name.localhost||scheduled_job||51ub742nv9)
2026-09-22 16:00:04,327 Result is kept for 600 seconds
2026-09-22 16:00:04,333 home-makara-frappe-bench:default: frappe.utils.background_jobs.execute_job(event=None, is_async=True, job_name='frappe.core.doctype.scheduled_job_type.scheduled_job_type.run_scheduled_jo..., kwargs={'job_type': 'frappe.automation_engine.drainer.drain_due', 'scheduled_job_t..., method='frappe.core.doctype.scheduled_job_type.scheduled_job_type.run_scheduled_jo..., site='your-site-name.localhost', user='Administrator') (your-site-name.localhost||scheduled_job||51u0dpk9ai)
2026-09-22 16:00:04,648 Successfully completed frappe.utils.background_jobs.execute_job(event=None, is_async=True, job_name='frappe.core.doctype.scheduled_job_type.scheduled_job_type.run_scheduled_jo..., kwargs={'job_type': 'frappe.automation_engine.drainer.drain_due', 'scheduled_job_t..., method='frappe.core.doctype.scheduled_job_type.scheduled_job_type.run_scheduled_jo..., site='your-site-name.localhost', user='Administrator') job in 0:00:00.307492s on worker f800c15beb474a89ab3b5cf66fe85bac
2026-09-22 16:00:04,648 home-makara-frappe-bench:default: Job OK (your-site-name.localhost||scheduled_job||51u0dpk9ai)
2026-09-22 16:00:04,648 Result is kept for 600 seconds
2026-09-22 16:00:04,654 home-makara-frappe-bench:default: frappe.utils.background_jobs.execute_job(event=None, is_async=True, job_name='frappe.core.doctype.scheduled_job_type.scheduled_job_type.run_scheduled_jo..., kwargs={'job_type': 'frappe.email.doctype.email_account.email_account.pull', 'sche..., method='frappe.core.doctype.scheduled_job_type.scheduled_job_type.run_scheduled_jo..., site='your-site-name.localhost', user='Administrator') (your-site-name.localhost||scheduled_job||51u4simu78)
2026-09-22 16:00:04,974 Successfully completed frappe.utils.background_jobs.execute_job(event=None, is_async=True, job_name='frappe.core.doctype.scheduled_job_type.scheduled_job_type.run_scheduled_jo..., kwargs={'job_type': 'frappe.email.doctype.email_account.email_account.pull', 'sche..., method='frappe.core.doctype.scheduled_job_type.scheduled_job_type.run_scheduled_jo..., site='your-site-name.localhost', user='Administrator') job in 0:00:00.310580s on worker f800c15beb474a89ab3b5cf66fe85bac
2026-09-22 16:00:04,974 home-makara-frappe-bench:default: Job OK (your-site-name.localhost||scheduled_job||51u4simu78)
2026-09-22 16:00:04,974 Result is kept for 600 seconds
2026-09-22 16:00:04,981 home-makara-frappe-bench:default: frappe.utils.background_jobs.execute_job(event=None, is_async=True, job_name='frappe.core.doctype.scheduled_job_type.scheduled_job_type.run_scheduled_jo..., kwargs={'job_type': 'frappe.automation.doctype.reminder.reminder.send_reminders', ..., method='frappe.core.doctype.scheduled_job_type.scheduled_job_type.run_scheduled_jo..., site='your-site-name.localhost', user='Administrator') (your-site-name.localhost||scheduled_job||51ujogtifi)
2026-09-22 16:00:05,301 Successfully completed frappe.utils.background_jobs.execute_job(event=None, is_async=True, job_name='frappe.core.doctype.scheduled_job_type.scheduled_job_type.run_scheduled_jo..., kwargs={'job_type': 'frappe.automation.doctype.reminder.reminder.send_reminders', ..., method='frappe.core.doctype.scheduled_job_type.scheduled_job_type.run_scheduled_jo..., site='your-site-name.localhost', user='Administrator') job in 0:00:00.313728s on worker f800c15beb474a89ab3b5cf66fe85bac
2026-09-22 16:00:05,301 home-makara-frappe-bench:default: Job OK (your-site-name.localhost||scheduled_job||51ujogtifi)
2026-09-22 16:00:05,301 Result is kept for 600 seconds
2026-09-22 16:00:05,309 home-makara-frappe-bench:default: frappe.utils.background_jobs.execute_job(event=None, is_async=True, job_name='frappe.core.doctype.scheduled_job_type.scheduled_job_type.run_scheduled_jo..., kwargs={'job_type': 'frappe.automation_engine.scheduler.process_cron', 'scheduled_..., method='frappe.core.doctype.scheduled_job_type.scheduled_job_type.run_scheduled_jo..., site='your-site-name.localhost', user='Administrator') (your-site-name.localhost||scheduled_job||51u6ep6oat)
2026-09-22 16:00:05,593 Successfully completed frappe.utils.background_jobs.execute_job(event=None, is_async=True, job_name='frappe.core.doctype.scheduled_job_type.scheduled_job_type.run_scheduled_jo..., kwargs={'job_type': 'frappe.automation_engine.scheduler.process_cron', 'scheduled_..., method='frappe.core.doctype.scheduled_job_type.scheduled_job_type.run_scheduled_jo..., site='your-site-name.localhost', user='Administrator') job in 0:00:00.276439s on worker f800c15beb474a89ab3b5cf66fe85bac
2026-09-22 16:00:05,594 home-makara-frappe-bench:default: Job OK (your-site-name.localhost||scheduled_job||51u6ep6oat)
2026-09-22 16:00:05,594 Result is kept for 600 seconds
2026-09-22 16:00:05,601 home-makara-frappe-bench:default: frappe.utils.background_jobs.execute_job(event=None, is_async=True, job_name='frappe.core.doctype.scheduled_job_type.scheduled_job_type.run_scheduled_jo..., kwargs={'job_type': 'frappe.model.utils.link_count.update_link_count', 'scheduled_..., method='frappe.core.doctype.scheduled_job_type.scheduled_job_type.run_scheduled_jo..., site='your-site-name.localhost', user='Administrator') (your-site-name.localhost||scheduled_job||51utqpe235)
2026-09-22 16:00:05,872 Successfully completed frappe.utils.background_jobs.execute_job(event=None, is_async=True, job_name='frappe.core.doctype.scheduled_job_type.scheduled_job_type.run_scheduled_jo..., kwargs={'job_type': 'frappe.model.utils.link_count.update_link_count', 'scheduled_..., method='frappe.core.doctype.scheduled_job_type.scheduled_job_type.run_scheduled_jo..., site='your-site-name.localhost', user='Administrator') job in 0:00:00.264305s on worker f800c15beb474a89ab3b5cf66fe85bac
2026-09-22 16:00:05,872 home-makara-frappe-bench:default: Job OK (your-site-name.localhost||scheduled_job||51utqpe235)
2026-09-22 16:00:05,872 Result is kept for 600 seconds
2026-09-22 16:00:05,880 home-makara-frappe-bench:long: frappe.utils.background_jobs.execute_job(event=None, is_async=True, job_name='frappe.core.doctype.scheduled_job_type.scheduled_job_type.run_scheduled_jo..., kwargs={'job_type': 'frappe.desk.page.backups.backups.delete_downloadable_backups'..., method='frappe.core.doctype.scheduled_job_type.scheduled_job_type.run_scheduled_jo..., site='your-site-name.localhost', user='Administrator') (your-site-name.localhost||scheduled_job||51u294fn7o)
2026-09-22 16:00:06,220 Successfully completed frappe.utils.background_jobs.execute_job(event=None, is_async=True, job_name='frappe.core.doctype.scheduled_job_type.scheduled_job_type.run_scheduled_jo..., kwargs={'job_type': 'frappe.desk.page.backups.backups.delete_downloadable_backups'..., method='frappe.core.doctype.scheduled_job_type.scheduled_job_type.run_scheduled_jo..., site='your-site-name.localhost', user='Administrator') job in 0:00:00.333478s on worker f800c15beb474a89ab3b5cf66fe85bac
2026-09-22 16:00:06,220 home-makara-frappe-bench:long: Job OK (your-site-name.localhost||scheduled_job||51u294fn7o)
2026-09-22 16:00:06,220 Result is kept for 600 seconds
2026-09-22 16:00:06,228 home-makara-frappe-bench:long: frappe.utils.background_jobs.execute_job(event=None, is_async=True, job_name='frappe.core.doctype.scheduled_job_type.scheduled_job_type.run_scheduled_jo..., kwargs={'job_type': 'frappe.website.doctype.personal_data_deletion_request.persona..., method='frappe.core.doctype.scheduled_job_type.scheduled_job_type.run_scheduled_jo..., site='your-site-name.localhost', user='Administrator') (your-site-name.localhost||scheduled_job||51urrhaejr)
2026-09-22 16:00:06,611 Successfully completed frappe.utils.background_jobs.execute_job(event=None, is_async=True, job_name='frappe.core.doctype.scheduled_job_type.scheduled_job_type.run_scheduled_jo..., kwargs={'job_type': 'frappe.website.doctype.personal_data_deletion_request.persona..., method='frappe.core.doctype.scheduled_job_type.scheduled_job_type.run_scheduled_jo..., site='your-site-name.localhost', user='Administrator') job in 0:00:00.374216s on worker f800c15beb474a89ab3b5cf66fe85bac
2026-09-22 16:00:06,611 home-makara-frappe-bench:long: Job OK (your-site-name.localhost||scheduled_job||51urrhaejr)
2026-09-22 16:00:06,612 Result is kept for 600 seconds
2026-09-22 16:00:06,621 home-makara-frappe-bench:long: frappe.utils.background_jobs.execute_job(event=None, is_async=True, job_name='frappe.core.doctype.scheduled_job_type.scheduled_job_type.run_scheduled_jo..., kwargs={'job_type': 'frappe.model.utils.user_settings.sync_user_settings', 'schedu..., method='frappe.core.doctype.scheduled_job_type.scheduled_job_type.run_scheduled_jo..., site='your-site-name.localhost', user='Administrator') (your-site-name.localhost||scheduled_job||51uint1mto)
2026-09-22 16:00:06,976 Successfully completed frappe.utils.background_jobs.execute_job(event=None, is_async=True, job_name='frappe.core.doctype.scheduled_job_type.scheduled_job_type.run_scheduled_jo..., kwargs={'job_type': 'frappe.model.utils.user_settings.sync_user_settings', 'schedu..., method='frappe.core.doctype.scheduled_job_type.scheduled_job_type.run_scheduled_jo..., site='your-site-name.localhost', user='Administrator') job in 0:00:00.347068s on worker f800c15beb474a89ab3b5cf66fe85bac
2026-09-22 16:00:06,977 home-makara-frappe-bench:long: Job OK (your-site-name.localhost||scheduled_job||51uint1mto)
2026-09-22 16:00:06,977 Result is kept for 600 seconds
2026-09-22 16:00:06,985 home-makara-frappe-bench:long: frappe.utils.background_jobs.execute_job(event=None, is_async=True, job_name='frappe.core.doctype.scheduled_job_type.scheduled_job_type.run_scheduled_jo..., kwargs={'job_type': 'frappe.oauth.delete_oauth2_data', 'scheduled_job_type': '51up..., method='frappe.core.doctype.scheduled_job_type.scheduled_job_type.run_scheduled_jo..., site='your-site-name.localhost', user='Administrator') (your-site-name.localhost||scheduled_job||51up6djr17)
2026-09-22 16:00:07,360 Successfully completed frappe.utils.background_jobs.execute_job(event=None, is_async=True, job_name='frappe.core.doctype.scheduled_job_type.scheduled_job_type.run_scheduled_jo..., kwargs={'job_type': 'frappe.oauth.delete_oauth2_data', 'scheduled_job_type': '51up..., method='frappe.core.doctype.scheduled_job_type.scheduled_job_type.run_scheduled_jo..., site='your-site-name.localhost', user='Administrator') job in 0:00:00.366904s on worker f800c15beb474a89ab3b5cf66fe85bac
2026-09-22 16:00:07,360 home-makara-frappe-bench:long: Job OK (your-site-name.localhost||scheduled_job||51up6djr17)
2026-09-22 16:00:07,360 Result is kept for 600 seconds
2026-09-22 16:00:07,368 home-makara-frappe-bench:long: frappe.utils.background_jobs.execute_job(event=None, is_async=True, job_name='frappe.core.doctype.scheduled_job_type.scheduled_job_type.run_scheduled_jo..., kwargs={'job_type': 'frappe.core.doctype.prepared_report.prepared_report.expire_st..., method='frappe.core.doctype.scheduled_job_type.scheduled_job_type.run_scheduled_jo..., site='your-site-name.localhost', user='Administrator') (your-site-name.localhost||scheduled_job||51u450j6fg)
2026-09-22 16:00:07,730 Successfully completed frappe.utils.background_jobs.execute_job(event=None, is_async=True, job_name='frappe.core.doctype.scheduled_job_type.scheduled_job_type.run_scheduled_jo..., kwargs={'job_type': 'frappe.core.doctype.prepared_report.prepared_report.expire_st..., method='frappe.core.doctype.scheduled_job_type.scheduled_job_type.run_scheduled_jo..., site='your-site-name.localhost', user='Administrator') job in 0:00:00.355233s on worker f800c15beb474a89ab3b5cf66fe85bac
2026-09-22 16:00:07,730 home-makara-frappe-bench:long: Job OK (your-site-name.localhost||scheduled_job||51u450j6fg)
2026-09-22 16:00:07,730 Result is kept for 600 seconds
2026-09-22 16:00:07,741 home-makara-frappe-bench:long: frappe.utils.background_jobs.execute_job(event=None, is_async=True, job_name='frappe.core.doctype.scheduled_job_type.scheduled_job_type.run_scheduled_jo..., kwargs={'job_type': 'frappe.twofactor.delete_all_barcodes_for_users', 'scheduled_j..., method='frappe.core.doctype.scheduled_job_type.scheduled_job_type.run_scheduled_jo..., site='your-site-name.localhost', user='Administrator') (your-site-name.localhost||scheduled_job||51uj9u8spk)
2026-09-22 16:00:08,025 Successfully completed frappe.utils.background_jobs.execute_job(event=None, is_async=True, job_name='frappe.core.doctype.scheduled_job_type.scheduled_job_type.run_scheduled_jo..., kwargs={'job_type': 'frappe.twofactor.delete_all_barcodes_for_users', 'scheduled_j..., method='frappe.core.doctype.scheduled_job_type.scheduled_job_type.run_scheduled_jo..., site='your-site-name.localhost', user='Administrator') job in 0:00:00.276575s on worker f800c15beb474a89ab3b5cf66fe85bac
2026-09-22 16:00:08,025 home-makara-frappe-bench:long: Job OK (your-site-name.localhost||scheduled_job||51uj9u8spk)
2026-09-22 16:00:08,025 Result is kept for 600 seconds
2026-09-22 16:00:08,033 home-makara-frappe-bench:long: frappe.utils.background_jobs.execute_job(event=None, is_async=True, job_name='frappe.core.doctype.scheduled_job_type.scheduled_job_type.run_scheduled_jo..., kwargs={'job_type': 'frappe.website.doctype.web_page.web_page.check_publish_status..., method='frappe.core.doctype.scheduled_job_type.scheduled_job_type.run_scheduled_jo..., site='your-site-name.localhost', user='Administrator') (your-site-name.localhost||scheduled_job||51ulukm94n)
2026-09-22 16:00:08,390 Successfully completed frappe.utils.background_jobs.execute_job(event=None, is_async=True, job_name='frappe.core.doctype.scheduled_job_type.scheduled_job_type.run_scheduled_jo..., kwargs={'job_type': 'frappe.website.doctype.web_page.web_page.check_publish_status..., method='frappe.core.doctype.scheduled_job_type.scheduled_job_type.run_scheduled_jo..., site='your-site-name.localhost', user='Administrator') job in 0:00:00.350379s on worker f800c15beb474a89ab3b5cf66fe85bac
2026-09-22 16:00:08,390 home-makara-frappe-bench:long: Job OK (your-site-name.localhost||scheduled_job||51ulukm94n)
2026-09-22 16:00:08,390 Result is kept for 600 seconds
2026-09-22 16:00:08,398 home-makara-frappe-bench:long: frappe.utils.background_jobs.execute_job(event=None, is_async=True, job_name='frappe.core.doctype.scheduled_job_type.scheduled_job_type.run_scheduled_jo..., kwargs={'job_type': 'frappe.desk.utils.delete_old_exported_report_files', 'schedul..., method='frappe.core.doctype.scheduled_job_type.scheduled_job_type.run_scheduled_jo..., site='your-site-name.localhost', user='Administrator') (your-site-name.localhost||scheduled_job||51uejdm0v2)
2026-09-22 16:00:08,706 Successfully completed frappe.utils.background_jobs.execute_job(event=None, is_async=True, job_name='frappe.core.doctype.scheduled_job_type.scheduled_job_type.run_scheduled_jo..., kwargs={'job_type': 'frappe.desk.utils.delete_old_exported_report_files', 'schedul..., method='frappe.core.doctype.scheduled_job_type.scheduled_job_type.run_scheduled_jo..., site='your-site-name.localhost', user='Administrator') job in 0:00:00.301855s on worker f800c15beb474a89ab3b5cf66fe85bac
2026-09-22 16:00:08,706 home-makara-frappe-bench:long: Job OK (your-site-name.localhost||scheduled_job||51uejdm0v2)
2026-09-22 16:00:08,706 Result is kept for 600 seconds
2026-09-22 16:04:00,246 home-makara-frappe-bench:default: frappe.utils.background_jobs.execute_job(event=None, is_async=True, job_name='frappe.core.doctype.scheduled_job_type.scheduled_job_type.run_scheduled_jo..., kwargs={'job_type': 'frappe.monitor.flush', 'scheduled_job_type': '51u5l2o9pg'}, method='frappe.core.doctype.scheduled_job_type.scheduled_job_type.run_scheduled_jo..., site='your-site-name.localhost', user='Administrator') (your-site-name.localhost||scheduled_job||51u5l2o9pg)
2026-09-22 16:04:00,535 Successfully completed frappe.utils.background_jobs.execute_job(event=None, is_async=True, job_name='frappe.core.doctype.scheduled_job_type.scheduled_job_type.run_scheduled_jo..., kwargs={'job_type': 'frappe.monitor.flush', 'scheduled_job_type': '51u5l2o9pg'}, method='frappe.core.doctype.scheduled_job_type.scheduled_job_type.run_scheduled_jo..., site='your-site-name.localhost', user='Administrator') job in 0:00:00.282087s on worker f800c15beb474a89ab3b5cf66fe85bac
2026-09-22 16:04:00,536 home-makara-frappe-bench:default: Job OK (your-site-name.localhost||scheduled_job||51u5l2o9pg)
2026-09-22 16:04:00,536 Result is kept for 600 seconds
2026-09-22 16:04:00,543 home-makara-frappe-bench:default: frappe.utils.background_jobs.execute_job(event=None, is_async=True, job_name='frappe.core.doctype.scheduled_job_type.scheduled_job_type.run_scheduled_jo..., kwargs={'job_type': 'frappe.email.queue.retry_sending_emails', 'scheduled_job_type..., method='frappe.core.doctype.scheduled_job_type.scheduled_job_type.run_scheduled_jo..., site='your-site-name.localhost', user='Administrator') (your-site-name.localhost||scheduled_job||51uv7phrm7)
2026-09-22 16:04:00,990 Successfully completed frappe.utils.background_jobs.execute_job(event=None, is_async=True, job_name='frappe.core.doctype.scheduled_job_type.scheduled_job_type.run_scheduled_jo..., kwargs={'job_type': 'frappe.email.queue.retry_sending_emails', 'scheduled_job_type..., method='frappe.core.doctype.scheduled_job_type.scheduled_job_type.run_scheduled_jo..., site='your-site-name.localhost', user='Administrator') job in 0:00:00.439542s on worker f800c15beb474a89ab3b5cf66fe85bac
2026-09-22 16:04:00,990 home-makara-frappe-bench:default: Job OK (your-site-name.localhost||scheduled_job||51uv7phrm7)
2026-09-22 16:04:00,990 Result is kept for 600 seconds
2026-09-22 16:04:00,996 home-makara-frappe-bench:default: frappe.utils.background_jobs.execute_job(event=None, is_async=True, job_name='frappe.core.doctype.scheduled_job_type.scheduled_job_type.run_scheduled_jo..., kwargs={'job_type': 'frappe.email.queue.flush', 'scheduled_job_type': '51um9eeecb'..., method='frappe.core.doctype.scheduled_job_type.scheduled_job_type.run_scheduled_jo..., site='your-site-name.localhost', user='Administrator') (your-site-name.localhost||scheduled_job||51um9eeecb)
2026-09-22 16:04:01,314 Successfully completed frappe.utils.background_jobs.execute_job(event=None, is_async=True, job_name='frappe.core.doctype.scheduled_job_type.scheduled_job_type.run_scheduled_jo..., kwargs={'job_type': 'frappe.email.queue.flush', 'scheduled_job_type': '51um9eeecb'..., method='frappe.core.doctype.scheduled_job_type.scheduled_job_type.run_scheduled_jo..., site='your-site-name.localhost', user='Administrator') job in 0:00:00.311781s on worker f800c15beb474a89ab3b5cf66fe85bac
2026-09-22 16:04:01,314 home-makara-frappe-bench:default: Job OK (your-site-name.localhost||scheduled_job||51um9eeecb)
2026-09-22 16:04:01,315 Result is kept for 600 seconds
2026-09-22 16:04:01,325 home-makara-frappe-bench:default: frappe.utils.background_jobs.execute_job(event=None, is_async=True, job_name='frappe.core.doctype.scheduled_job_type.scheduled_job_type.run_scheduled_jo..., kwargs={'job_type': 'frappe.integrations.doctype.google_calendar.google_calendar.s..., method='frappe.core.doctype.scheduled_job_type.scheduled_job_type.run_scheduled_jo..., site='your-site-name.localhost', user='Administrator') (your-site-name.localhost||scheduled_job||51u2s8slv0)
2026-09-22 16:04:01,644 Successfully completed frappe.utils.background_jobs.execute_job(event=None, is_async=True, job_name='frappe.core.doctype.scheduled_job_type.scheduled_job_type.run_scheduled_jo..., kwargs={'job_type': 'frappe.integrations.doctype.google_calendar.google_calendar.s..., method='frappe.core.doctype.scheduled_job_type.scheduled_job_type.run_scheduled_jo..., site='your-site-name.localhost', user='Administrator') job in 0:00:00.312468s on worker f800c15beb474a89ab3b5cf66fe85bac
2026-09-22 16:04:01,645 home-makara-frappe-bench:default: Job OK (your-site-name.localhost||scheduled_job||51u2s8slv0)
2026-09-22 16:04:01,645 Result is kept for 600 seconds
2026-09-22 16:08:00,299 home-makara-frappe-bench:default: frappe.utils.background_jobs.execute_job(event=None, is_async=True, job_name='frappe.core.doctype.scheduled_job_type.scheduled_job_type.run_scheduled_jo..., kwargs={'job_type': 'frappe.email.queue.flush', 'scheduled_job_type': '51um9eeecb'..., method='frappe.core.doctype.scheduled_job_type.scheduled_job_type.run_scheduled_jo..., site='your-site-name.localhost', user='Administrator') (your-site-name.localhost||scheduled_job||51um9eeecb)
2026-09-22 16:08:00,720 Successfully completed frappe.utils.background_jobs.execute_job(event=None, is_async=True, job_name='frappe.core.doctype.scheduled_job_type.scheduled_job_type.run_scheduled_jo..., kwargs={'job_type': 'frappe.email.queue.flush', 'scheduled_job_type': '51um9eeecb'..., method='frappe.core.doctype.scheduled_job_type.scheduled_job_type.run_scheduled_jo..., site='your-site-name.localhost', user='Administrator') job in 0:00:00.401759s on worker f800c15beb474a89ab3b5cf66fe85bac
2026-09-22 16:08:00,721 home-makara-frappe-bench:default: Job OK (your-site-name.localhost||scheduled_job||51um9eeecb)
2026-09-22 16:08:00,721 Result is kept for 600 seconds
2026-09-22 16:08:00,729 home-makara-frappe-bench:default: frappe.utils.background_jobs.execute_job(event=None, is_async=True, job_name='frappe.core.doctype.scheduled_job_type.scheduled_job_type.run_scheduled_jo..., kwargs={'job_type': 'frappe.search.sqlite_search.index_docs_in_queue', 'scheduled_..., method='frappe.core.doctype.scheduled_job_type.scheduled_job_type.run_scheduled_jo..., site='your-site-name.localhost', user='Administrator') (your-site-name.localhost||scheduled_job||51ubu6l9cg)
2026-09-22 16:08:01,034 Successfully completed frappe.utils.background_jobs.execute_job(event=None, is_async=True, job_name='frappe.core.doctype.scheduled_job_type.scheduled_job_type.run_scheduled_jo..., kwargs={'job_type': 'frappe.search.sqlite_search.index_docs_in_queue', 'scheduled_..., method='frappe.core.doctype.scheduled_job_type.scheduled_job_type.run_scheduled_jo..., site='your-site-name.localhost', user='Administrator') job in 0:00:00.298032s on worker f800c15beb474a89ab3b5cf66fe85bac
2026-09-22 16:08:01,034 home-makara-frappe-bench:default: Job OK (your-site-name.localhost||scheduled_job||51ubu6l9cg)
2026-09-22 16:08:01,034 Result is kept for 600 seconds
2026-09-22 16:08:01,040 home-makara-frappe-bench:default: frappe.utils.background_jobs.execute_job(event=None, is_async=True, job_name='frappe.core.doctype.scheduled_job_type.scheduled_job_type.run_scheduled_jo..., kwargs={'job_type': 'frappe.email.queue.retry_sending_emails', 'scheduled_job_type..., method='frappe.core.doctype.scheduled_job_type.scheduled_job_type.run_scheduled_jo..., site='your-site-name.localhost', user='Administrator') (your-site-name.localhost||scheduled_job||51uv7phrm7)
2026-09-22 16:08:01,355 Successfully completed frappe.utils.background_jobs.execute_job(event=None, is_async=True, job_name='frappe.core.doctype.scheduled_job_type.scheduled_job_type.run_scheduled_jo..., kwargs={'job_type': 'frappe.email.queue.retry_sending_emails', 'scheduled_job_type..., method='frappe.core.doctype.scheduled_job_type.scheduled_job_type.run_scheduled_jo..., site='your-site-name.localhost', user='Administrator') job in 0:00:00.308609s on worker f800c15beb474a89ab3b5cf66fe85bac
2026-09-22 16:08:01,355 home-makara-frappe-bench:default: Job OK (your-site-name.localhost||scheduled_job||51uv7phrm7)
2026-09-22 16:08:01,355 Result is kept for 600 seconds
2026-09-22 16:08:01,365 home-makara-frappe-bench:default: frappe.utils.background_jobs.execute_job(event=None, is_async=True, job_name='frappe.core.doctype.scheduled_job_type.scheduled_job_type.run_scheduled_jo..., kwargs={'job_type': 'frappe.monitor.flush', 'scheduled_job_type': '51u5l2o9pg'}, method='frappe.core.doctype.scheduled_job_type.scheduled_job_type.run_scheduled_jo..., site='your-site-name.localhost', user='Administrator') (your-site-name.localhost||scheduled_job||51u5l2o9pg)
2026-09-22 16:08:01,658 Successfully completed frappe.utils.background_jobs.execute_job(event=None, is_async=True, job_name='frappe.core.doctype.scheduled_job_type.scheduled_job_type.run_scheduled_jo..., kwargs={'job_type': 'frappe.monitor.flush', 'scheduled_job_type': '51u5l2o9pg'}, method='frappe.core.doctype.scheduled_job_type.scheduled_job_type.run_scheduled_jo..., site='your-site-name.localhost', user='Administrator') job in 0:00:00.286950s on worker f800c15beb474a89ab3b5cf66fe85bac
2026-09-22 16:08:01,658 home-makara-frappe-bench:default: Job OK (your-site-name.localhost||scheduled_job||51u5l2o9pg)
2026-09-22 16:08:01,659 Result is kept for 600 seconds
2026-09-22 16:08:01,665 home-makara-frappe-bench:default: frappe.utils.background_jobs.execute_job(event=None, is_async=True, job_name='frappe.core.doctype.scheduled_job_type.scheduled_job_type.run_scheduled_jo..., kwargs={'job_type': 'frappe.automation_engine.drainer.drain_due', 'scheduled_job_t..., method='frappe.core.doctype.scheduled_job_type.scheduled_job_type.run_scheduled_jo..., site='your-site-name.localhost', user='Administrator') (your-site-name.localhost||scheduled_job||51u0dpk9ai)
2026-09-22 16:08:01,961 Successfully completed frappe.utils.background_jobs.execute_job(event=None, is_async=True, job_name='frappe.core.doctype.scheduled_job_type.scheduled_job_type.run_scheduled_jo..., kwargs={'job_type': 'frappe.automation_engine.drainer.drain_due', 'scheduled_job_t..., method='frappe.core.doctype.scheduled_job_type.scheduled_job_type.run_scheduled_jo..., site='your-site-name.localhost', user='Administrator') job in 0:00:00.289640s on worker f800c15beb474a89ab3b5cf66fe85bac
2026-09-22 16:08:01,962 home-makara-frappe-bench:default: Job OK (your-site-name.localhost||scheduled_job||51u0dpk9ai)
2026-09-22 16:08:01,962 Result is kept for 600 seconds
2026-09-22 16:08:01,970 home-makara-frappe-bench:default: frappe.utils.background_jobs.execute_job(event=None, is_async=True, job_name='frappe.core.doctype.scheduled_job_type.scheduled_job_type.run_scheduled_jo..., kwargs={'job_type': 'frappe.integrations.doctype.webhook.webhook.retry_failed_webh..., method='frappe.core.doctype.scheduled_job_type.scheduled_job_type.run_scheduled_jo..., site='your-site-name.localhost', user='Administrator') (your-site-name.localhost||scheduled_job||51ugekk04n)
2026-09-22 16:08:02,254 Successfully completed frappe.utils.background_jobs.execute_job(event=None, is_async=True, job_name='frappe.core.doctype.scheduled_job_type.scheduled_job_type.run_scheduled_jo..., kwargs={'job_type': 'frappe.integrations.doctype.webhook.webhook.retry_failed_webh..., method='frappe.core.doctype.scheduled_job_type.scheduled_job_type.run_scheduled_jo..., site='your-site-name.localhost', user='Administrator') job in 0:00:00.278371s on worker f800c15beb474a89ab3b5cf66fe85bac
2026-09-22 16:08:02,255 home-makara-frappe-bench:default: Job OK (your-site-name.localhost||scheduled_job||51ugekk04n)
2026-09-22 16:08:02,255 Result is kept for 600 seconds
2026-09-22 16:08:02,263 home-makara-frappe-bench:default: frappe.utils.background_jobs.execute_job(event=None, is_async=True, job_name='frappe.core.doctype.scheduled_job_type.scheduled_job_type.run_scheduled_jo..., kwargs={'job_type': 'frappe.integrations.doctype.google_calendar.google_calendar.s..., method='frappe.core.doctype.scheduled_job_type.scheduled_job_type.run_scheduled_jo..., site='your-site-name.localhost', user='Administrator') (your-site-name.localhost||scheduled_job||51u2s8slv0)
2026-09-22 16:08:02,555 Successfully completed frappe.utils.background_jobs.execute_job(event=None, is_async=True, job_name='frappe.core.doctype.scheduled_job_type.scheduled_job_type.run_scheduled_jo..., kwargs={'job_type': 'frappe.integrations.doctype.google_calendar.google_calendar.s..., method='frappe.core.doctype.scheduled_job_type.scheduled_job_type.run_scheduled_jo..., site='your-site-name.localhost', user='Administrator') job in 0:00:00.283711s on worker f800c15beb474a89ab3b5cf66fe85bac
2026-09-22 16:08:02,555 home-makara-frappe-bench:default: Job OK (your-site-name.localhost||scheduled_job||51u2s8slv0)
2026-09-22 16:08:02,555 Result is kept for 600 seconds
2026-09-22 16:08:02,562 home-makara-frappe-bench:default: frappe.utils.background_jobs.execute_job(event=None, is_async=True, job_name='frappe.core.doctype.scheduled_job_type.scheduled_job_type.run_scheduled_jo..., kwargs={'job_type': 'frappe.email.doctype.notification.notification.trigger_offset..., method='frappe.core.doctype.scheduled_job_type.scheduled_job_type.run_scheduled_jo..., site='your-site-name.localhost', user='Administrator') (your-site-name.localhost||scheduled_job||51ujdm2d34)
2026-09-22 16:08:02,853 Successfully completed frappe.utils.background_jobs.execute_job(event=None, is_async=True, job_name='frappe.core.doctype.scheduled_job_type.scheduled_job_type.run_scheduled_jo..., kwargs={'job_type': 'frappe.email.doctype.notification.notification.trigger_offset..., method='frappe.core.doctype.scheduled_job_type.scheduled_job_type.run_scheduled_jo..., site='your-site-name.localhost', user='Administrator') job in 0:00:00.283755s on worker f800c15beb474a89ab3b5cf66fe85bac
2026-09-22 16:08:02,853 home-makara-frappe-bench:default: Job OK (your-site-name.localhost||scheduled_job||51ujdm2d34)
2026-09-22 16:08:02,853 Result is kept for 600 seconds
2026-09-22 16:08:02,862 home-makara-frappe-bench:default: frappe.utils.background_jobs.execute_job(event=None, is_async=True, job_name='frappe.core.doctype.scheduled_job_type.scheduled_job_type.run_scheduled_jo..., kwargs={'job_type': 'frappe.automation_engine.scheduler.process_cron', 'scheduled_..., method='frappe.core.doctype.scheduled_job_type.scheduled_job_type.run_scheduled_jo..., site='your-site-name.localhost', user='Administrator') (your-site-name.localhost||scheduled_job||51u6ep6oat)
2026-09-22 16:08:03,188 Successfully completed frappe.utils.background_jobs.execute_job(event=None, is_async=True, job_name='frappe.core.doctype.scheduled_job_type.scheduled_job_type.run_scheduled_jo..., kwargs={'job_type': 'frappe.automation_engine.scheduler.process_cron', 'scheduled_..., method='frappe.core.doctype.scheduled_job_type.scheduled_job_type.run_scheduled_jo..., site='your-site-name.localhost', user='Administrator') job in 0:00:00.318362s on worker f800c15beb474a89ab3b5cf66fe85bac
2026-09-22 16:08:03,188 home-makara-frappe-bench:default: Job OK (your-site-name.localhost||scheduled_job||51u6ep6oat)
2026-09-22 16:08:03,188 Result is kept for 600 seconds
2026-09-22 16:12:00,409 home-makara-frappe-bench:default: frappe.utils.background_jobs.execute_job(event=None, is_async=True, job_name='frappe.core.doctype.scheduled_job_type.scheduled_job_type.run_scheduled_jo..., kwargs={'job_type': 'frappe.email.doctype.email_account.email_account.pull', 'sche..., method='frappe.core.doctype.scheduled_job_type.scheduled_job_type.run_scheduled_jo..., site='your-site-name.localhost', user='Administrator') (your-site-name.localhost||scheduled_job||51u4simu78)
2026-09-22 16:12:01,107 Successfully completed frappe.utils.background_jobs.execute_job(event=None, is_async=True, job_name='frappe.core.doctype.scheduled_job_type.scheduled_job_type.run_scheduled_jo..., kwargs={'job_type': 'frappe.email.doctype.email_account.email_account.pull', 'sche..., method='frappe.core.doctype.scheduled_job_type.scheduled_job_type.run_scheduled_jo..., site='your-site-name.localhost', user='Administrator') job in 0:00:00.671105s on worker f800c15beb474a89ab3b5cf66fe85bac
2026-09-22 16:12:01,108 home-makara-frappe-bench:default: Job OK (your-site-name.localhost||scheduled_job||51u4simu78)
2026-09-22 16:12:01,108 Result is kept for 600 seconds
2026-09-22 16:12:01,116 Worker f800c15beb474a89ab3b5cf66fe85bac: cleaning registries for queue: home-makara-frappe-bench:short
2026-09-22 16:12:01,118 Worker f800c15beb474a89ab3b5cf66fe85bac: cleaning registries for queue: home-makara-frappe-bench:default
2026-09-22 16:12:01,120 Worker f800c15beb474a89ab3b5cf66fe85bac: cleaning registries for queue: home-makara-frappe-bench:long
2026-09-22 16:12:01,122 home-makara-frappe-bench:default: frappe.utils.background_jobs.execute_job(event=None, is_async=True, job_name='frappe.core.doctype.scheduled_job_type.scheduled_job_type.run_scheduled_jo..., kwargs={'job_type': 'frappe.email.queue.retry_sending_emails', 'scheduled_job_type..., method='frappe.core.doctype.scheduled_job_type.scheduled_job_type.run_scheduled_jo..., site='your-site-name.localhost', user='Administrator') (your-site-name.localhost||scheduled_job||51uv7phrm7)
2026-09-22 16:12:01,967 Successfully completed frappe.utils.background_jobs.execute_job(event=None, is_async=True, job_name='frappe.core.doctype.scheduled_job_type.scheduled_job_type.run_scheduled_jo..., kwargs={'job_type': 'frappe.email.queue.retry_sending_emails', 'scheduled_job_type..., method='frappe.core.doctype.scheduled_job_type.scheduled_job_type.run_scheduled_jo..., site='your-site-name.localhost', user='Administrator') job in 0:00:00.838244s on worker f800c15beb474a89ab3b5cf66fe85bac
2026-09-22 16:12:01,968 home-makara-frappe-bench:default: Job OK (your-site-name.localhost||scheduled_job||51uv7phrm7)
2026-09-22 16:12:01,968 Result is kept for 600 seconds
2026-09-22 16:12:01,979 home-makara-frappe-bench:default: frappe.utils.background_jobs.execute_job(event=None, is_async=True, job_name='frappe.core.doctype.scheduled_job_type.scheduled_job_type.run_scheduled_jo..., kwargs={'job_type': 'frappe.integrations.doctype.webhook.webhook.retry_failed_webh..., method='frappe.core.doctype.scheduled_job_type.scheduled_job_type.run_scheduled_jo..., site='your-site-name.localhost', user='Administrator') (your-site-name.localhost||scheduled_job||51ugekk04n)
2026-09-22 16:12:02,479 Successfully completed frappe.utils.background_jobs.execute_job(event=None, is_async=True, job_name='frappe.core.doctype.scheduled_job_type.scheduled_job_type.run_scheduled_jo..., kwargs={'job_type': 'frappe.integrations.doctype.webhook.webhook.retry_failed_webh..., method='frappe.core.doctype.scheduled_job_type.scheduled_job_type.run_scheduled_jo..., site='your-site-name.localhost', user='Administrator') job in 0:00:00.476306s on worker f800c15beb474a89ab3b5cf66fe85bac
2026-09-22 16:12:02,479 home-makara-frappe-bench:default: Job OK (your-site-name.localhost||scheduled_job||51ugekk04n)
2026-09-22 16:12:02,479 Result is kept for 600 seconds
2026-09-22 16:12:02,493 home-makara-frappe-bench:default: frappe.utils.background_jobs.execute_job(event=None, is_async=True, job_name='frappe.core.doctype.scheduled_job_type.scheduled_job_type.run_scheduled_jo..., kwargs={'job_type': 'frappe.monitor.flush', 'scheduled_job_type': '51u5l2o9pg'}, method='frappe.core.doctype.scheduled_job_type.scheduled_job_type.run_scheduled_jo..., site='your-site-name.localhost', user='Administrator') (your-site-name.localhost||scheduled_job||51u5l2o9pg)
2026-09-22 16:12:02,841 Successfully completed frappe.utils.background_jobs.execute_job(event=None, is_async=True, job_name='frappe.core.doctype.scheduled_job_type.scheduled_job_type.run_scheduled_jo..., kwargs={'job_type': 'frappe.monitor.flush', 'scheduled_job_type': '51u5l2o9pg'}, method='frappe.core.doctype.scheduled_job_type.scheduled_job_type.run_scheduled_jo..., site='your-site-name.localhost', user='Administrator') job in 0:00:00.340822s on worker f800c15beb474a89ab3b5cf66fe85bac
2026-09-22 16:12:02,841 home-makara-frappe-bench:default: Job OK (your-site-name.localhost||scheduled_job||51u5l2o9pg)
2026-09-22 16:12:02,841 Result is kept for 600 seconds
2026-09-22 16:12:02,853 home-makara-frappe-bench:default: frappe.utils.background_jobs.execute_job(event=None, is_async=True, job_name='frappe.core.doctype.scheduled_job_type.scheduled_job_type.run_scheduled_jo..., kwargs={'job_type': 'frappe.email.doctype.notification.notification.trigger_offset..., method='frappe.core.doctype.scheduled_job_type.scheduled_job_type.run_scheduled_jo..., site='your-site-name.localhost', user='Administrator') (your-site-name.localhost||scheduled_job||51ujdm2d34)
2026-09-22 16:12:03,509 Successfully completed frappe.utils.background_jobs.execute_job(event=None, is_async=True, job_name='frappe.core.doctype.scheduled_job_type.scheduled_job_type.run_scheduled_jo..., kwargs={'job_type': 'frappe.email.doctype.notification.notification.trigger_offset..., method='frappe.core.doctype.scheduled_job_type.scheduled_job_type.run_scheduled_jo..., site='your-site-name.localhost', user='Administrator') job in 0:00:00.648251s on worker f800c15beb474a89ab3b5cf66fe85bac
2026-09-22 16:12:03,511 home-makara-frappe-bench:default: Job OK (your-site-name.localhost||scheduled_job||51ujdm2d34)
2026-09-22 16:12:03,511 Result is kept for 600 seconds
2026-09-22 16:12:03,523 home-makara-frappe-bench:default: frappe.utils.background_jobs.execute_job(event=None, is_async=True, job_name='frappe.core.doctype.scheduled_job_type.scheduled_job_type.run_scheduled_jo..., kwargs={'job_type': 'frappe.search.sqlite_search.index_docs_in_queue', 'scheduled_..., method='frappe.core.doctype.scheduled_job_type.scheduled_job_type.run_scheduled_jo..., site='your-site-name.localhost', user='Administrator') (your-site-name.localhost||scheduled_job||51ubu6l9cg)
2026-09-22 16:12:04,180 Successfully completed frappe.utils.background_jobs.execute_job(event=None, is_async=True, job_name='frappe.core.doctype.scheduled_job_type.scheduled_job_type.run_scheduled_jo..., kwargs={'job_type': 'frappe.search.sqlite_search.index_docs_in_queue', 'scheduled_..., method='frappe.core.doctype.scheduled_job_type.scheduled_job_type.run_scheduled_jo..., site='your-site-name.localhost', user='Administrator') job in 0:00:00.649021s on worker f800c15beb474a89ab3b5cf66fe85bac
2026-09-22 16:12:04,180 home-makara-frappe-bench:default: Job OK (your-site-name.localhost||scheduled_job||51ubu6l9cg)
2026-09-22 16:12:04,181 Result is kept for 600 seconds
2026-09-22 16:12:04,189 home-makara-frappe-bench:default: frappe.utils.background_jobs.execute_job(event=None, is_async=True, job_name='frappe.core.doctype.scheduled_job_type.scheduled_job_type.run_scheduled_jo..., kwargs={'job_type': 'frappe.automation_engine.drainer.drain_due', 'scheduled_job_t..., method='frappe.core.doctype.scheduled_job_type.scheduled_job_type.run_scheduled_jo..., site='your-site-name.localhost', user='Administrator') (your-site-name.localhost||scheduled_job||51u0dpk9ai)
2026-09-22 16:12:04,696 Successfully completed frappe.utils.background_jobs.execute_job(event=None, is_async=True, job_name='frappe.core.doctype.scheduled_job_type.scheduled_job_type.run_scheduled_jo..., kwargs={'job_type': 'frappe.automation_engine.drainer.drain_due', 'scheduled_job_t..., method='frappe.core.doctype.scheduled_job_type.scheduled_job_type.run_scheduled_jo..., site='your-site-name.localhost', user='Administrator') job in 0:00:00.496014s on worker f800c15beb474a89ab3b5cf66fe85bac
2026-09-22 16:12:04,696 home-makara-frappe-bench:default: Job OK (your-site-name.localhost||scheduled_job||51u0dpk9ai)
2026-09-22 16:12:04,696 Result is kept for 600 seconds
2026-09-22 16:12:04,705 home-makara-frappe-bench:default: frappe.utils.background_jobs.execute_job(event=None, is_async=True, job_name='frappe.core.doctype.scheduled_job_type.scheduled_job_type.run_scheduled_jo..., kwargs={'job_type': 'frappe.automation_engine.scheduler.process_cron', 'scheduled_..., method='frappe.core.doctype.scheduled_job_type.scheduled_job_type.run_scheduled_jo..., site='your-site-name.localhost', user='Administrator') (your-site-name.localhost||scheduled_job||51u6ep6oat)
2026-09-22 16:12:05,406 Successfully completed frappe.utils.background_jobs.execute_job(event=None, is_async=True, job_name='frappe.core.doctype.scheduled_job_type.scheduled_job_type.run_scheduled_jo..., kwargs={'job_type': 'frappe.automation_engine.scheduler.process_cron', 'scheduled_..., method='frappe.core.doctype.scheduled_job_type.scheduled_job_type.run_scheduled_jo..., site='your-site-name.localhost', user='Administrator') job in 0:00:00.693784s on worker f800c15beb474a89ab3b5cf66fe85bac
2026-09-22 16:12:05,407 home-makara-frappe-bench:default: Job OK (your-site-name.localhost||scheduled_job||51u6ep6oat)
2026-09-22 16:12:05,407 Result is kept for 600 seconds
2026-09-22 16:12:05,423 home-makara-frappe-bench:default: frappe.utils.background_jobs.execute_job(event=None, is_async=True, job_name='frappe.core.doctype.scheduled_job_type.scheduled_job_type.run_scheduled_jo..., kwargs={'job_type': 'frappe.email.queue.flush', 'scheduled_job_type': '51um9eeecb'..., method='frappe.core.doctype.scheduled_job_type.scheduled_job_type.run_scheduled_jo..., site='your-site-name.localhost', user='Administrator') (your-site-name.localhost||scheduled_job||51um9eeecb)
2026-09-22 16:12:05,820 Successfully completed frappe.utils.background_jobs.execute_job(event=None, is_async=True, job_name='frappe.core.doctype.scheduled_job_type.scheduled_job_type.run_scheduled_jo..., kwargs={'job_type': 'frappe.email.queue.flush', 'scheduled_job_type': '51um9eeecb'..., method='frappe.core.doctype.scheduled_job_type.scheduled_job_type.run_scheduled_jo..., site='your-site-name.localhost', user='Administrator') job in 0:00:00.387496s on worker f800c15beb474a89ab3b5cf66fe85bac
2026-09-22 16:12:05,820 home-makara-frappe-bench:default: Job OK (your-site-name.localhost||scheduled_job||51um9eeecb)
2026-09-22 16:12:05,820 Result is kept for 600 seconds
2026-09-22 16:12:05,834 home-makara-frappe-bench:default: frappe.utils.background_jobs.execute_job(event=None, is_async=True, job_name='frappe.core.doctype.scheduled_job_type.scheduled_job_type.run_scheduled_jo..., kwargs={'job_type': 'frappe.integrations.doctype.google_calendar.google_calendar.s..., method='frappe.core.doctype.scheduled_job_type.scheduled_job_type.run_scheduled_jo..., site='your-site-name.localhost', user='Administrator') (your-site-name.localhost||scheduled_job||51u2s8slv0)
2026-09-22 16:12:06,228 Successfully completed frappe.utils.background_jobs.execute_job(event=None, is_async=True, job_name='frappe.core.doctype.scheduled_job_type.scheduled_job_type.run_scheduled_jo..., kwargs={'job_type': 'frappe.integrations.doctype.google_calendar.google_calendar.s..., method='frappe.core.doctype.scheduled_job_type.scheduled_job_type.run_scheduled_jo..., site='your-site-name.localhost', user='Administrator') job in 0:00:00.386020s on worker f800c15beb474a89ab3b5cf66fe85bac
2026-09-22 16:12:06,229 home-makara-frappe-bench:default: Job OK (your-site-name.localhost||scheduled_job||51u2s8slv0)
2026-09-22 16:12:06,229 Result is kept for 600 seconds
2026-09-22 16:16:00,490 home-makara-frappe-bench:default: frappe.utils.background_jobs.execute_job(event=None, is_async=True, job_name='frappe.core.doctype.scheduled_job_type.scheduled_job_type.run_scheduled_jo..., kwargs={'job_type': 'frappe.automation_engine.drainer.drain_due', 'scheduled_job_t..., method='frappe.core.doctype.scheduled_job_type.scheduled_job_type.run_scheduled_jo..., site='your-site-name.localhost', user='Administrator') (your-site-name.localhost||scheduled_job||51u0dpk9ai)
2026-09-22 16:16:00,768 Successfully completed frappe.utils.background_jobs.execute_job(event=None, is_async=True, job_name='frappe.core.doctype.scheduled_job_type.scheduled_job_type.run_scheduled_jo..., kwargs={'job_type': 'frappe.automation_engine.drainer.drain_due', 'scheduled_job_t..., method='frappe.core.doctype.scheduled_job_type.scheduled_job_type.run_scheduled_jo..., site='your-site-name.localhost', user='Administrator') job in 0:00:00.269030s on worker f800c15beb474a89ab3b5cf66fe85bac
2026-09-22 16:16:00,769 home-makara-frappe-bench:default: Job OK (your-site-name.localhost||scheduled_job||51u0dpk9ai)
2026-09-22 16:16:00,769 Result is kept for 600 seconds
2026-09-22 16:16:00,775 home-makara-frappe-bench:default: frappe.utils.background_jobs.execute_job(event=None, is_async=True, job_name='frappe.core.doctype.scheduled_job_type.scheduled_job_type.run_scheduled_jo..., kwargs={'job_type': 'frappe.search.sqlite_search.index_docs_in_queue', 'scheduled_..., method='frappe.core.doctype.scheduled_job_type.scheduled_job_type.run_scheduled_jo..., site='your-site-name.localhost', user='Administrator') (your-site-name.localhost||scheduled_job||51ubu6l9cg)
2026-09-22 16:16:01,070 Successfully completed frappe.utils.background_jobs.execute_job(event=None, is_async=True, job_name='frappe.core.doctype.scheduled_job_type.scheduled_job_type.run_scheduled_jo..., kwargs={'job_type': 'frappe.search.sqlite_search.index_docs_in_queue', 'scheduled_..., method='frappe.core.doctype.scheduled_job_type.scheduled_job_type.run_scheduled_jo..., site='your-site-name.localhost', user='Administrator') job in 0:00:00.288793s on worker f800c15beb474a89ab3b5cf66fe85bac
2026-09-22 16:16:01,070 home-makara-frappe-bench:default: Job OK (your-site-name.localhost||scheduled_job||51ubu6l9cg)
2026-09-22 16:16:01,070 Result is kept for 600 seconds
2026-09-22 16:16:01,077 home-makara-frappe-bench:default: frappe.utils.background_jobs.execute_job(event=None, is_async=True, job_name='frappe.core.doctype.scheduled_job_type.scheduled_job_type.run_scheduled_jo..., kwargs={'job_type': 'frappe.monitor.flush', 'scheduled_job_type': '51u5l2o9pg'}, method='frappe.core.doctype.scheduled_job_type.scheduled_job_type.run_scheduled_jo..., site='your-site-name.localhost', user='Administrator') (your-site-name.localhost||scheduled_job||51u5l2o9pg)
2026-09-22 16:16:01,349 Successfully completed frappe.utils.background_jobs.execute_job(event=None, is_async=True, job_name='frappe.core.doctype.scheduled_job_type.scheduled_job_type.run_scheduled_jo..., kwargs={'job_type': 'frappe.monitor.flush', 'scheduled_job_type': '51u5l2o9pg'}, method='frappe.core.doctype.scheduled_job_type.scheduled_job_type.run_scheduled_jo..., site='your-site-name.localhost', user='Administrator') job in 0:00:00.265937s on worker f800c15beb474a89ab3b5cf66fe85bac
2026-09-22 16:16:01,349 home-makara-frappe-bench:default: Job OK (your-site-name.localhost||scheduled_job||51u5l2o9pg)
2026-09-22 16:16:01,349 Result is kept for 600 seconds
2026-09-22 16:16:01,357 home-makara-frappe-bench:default: frappe.utils.background_jobs.execute_job(event=None, is_async=True, job_name='frappe.core.doctype.scheduled_job_type.scheduled_job_type.run_scheduled_jo..., kwargs={'job_type': 'frappe.utils.telemetry.pulse.client.send_queued_events', 'sch..., method='frappe.core.doctype.scheduled_job_type.scheduled_job_type.run_scheduled_jo..., site='your-site-name.localhost', user='Administrator') (your-site-name.localhost||scheduled_job||51ub742nv9)
2026-09-22 16:16:01,633 Successfully completed frappe.utils.background_jobs.execute_job(event=None, is_async=True, job_name='frappe.core.doctype.scheduled_job_type.scheduled_job_type.run_scheduled_jo..., kwargs={'job_type': 'frappe.utils.telemetry.pulse.client.send_queued_events', 'sch..., method='frappe.core.doctype.scheduled_job_type.scheduled_job_type.run_scheduled_jo..., site='your-site-name.localhost', user='Administrator') job in 0:00:00.269610s on worker f800c15beb474a89ab3b5cf66fe85bac
2026-09-22 16:16:01,633 home-makara-frappe-bench:default: Job OK (your-site-name.localhost||scheduled_job||51ub742nv9)
2026-09-22 16:16:01,633 Result is kept for 600 seconds
2026-09-22 16:16:01,640 home-makara-frappe-bench:default: frappe.utils.background_jobs.execute_job(event=None, is_async=True, job_name='frappe.core.doctype.scheduled_job_type.scheduled_job_type.run_scheduled_jo..., kwargs={'job_type': 'frappe.deferred_insert.save_to_db', 'scheduled_job_type': '51..., method='frappe.core.doctype.scheduled_job_type.scheduled_job_type.run_scheduled_jo..., site='your-site-name.localhost', user='Administrator') (your-site-name.localhost||scheduled_job||51umjnqrgr)
2026-09-22 16:16:02,023 Successfully completed frappe.utils.background_jobs.execute_job(event=None, is_async=True, job_name='frappe.core.doctype.scheduled_job_type.scheduled_job_type.run_scheduled_jo..., kwargs={'job_type': 'frappe.deferred_insert.save_to_db', 'scheduled_job_type': '51..., method='frappe.core.doctype.scheduled_job_type.scheduled_job_type.run_scheduled_jo..., site='your-site-name.localhost', user='Administrator') job in 0:00:00.376077s on worker f800c15beb474a89ab3b5cf66fe85bac
2026-09-22 16:16:02,023 home-makara-frappe-bench:default: Job OK (your-site-name.localhost||scheduled_job||51umjnqrgr)
2026-09-22 16:16:02,023 Result is kept for 600 seconds
2026-09-22 16:16:02,030 home-makara-frappe-bench:default: frappe.utils.background_jobs.execute_job(event=None, is_async=True, job_name='frappe.core.doctype.scheduled_job_type.scheduled_job_type.run_scheduled_jo..., kwargs={'job_type': 'frappe.automation_engine.scheduler.process_cron', 'scheduled_..., method='frappe.core.doctype.scheduled_job_type.scheduled_job_type.run_scheduled_jo..., site='your-site-name.localhost', user='Administrator') (your-site-name.localhost||scheduled_job||51u6ep6oat)
2026-09-22 16:16:02,295 Successfully completed frappe.utils.background_jobs.execute_job(event=None, is_async=True, job_name='frappe.core.doctype.scheduled_job_type.scheduled_job_type.run_scheduled_jo..., kwargs={'job_type': 'frappe.automation_engine.scheduler.process_cron', 'scheduled_..., method='frappe.core.doctype.scheduled_job_type.scheduled_job_type.run_scheduled_jo..., site='your-site-name.localhost', user='Administrator') job in 0:00:00.258902s on worker f800c15beb474a89ab3b5cf66fe85bac
2026-09-22 16:16:02,295 home-makara-frappe-bench:default: Job OK (your-site-name.localhost||scheduled_job||51u6ep6oat)
2026-09-22 16:16:02,295 Result is kept for 600 seconds
2026-09-22 16:16:02,302 home-makara-frappe-bench:default: frappe.utils.background_jobs.execute_job(event=None, is_async=True, job_name='frappe.core.doctype.scheduled_job_type.scheduled_job_type.run_scheduled_jo..., kwargs={'job_type': 'frappe.integrations.doctype.webhook.webhook.retry_failed_webh..., method='frappe.core.doctype.scheduled_job_type.scheduled_job_type.run_scheduled_jo..., site='your-site-name.localhost', user='Administrator') (your-site-name.localhost||scheduled_job||51ugekk04n)
2026-09-22 16:16:02,574 Successfully completed frappe.utils.background_jobs.execute_job(event=None, is_async=True, job_name='frappe.core.doctype.scheduled_job_type.scheduled_job_type.run_scheduled_jo..., kwargs={'job_type': 'frappe.integrations.doctype.webhook.webhook.retry_failed_webh..., method='frappe.core.doctype.scheduled_job_type.scheduled_job_type.run_scheduled_jo..., site='your-site-name.localhost', user='Administrator') job in 0:00:00.264981s on worker f800c15beb474a89ab3b5cf66fe85bac
2026-09-22 16:16:02,574 home-makara-frappe-bench:default: Job OK (your-site-name.localhost||scheduled_job||51ugekk04n)
2026-09-22 16:16:02,574 Result is kept for 600 seconds
2026-09-22 16:16:02,582 home-makara-frappe-bench:default: frappe.utils.background_jobs.execute_job(event=None, is_async=True, job_name='frappe.core.doctype.scheduled_job_type.scheduled_job_type.run_scheduled_jo..., kwargs={'job_type': 'frappe.email.doctype.email_account.email_account.notify_unrep..., method='frappe.core.doctype.scheduled_job_type.scheduled_job_type.run_scheduled_jo..., site='your-site-name.localhost', user='Administrator') (your-site-name.localhost||scheduled_job||51utl79ueh)
2026-09-22 16:16:02,877 Successfully completed frappe.utils.background_jobs.execute_job(event=None, is_async=True, job_name='frappe.core.doctype.scheduled_job_type.scheduled_job_type.run_scheduled_jo..., kwargs={'job_type': 'frappe.email.doctype.email_account.email_account.notify_unrep..., method='frappe.core.doctype.scheduled_job_type.scheduled_job_type.run_scheduled_jo..., site='your-site-name.localhost', user='Administrator') job in 0:00:00.288268s on worker f800c15beb474a89ab3b5cf66fe85bac
2026-09-22 16:16:02,877 home-makara-frappe-bench:default: Job OK (your-site-name.localhost||scheduled_job||51utl79ueh)
2026-09-22 16:16:02,877 Result is kept for 600 seconds
2026-09-22 16:16:02,886 home-makara-frappe-bench:default: frappe.utils.background_jobs.execute_job(event=None, is_async=True, job_name='frappe.core.doctype.scheduled_job_type.scheduled_job_type.run_scheduled_jo..., kwargs={'job_type': 'frappe.automation.doctype.reminder.reminder.send_reminders', ..., method='frappe.core.doctype.scheduled_job_type.scheduled_job_type.run_scheduled_jo..., site='your-site-name.localhost', user='Administrator') (your-site-name.localhost||scheduled_job||51ujogtifi)
2026-09-22 16:16:03,195 Successfully completed frappe.utils.background_jobs.execute_job(event=None, is_async=True, job_name='frappe.core.doctype.scheduled_job_type.scheduled_job_type.run_scheduled_jo..., kwargs={'job_type': 'frappe.automation.doctype.reminder.reminder.send_reminders', ..., method='frappe.core.doctype.scheduled_job_type.scheduled_job_type.run_scheduled_jo..., site='your-site-name.localhost', user='Administrator') job in 0:00:00.301674s on worker f800c15beb474a89ab3b5cf66fe85bac
2026-09-22 16:16:03,195 home-makara-frappe-bench:default: Job OK (your-site-name.localhost||scheduled_job||51ujogtifi)
2026-09-22 16:16:03,196 Result is kept for 600 seconds
2026-09-22 16:16:03,203 home-makara-frappe-bench:default: frappe.utils.background_jobs.execute_job(event=None, is_async=True, job_name='frappe.core.doctype.scheduled_job_type.scheduled_job_type.run_scheduled_jo..., kwargs={'job_type': 'frappe.utils.global_search.sync_global_search', 'scheduled_jo..., method='frappe.core.doctype.scheduled_job_type.scheduled_job_type.run_scheduled_jo..., site='your-site-name.localhost', user='Administrator') (your-site-name.localhost||scheduled_job||51ul1o6qkh)
2026-09-22 16:16:03,468 Successfully completed frappe.utils.background_jobs.execute_job(event=None, is_async=True, job_name='frappe.core.doctype.scheduled_job_type.scheduled_job_type.run_scheduled_jo..., kwargs={'job_type': 'frappe.utils.global_search.sync_global_search', 'scheduled_jo..., method='frappe.core.doctype.scheduled_job_type.scheduled_job_type.run_scheduled_jo..., site='your-site-name.localhost', user='Administrator') job in 0:00:00.259493s on worker f800c15beb474a89ab3b5cf66fe85bac
2026-09-22 16:16:03,468 home-makara-frappe-bench:default: Job OK (your-site-name.localhost||scheduled_job||51ul1o6qkh)
2026-09-22 16:16:03,468 Result is kept for 600 seconds
2026-09-22 16:16:03,475 home-makara-frappe-bench:default: frappe.utils.background_jobs.execute_job(event=None, is_async=True, job_name='frappe.core.doctype.scheduled_job_type.scheduled_job_type.run_scheduled_jo..., kwargs={'job_type': 'frappe.email.queue.retry_sending_emails', 'scheduled_job_type..., method='frappe.core.doctype.scheduled_job_type.scheduled_job_type.run_scheduled_jo..., site='your-site-name.localhost', user='Administrator') (your-site-name.localhost||scheduled_job||51uv7phrm7)
2026-09-22 16:16:03,762 Successfully completed frappe.utils.background_jobs.execute_job(event=None, is_async=True, job_name='frappe.core.doctype.scheduled_job_type.scheduled_job_type.run_scheduled_jo..., kwargs={'job_type': 'frappe.email.queue.retry_sending_emails', 'scheduled_job_type..., method='frappe.core.doctype.scheduled_job_type.scheduled_job_type.run_scheduled_jo..., site='your-site-name.localhost', user='Administrator') job in 0:00:00.281479s on worker f800c15beb474a89ab3b5cf66fe85bac
2026-09-22 16:16:03,763 home-makara-frappe-bench:default: Job OK (your-site-name.localhost||scheduled_job||51uv7phrm7)
2026-09-22 16:16:03,763 Result is kept for 600 seconds
2026-09-22 16:16:03,769 home-makara-frappe-bench:default: frappe.utils.background_jobs.execute_job(event=None, is_async=True, job_name='frappe.core.doctype.scheduled_job_type.scheduled_job_type.run_scheduled_jo..., kwargs={'job_type': 'frappe.model.utils.link_count.update_link_count', 'scheduled_..., method='frappe.core.doctype.scheduled_job_type.scheduled_job_type.run_scheduled_jo..., site='your-site-name.localhost', user='Administrator') (your-site-name.localhost||scheduled_job||51utqpe235)
2026-09-22 16:16:04,058 Successfully completed frappe.utils.background_jobs.execute_job(event=None, is_async=True, job_name='frappe.core.doctype.scheduled_job_type.scheduled_job_type.run_scheduled_jo..., kwargs={'job_type': 'frappe.model.utils.link_count.update_link_count', 'scheduled_..., method='frappe.core.doctype.scheduled_job_type.scheduled_job_type.run_scheduled_jo..., site='your-site-name.localhost', user='Administrator') job in 0:00:00.283061s on worker f800c15beb474a89ab3b5cf66fe85bac
2026-09-22 16:16:04,058 home-makara-frappe-bench:default: Job OK (your-site-name.localhost||scheduled_job||51utqpe235)
2026-09-22 16:16:04,058 Result is kept for 600 seconds
2026-09-22 16:16:04,065 home-makara-frappe-bench:default: frappe.utils.background_jobs.execute_job(event=None, is_async=True, job_name='frappe.core.doctype.scheduled_job_type.scheduled_job_type.run_scheduled_jo..., kwargs={'job_type': 'frappe.email.queue.flush', 'scheduled_job_type': '51um9eeecb'..., method='frappe.core.doctype.scheduled_job_type.scheduled_job_type.run_scheduled_jo..., site='your-site-name.localhost', user='Administrator') (your-site-name.localhost||scheduled_job||51um9eeecb)
2026-09-22 16:16:04,433 Successfully completed frappe.utils.background_jobs.execute_job(event=None, is_async=True, job_name='frappe.core.doctype.scheduled_job_type.scheduled_job_type.run_scheduled_jo..., kwargs={'job_type': 'frappe.email.queue.flush', 'scheduled_job_type': '51um9eeecb'..., method='frappe.core.doctype.scheduled_job_type.scheduled_job_type.run_scheduled_jo..., site='your-site-name.localhost', user='Administrator') job in 0:00:00.361189s on worker f800c15beb474a89ab3b5cf66fe85bac
2026-09-22 16:16:04,433 home-makara-frappe-bench:default: Job OK (your-site-name.localhost||scheduled_job||51um9eeecb)
2026-09-22 16:16:04,433 Result is kept for 600 seconds
2026-09-22 16:16:04,449 home-makara-frappe-bench:default: frappe.utils.background_jobs.execute_job(event=None, is_async=True, job_name='frappe.core.doctype.scheduled_job_type.scheduled_job_type.run_scheduled_jo..., kwargs={'job_type': 'frappe.integrations.doctype.google_calendar.google_calendar.s..., method='frappe.core.doctype.scheduled_job_type.scheduled_job_type.run_scheduled_jo..., site='your-site-name.localhost', user='Administrator') (your-site-name.localhost||scheduled_job||51u2s8slv0)
2026-09-22 16:16:04,857 Successfully completed frappe.utils.background_jobs.execute_job(event=None, is_async=True, job_name='frappe.core.doctype.scheduled_job_type.scheduled_job_type.run_scheduled_jo..., kwargs={'job_type': 'frappe.integrations.doctype.google_calendar.google_calendar.s..., method='frappe.core.doctype.scheduled_job_type.scheduled_job_type.run_scheduled_jo..., site='your-site-name.localhost', user='Administrator') job in 0:00:00.397539s on worker f800c15beb474a89ab3b5cf66fe85bac
2026-09-22 16:16:04,857 home-makara-frappe-bench:default: Job OK (your-site-name.localhost||scheduled_job||51u2s8slv0)
2026-09-22 16:16:04,857 Result is kept for 600 seconds
2026-09-22 16:16:04,866 home-makara-frappe-bench:default: frappe.utils.background_jobs.execute_job(event=None, is_async=True, job_name='frappe.core.doctype.scheduled_job_type.scheduled_job_type.run_scheduled_jo..., kwargs={'job_type': 'frappe.email.doctype.notification.notification.trigger_offset..., method='frappe.core.doctype.scheduled_job_type.scheduled_job_type.run_scheduled_jo..., site='your-site-name.localhost', user='Administrator') (your-site-name.localhost||scheduled_job||51ujdm2d34)
2026-09-22 16:16:05,181 Successfully completed frappe.utils.background_jobs.execute_job(event=None, is_async=True, job_name='frappe.core.doctype.scheduled_job_type.scheduled_job_type.run_scheduled_jo..., kwargs={'job_type': 'frappe.email.doctype.notification.notification.trigger_offset..., method='frappe.core.doctype.scheduled_job_type.scheduled_job_type.run_scheduled_jo..., site='your-site-name.localhost', user='Administrator') job in 0:00:00.308109s on worker f800c15beb474a89ab3b5cf66fe85bac
2026-09-22 16:16:05,181 home-makara-frappe-bench:default: Job OK (your-site-name.localhost||scheduled_job||51ujdm2d34)
2026-09-22 16:16:05,181 Result is kept for 600 seconds
2026-09-22 16:20:00,535 home-makara-frappe-bench:default: frappe.utils.background_jobs.execute_job(event=None, is_async=True, job_name='frappe.core.doctype.scheduled_job_type.scheduled_job_type.run_scheduled_jo..., kwargs={'job_type': 'frappe.integrations.doctype.google_calendar.google_calendar.s..., method='frappe.core.doctype.scheduled_job_type.scheduled_job_type.run_scheduled_jo..., site='your-site-name.localhost', user='Administrator') (your-site-name.localhost||scheduled_job||51u2s8slv0)
2026-09-22 16:20:00,902 Successfully completed frappe.utils.background_jobs.execute_job(event=None, is_async=True, job_name='frappe.core.doctype.scheduled_job_type.scheduled_job_type.run_scheduled_jo..., kwargs={'job_type': 'frappe.integrations.doctype.google_calendar.google_calendar.s..., method='frappe.core.doctype.scheduled_job_type.scheduled_job_type.run_scheduled_jo..., site='your-site-name.localhost', user='Administrator') job in 0:00:00.359321s on worker f800c15beb474a89ab3b5cf66fe85bac
2026-09-22 16:20:00,902 home-makara-frappe-bench:default: Job OK (your-site-name.localhost||scheduled_job||51u2s8slv0)
2026-09-22 16:20:00,902 Result is kept for 600 seconds
2026-09-22 16:20:00,909 home-makara-frappe-bench:default: frappe.utils.background_jobs.execute_job(event=None, is_async=True, job_name='frappe.core.doctype.scheduled_job_type.scheduled_job_type.run_scheduled_jo..., kwargs={'job_type': 'frappe.email.queue.retry_sending_emails', 'scheduled_job_type..., method='frappe.core.doctype.scheduled_job_type.scheduled_job_type.run_scheduled_jo..., site='your-site-name.localhost', user='Administrator') (your-site-name.localhost||scheduled_job||51uv7phrm7)
2026-09-22 16:20:01,245 Successfully completed frappe.utils.background_jobs.execute_job(event=None, is_async=True, job_name='frappe.core.doctype.scheduled_job_type.scheduled_job_type.run_scheduled_jo..., kwargs={'job_type': 'frappe.email.queue.retry_sending_emails', 'scheduled_job_type..., method='frappe.core.doctype.scheduled_job_type.scheduled_job_type.run_scheduled_jo..., site='your-site-name.localhost', user='Administrator') job in 0:00:00.329092s on worker f800c15beb474a89ab3b5cf66fe85bac
2026-09-22 16:20:01,245 home-makara-frappe-bench:default: Job OK (your-site-name.localhost||scheduled_job||51uv7phrm7)
2026-09-22 16:20:01,245 Result is kept for 600 seconds
2026-09-22 16:20:01,252 home-makara-frappe-bench:default: frappe.utils.background_jobs.execute_job(event=None, is_async=True, job_name='frappe.core.doctype.scheduled_job_type.scheduled_job_type.run_scheduled_jo..., kwargs={'job_type': 'frappe.email.doctype.email_account.email_account.pull', 'sche..., method='frappe.core.doctype.scheduled_job_type.scheduled_job_type.run_scheduled_jo..., site='your-site-name.localhost', user='Administrator') (your-site-name.localhost||scheduled_job||51u4simu78)
2026-09-22 16:20:01,564 Successfully completed frappe.utils.background_jobs.execute_job(event=None, is_async=True, job_name='frappe.core.doctype.scheduled_job_type.scheduled_job_type.run_scheduled_jo..., kwargs={'job_type': 'frappe.email.doctype.email_account.email_account.pull', 'sche..., method='frappe.core.doctype.scheduled_job_type.scheduled_job_type.run_scheduled_jo..., site='your-site-name.localhost', user='Administrator') job in 0:00:00.304525s on worker f800c15beb474a89ab3b5cf66fe85bac
2026-09-22 16:20:01,564 home-makara-frappe-bench:default: Job OK (your-site-name.localhost||scheduled_job||51u4simu78)
2026-09-22 16:20:01,564 Result is kept for 600 seconds
2026-09-22 16:20:01,571 home-makara-frappe-bench:default: frappe.utils.background_jobs.execute_job(event=None, is_async=True, job_name='frappe.core.doctype.scheduled_job_type.scheduled_job_type.run_scheduled_jo..., kwargs={'job_type': 'frappe.email.queue.flush', 'scheduled_job_type': '51um9eeecb'..., method='frappe.core.doctype.scheduled_job_type.scheduled_job_type.run_scheduled_jo..., site='your-site-name.localhost', user='Administrator') (your-site-name.localhost||scheduled_job||51um9eeecb)
2026-09-22 16:20:01,861 Successfully completed frappe.utils.background_jobs.execute_job(event=None, is_async=True, job_name='frappe.core.doctype.scheduled_job_type.scheduled_job_type.run_scheduled_jo..., kwargs={'job_type': 'frappe.email.queue.flush', 'scheduled_job_type': '51um9eeecb'..., method='frappe.core.doctype.scheduled_job_type.scheduled_job_type.run_scheduled_jo..., site='your-site-name.localhost', user='Administrator') job in 0:00:00.283025s on worker f800c15beb474a89ab3b5cf66fe85bac
2026-09-22 16:20:01,861 home-makara-frappe-bench:default: Job OK (your-site-name.localhost||scheduled_job||51um9eeecb)
2026-09-22 16:20:01,861 Result is kept for 600 seconds
2026-09-22 16:20:01,869 home-makara-frappe-bench:default: frappe.utils.background_jobs.execute_job(event=None, is_async=True, job_name='frappe.core.doctype.scheduled_job_type.scheduled_job_type.run_scheduled_jo..., kwargs={'job_type': 'frappe.integrations.doctype.webhook.webhook.retry_failed_webh..., method='frappe.core.doctype.scheduled_job_type.scheduled_job_type.run_scheduled_jo..., site='your-site-name.localhost', user='Administrator') (your-site-name.localhost||scheduled_job||51ugekk04n)
2026-09-22 16:20:02,152 Successfully completed frappe.utils.background_jobs.execute_job(event=None, is_async=True, job_name='frappe.core.doctype.scheduled_job_type.scheduled_job_type.run_scheduled_jo..., kwargs={'job_type': 'frappe.integrations.doctype.webhook.webhook.retry_failed_webh..., method='frappe.core.doctype.scheduled_job_type.scheduled_job_type.run_scheduled_jo..., site='your-site-name.localhost', user='Administrator') job in 0:00:00.276886s on worker f800c15beb474a89ab3b5cf66fe85bac
2026-09-22 16:20:02,152 home-makara-frappe-bench:default: Job OK (your-site-name.localhost||scheduled_job||51ugekk04n)
2026-09-22 16:20:02,152 Result is kept for 600 seconds
2026-09-22 16:20:02,160 home-makara-frappe-bench:default: frappe.utils.background_jobs.execute_job(event=None, is_async=True, job_name='frappe.core.doctype.scheduled_job_type.scheduled_job_type.run_scheduled_jo..., kwargs={'job_type': 'frappe.automation_engine.drainer.drain_due', 'scheduled_job_t..., method='frappe.core.doctype.scheduled_job_type.scheduled_job_type.run_scheduled_jo..., site='your-site-name.localhost', user='Administrator') (your-site-name.localhost||scheduled_job||51u0dpk9ai)
2026-09-22 16:20:02,433 Successfully completed frappe.utils.background_jobs.execute_job(event=None, is_async=True, job_name='frappe.core.doctype.scheduled_job_type.scheduled_job_type.run_scheduled_jo..., kwargs={'job_type': 'frappe.automation_engine.drainer.drain_due', 'scheduled_job_t..., method='frappe.core.doctype.scheduled_job_type.scheduled_job_type.run_scheduled_jo..., site='your-site-name.localhost', user='Administrator') job in 0:00:00.266970s on worker f800c15beb474a89ab3b5cf66fe85bac
2026-09-22 16:20:02,433 home-makara-frappe-bench:default: Job OK (your-site-name.localhost||scheduled_job||51u0dpk9ai)
2026-09-22 16:20:02,433 Result is kept for 600 seconds
2026-09-22 16:20:02,441 home-makara-frappe-bench:default: frappe.utils.background_jobs.execute_job(event=None, is_async=True, job_name='frappe.core.doctype.scheduled_job_type.scheduled_job_type.run_scheduled_jo..., kwargs={'job_type': 'frappe.automation_engine.scheduler.process_cron', 'scheduled_..., method='frappe.core.doctype.scheduled_job_type.scheduled_job_type.run_scheduled_jo..., site='your-site-name.localhost', user='Administrator') (your-site-name.localhost||scheduled_job||51u6ep6oat)
2026-09-22 16:20:02,714 Successfully completed frappe.utils.background_jobs.execute_job(event=None, is_async=True, job_name='frappe.core.doctype.scheduled_job_type.scheduled_job_type.run_scheduled_jo..., kwargs={'job_type': 'frappe.automation_engine.scheduler.process_cron', 'scheduled_..., method='frappe.core.doctype.scheduled_job_type.scheduled_job_type.run_scheduled_jo..., site='your-site-name.localhost', user='Administrator') job in 0:00:00.267078s on worker f800c15beb474a89ab3b5cf66fe85bac
2026-09-22 16:20:02,715 home-makara-frappe-bench:default: Job OK (your-site-name.localhost||scheduled_job||51u6ep6oat)
2026-09-22 16:20:02,715 Result is kept for 600 seconds
2026-09-22 16:20:02,722 home-makara-frappe-bench:default: frappe.utils.background_jobs.execute_job(event=None, is_async=True, job_name='frappe.core.doctype.scheduled_job_type.scheduled_job_type.run_scheduled_jo..., kwargs={'job_type': 'frappe.search.sqlite_search.index_docs_in_queue', 'scheduled_..., method='frappe.core.doctype.scheduled_job_type.scheduled_job_type.run_scheduled_jo..., site='your-site-name.localhost', user='Administrator') (your-site-name.localhost||scheduled_job||51ubu6l9cg)
2026-09-22 16:20:02,997 Successfully completed frappe.utils.background_jobs.execute_job(event=None, is_async=True, job_name='frappe.core.doctype.scheduled_job_type.scheduled_job_type.run_scheduled_jo..., kwargs={'job_type': 'frappe.search.sqlite_search.index_docs_in_queue', 'scheduled_..., method='frappe.core.doctype.scheduled_job_type.scheduled_job_type.run_scheduled_jo..., site='your-site-name.localhost', user='Administrator') job in 0:00:00.269772s on worker f800c15beb474a89ab3b5cf66fe85bac
2026-09-22 16:20:02,997 home-makara-frappe-bench:default: Job OK (your-site-name.localhost||scheduled_job||51ubu6l9cg)
2026-09-22 16:20:02,998 Result is kept for 600 seconds
2026-09-22 16:20:03,005 home-makara-frappe-bench:default: frappe.utils.background_jobs.execute_job(event=None, is_async=True, job_name='frappe.core.doctype.scheduled_job_type.scheduled_job_type.run_scheduled_jo..., kwargs={'job_type': 'frappe.monitor.flush', 'scheduled_job_type': '51u5l2o9pg'}, method='frappe.core.doctype.scheduled_job_type.scheduled_job_type.run_scheduled_jo..., site='your-site-name.localhost', user='Administrator') (your-site-name.localhost||scheduled_job||51u5l2o9pg)
2026-09-22 16:20:03,269 Successfully completed frappe.utils.background_jobs.execute_job(event=None, is_async=True, job_name='frappe.core.doctype.scheduled_job_type.scheduled_job_type.run_scheduled_jo..., kwargs={'job_type': 'frappe.monitor.flush', 'scheduled_job_type': '51u5l2o9pg'}, method='frappe.core.doctype.scheduled_job_type.scheduled_job_type.run_scheduled_jo..., site='your-site-name.localhost', user='Administrator') job in 0:00:00.258049s on worker f800c15beb474a89ab3b5cf66fe85bac
2026-09-22 16:20:03,269 home-makara-frappe-bench:default: Job OK (your-site-name.localhost||scheduled_job||51u5l2o9pg)
2026-09-22 16:20:03,269 Result is kept for 600 seconds
2026-09-22 16:20:03,277 home-makara-frappe-bench:default: frappe.utils.background_jobs.execute_job(event=None, is_async=True, job_name='frappe.core.doctype.scheduled_job_type.scheduled_job_type.run_scheduled_jo..., kwargs={'job_type': 'frappe.email.doctype.notification.notification.trigger_offset..., method='frappe.core.doctype.scheduled_job_type.scheduled_job_type.run_scheduled_jo..., site='your-site-name.localhost', user='Administrator') (your-site-name.localhost||scheduled_job||51ujdm2d34)
2026-09-22 16:20:03,542 Successfully completed frappe.utils.background_jobs.execute_job(event=None, is_async=True, job_name='frappe.core.doctype.scheduled_job_type.scheduled_job_type.run_scheduled_jo..., kwargs={'job_type': 'frappe.email.doctype.notification.notification.trigger_offset..., method='frappe.core.doctype.scheduled_job_type.scheduled_job_type.run_scheduled_jo..., site='your-site-name.localhost', user='Administrator') job in 0:00:00.258164s on worker f800c15beb474a89ab3b5cf66fe85bac
2026-09-22 16:20:03,542 home-makara-frappe-bench:default: Job OK (your-site-name.localhost||scheduled_job||51ujdm2d34)
2026-09-22 16:20:03,542 Result is kept for 600 seconds
2026-09-22 16:24:00,578 home-makara-frappe-bench:default: frappe.utils.background_jobs.execute_job(event=None, is_async=True, job_name='frappe.core.doctype.scheduled_job_type.scheduled_job_type.run_scheduled_jo..., kwargs={'job_type': 'frappe.monitor.flush', 'scheduled_job_type': '51u5l2o9pg'}, method='frappe.core.doctype.scheduled_job_type.scheduled_job_type.run_scheduled_jo..., site='your-site-name.localhost', user='Administrator') (your-site-name.localhost||scheduled_job||51u5l2o9pg)
2026-09-22 16:24:00,934 Successfully completed frappe.utils.background_jobs.execute_job(event=None, is_async=True, job_name='frappe.core.doctype.scheduled_job_type.scheduled_job_type.run_scheduled_jo..., kwargs={'job_type': 'frappe.monitor.flush', 'scheduled_job_type': '51u5l2o9pg'}, method='frappe.core.doctype.scheduled_job_type.scheduled_job_type.run_scheduled_jo..., site='your-site-name.localhost', user='Administrator') job in 0:00:00.342186s on worker f800c15beb474a89ab3b5cf66fe85bac
2026-09-22 16:24:00,934 home-makara-frappe-bench:default: Job OK (your-site-name.localhost||scheduled_job||51u5l2o9pg)
2026-09-22 16:24:00,934 Result is kept for 600 seconds
2026-09-22 16:24:00,939 Worker f800c15beb474a89ab3b5cf66fe85bac: cleaning registries for queue: home-makara-frappe-bench:short
2026-09-22 16:24:00,941 Worker f800c15beb474a89ab3b5cf66fe85bac: cleaning registries for queue: home-makara-frappe-bench:default
2026-09-22 16:24:00,942 Worker f800c15beb474a89ab3b5cf66fe85bac: cleaning registries for queue: home-makara-frappe-bench:long
2026-09-22 16:24:00,946 home-makara-frappe-bench:default: frappe.utils.background_jobs.execute_job(event=None, is_async=True, job_name='frappe.core.doctype.scheduled_job_type.scheduled_job_type.run_scheduled_jo..., kwargs={'job_type': 'frappe.email.queue.flush', 'scheduled_job_type': '51um9eeecb'..., method='frappe.core.doctype.scheduled_job_type.scheduled_job_type.run_scheduled_jo..., site='your-site-name.localhost', user='Administrator') (your-site-name.localhost||scheduled_job||51um9eeecb)
2026-09-22 16:24:01,270 Successfully completed frappe.utils.background_jobs.execute_job(event=None, is_async=True, job_name='frappe.core.doctype.scheduled_job_type.scheduled_job_type.run_scheduled_jo..., kwargs={'job_type': 'frappe.email.queue.flush', 'scheduled_job_type': '51um9eeecb'..., method='frappe.core.doctype.scheduled_job_type.scheduled_job_type.run_scheduled_jo..., site='your-site-name.localhost', user='Administrator') job in 0:00:00.317005s on worker f800c15beb474a89ab3b5cf66fe85bac
2026-09-22 16:24:01,270 home-makara-frappe-bench:default: Job OK (your-site-name.localhost||scheduled_job||51um9eeecb)
2026-09-22 16:24:01,270 Result is kept for 600 seconds
2026-09-22 16:24:01,276 home-makara-frappe-bench:default: frappe.utils.background_jobs.execute_job(event=None, is_async=True, job_name='frappe.core.doctype.scheduled_job_type.scheduled_job_type.run_scheduled_jo..., kwargs={'job_type': 'frappe.email.queue.retry_sending_emails', 'scheduled_job_type..., method='frappe.core.doctype.scheduled_job_type.scheduled_job_type.run_scheduled_jo..., site='your-site-name.localhost', user='Administrator') (your-site-name.localhost||scheduled_job||51uv7phrm7)
2026-09-22 16:24:01,581 Successfully completed frappe.utils.background_jobs.execute_job(event=None, is_async=True, job_name='frappe.core.doctype.scheduled_job_type.scheduled_job_type.run_scheduled_jo..., kwargs={'job_type': 'frappe.email.queue.retry_sending_emails', 'scheduled_job_type..., method='frappe.core.doctype.scheduled_job_type.scheduled_job_type.run_scheduled_jo..., site='your-site-name.localhost', user='Administrator') job in 0:00:00.299479s on worker f800c15beb474a89ab3b5cf66fe85bac
2026-09-22 16:24:01,581 home-makara-frappe-bench:default: Job OK (your-site-name.localhost||scheduled_job||51uv7phrm7)
2026-09-22 16:24:01,581 Result is kept for 600 seconds
2026-09-22 16:24:01,587 home-makara-frappe-bench:default: frappe.utils.background_jobs.execute_job(event=None, is_async=True, job_name='frappe.core.doctype.scheduled_job_type.scheduled_job_type.run_scheduled_jo..., kwargs={'job_type': 'frappe.integrations.doctype.google_calendar.google_calendar.s..., method='frappe.core.doctype.scheduled_job_type.scheduled_job_type.run_scheduled_jo..., site='your-site-name.localhost', user='Administrator') (your-site-name.localhost||scheduled_job||51u2s8slv0)
2026-09-22 16:24:01,894 Successfully completed frappe.utils.background_jobs.execute_job(event=None, is_async=True, job_name='frappe.core.doctype.scheduled_job_type.scheduled_job_type.run_scheduled_jo..., kwargs={'job_type': 'frappe.integrations.doctype.google_calendar.google_calendar.s..., method='frappe.core.doctype.scheduled_job_type.scheduled_job_type.run_scheduled_jo..., site='your-site-name.localhost', user='Administrator') job in 0:00:00.300031s on worker f800c15beb474a89ab3b5cf66fe85bac
2026-09-22 16:24:01,894 home-makara-frappe-bench:default: Job OK (your-site-name.localhost||scheduled_job||51u2s8slv0)
2026-09-22 16:24:01,894 Result is kept for 600 seconds
2026-09-22 16:28:00,629 home-makara-frappe-bench:default: frappe.utils.background_jobs.execute_job(event=None, is_async=True, job_name='frappe.core.doctype.scheduled_job_type.scheduled_job_type.run_scheduled_jo..., kwargs={'job_type': 'frappe.email.queue.retry_sending_emails', 'scheduled_job_type..., method='frappe.core.doctype.scheduled_job_type.scheduled_job_type.run_scheduled_jo..., site='your-site-name.localhost', user='Administrator') (your-site-name.localhost||scheduled_job||51uv7phrm7)
2026-09-22 16:28:00,948 Successfully completed frappe.utils.background_jobs.execute_job(event=None, is_async=True, job_name='frappe.core.doctype.scheduled_job_type.scheduled_job_type.run_scheduled_jo..., kwargs={'job_type': 'frappe.email.queue.retry_sending_emails', 'scheduled_job_type..., method='frappe.core.doctype.scheduled_job_type.scheduled_job_type.run_scheduled_jo..., site='your-site-name.localhost', user='Administrator') job in 0:00:00.308181s on worker f800c15beb474a89ab3b5cf66fe85bac
2026-09-22 16:28:00,948 home-makara-frappe-bench:default: Job OK (your-site-name.localhost||scheduled_job||51uv7phrm7)
2026-09-22 16:28:00,948 Result is kept for 600 seconds
2026-09-22 16:28:00,956 home-makara-frappe-bench:default: frappe.utils.background_jobs.execute_job(event=None, is_async=True, job_name='frappe.core.doctype.scheduled_job_type.scheduled_job_type.run_scheduled_jo..., kwargs={'job_type': 'frappe.email.queue.flush', 'scheduled_job_type': '51um9eeecb'..., method='frappe.core.doctype.scheduled_job_type.scheduled_job_type.run_scheduled_jo..., site='your-site-name.localhost', user='Administrator') (your-site-name.localhost||scheduled_job||51um9eeecb)
2026-09-22 16:28:01,273 Successfully completed frappe.utils.background_jobs.execute_job(event=None, is_async=True, job_name='frappe.core.doctype.scheduled_job_type.scheduled_job_type.run_scheduled_jo..., kwargs={'job_type': 'frappe.email.queue.flush', 'scheduled_job_type': '51um9eeecb'..., method='frappe.core.doctype.scheduled_job_type.scheduled_job_type.run_scheduled_jo..., site='your-site-name.localhost', user='Administrator') job in 0:00:00.308464s on worker f800c15beb474a89ab3b5cf66fe85bac
2026-09-22 16:28:01,273 home-makara-frappe-bench:default: Job OK (your-site-name.localhost||scheduled_job||51um9eeecb)
2026-09-22 16:28:01,273 Result is kept for 600 seconds
2026-09-22 16:28:01,283 home-makara-frappe-bench:default: frappe.utils.background_jobs.execute_job(event=None, is_async=True, job_name='frappe.core.doctype.scheduled_job_type.scheduled_job_type.run_scheduled_jo..., kwargs={'job_type': 'frappe.automation_engine.scheduler.process_cron', 'scheduled_..., method='frappe.core.doctype.scheduled_job_type.scheduled_job_type.run_scheduled_jo..., site='your-site-name.localhost', user='Administrator') (your-site-name.localhost||scheduled_job||51u6ep6oat)
2026-09-22 16:28:01,606 Successfully completed frappe.utils.background_jobs.execute_job(event=None, is_async=True, job_name='frappe.core.doctype.scheduled_job_type.scheduled_job_type.run_scheduled_jo..., kwargs={'job_type': 'frappe.automation_engine.scheduler.process_cron', 'scheduled_..., method='frappe.core.doctype.scheduled_job_type.scheduled_job_type.run_scheduled_jo..., site='your-site-name.localhost', user='Administrator') job in 0:00:00.316405s on worker f800c15beb474a89ab3b5cf66fe85bac
2026-09-22 16:28:01,607 home-makara-frappe-bench:default: Job OK (your-site-name.localhost||scheduled_job||51u6ep6oat)
2026-09-22 16:28:01,607 Result is kept for 600 seconds
2026-09-22 16:28:01,614 home-makara-frappe-bench:default: frappe.utils.background_jobs.execute_job(event=None, is_async=True, job_name='frappe.core.doctype.scheduled_job_type.scheduled_job_type.run_scheduled_jo..., kwargs={'job_type': 'frappe.monitor.flush', 'scheduled_job_type': '51u5l2o9pg'}, method='frappe.core.doctype.scheduled_job_type.scheduled_job_type.run_scheduled_jo..., site='your-site-name.localhost', user='Administrator') (your-site-name.localhost||scheduled_job||51u5l2o9pg)
2026-09-22 16:28:01,905 Successfully completed frappe.utils.background_jobs.execute_job(event=None, is_async=True, job_name='frappe.core.doctype.scheduled_job_type.scheduled_job_type.run_scheduled_jo..., kwargs={'job_type': 'frappe.monitor.flush', 'scheduled_job_type': '51u5l2o9pg'}, method='frappe.core.doctype.scheduled_job_type.scheduled_job_type.run_scheduled_jo..., site='your-site-name.localhost', user='Administrator') job in 0:00:00.282686s on worker f800c15beb474a89ab3b5cf66fe85bac
2026-09-22 16:28:01,905 home-makara-frappe-bench:default: Job OK (your-site-name.localhost||scheduled_job||51u5l2o9pg)
2026-09-22 16:28:01,906 Result is kept for 600 seconds
2026-09-22 16:28:01,913 home-makara-frappe-bench:default: frappe.utils.background_jobs.execute_job(event=None, is_async=True, job_name='frappe.core.doctype.scheduled_job_type.scheduled_job_type.run_scheduled_jo..., kwargs={'job_type': 'frappe.automation_engine.drainer.drain_due', 'scheduled_job_t..., method='frappe.core.doctype.scheduled_job_type.scheduled_job_type.run_scheduled_jo..., site='your-site-name.localhost', user='Administrator') (your-site-name.localhost||scheduled_job||51u0dpk9ai)
2026-09-22 16:28:02,218 Successfully completed frappe.utils.background_jobs.execute_job(event=None, is_async=True, job_name='frappe.core.doctype.scheduled_job_type.scheduled_job_type.run_scheduled_jo..., kwargs={'job_type': 'frappe.automation_engine.drainer.drain_due', 'scheduled_job_t..., method='frappe.core.doctype.scheduled_job_type.scheduled_job_type.run_scheduled_jo..., site='your-site-name.localhost', user='Administrator') job in 0:00:00.295356s on worker f800c15beb474a89ab3b5cf66fe85bac
2026-09-22 16:28:02,218 home-makara-frappe-bench:default: Job OK (your-site-name.localhost||scheduled_job||51u0dpk9ai)
2026-09-22 16:28:02,218 Result is kept for 600 seconds
2026-09-22 16:28:02,225 home-makara-frappe-bench:default: frappe.utils.background_jobs.execute_job(event=None, is_async=True, job_name='frappe.core.doctype.scheduled_job_type.scheduled_job_type.run_scheduled_jo..., kwargs={'job_type': 'frappe.integrations.doctype.google_calendar.google_calendar.s..., method='frappe.core.doctype.scheduled_job_type.scheduled_job_type.run_scheduled_jo..., site='your-site-name.localhost', user='Administrator') (your-site-name.localhost||scheduled_job||51u2s8slv0)
2026-09-22 16:28:02,529 Successfully completed frappe.utils.background_jobs.execute_job(event=None, is_async=True, job_name='frappe.core.doctype.scheduled_job_type.scheduled_job_type.run_scheduled_jo..., kwargs={'job_type': 'frappe.integrations.doctype.google_calendar.google_calendar.s..., method='frappe.core.doctype.scheduled_job_type.scheduled_job_type.run_scheduled_jo..., site='your-site-name.localhost', user='Administrator') job in 0:00:00.298135s on worker f800c15beb474a89ab3b5cf66fe85bac
2026-09-22 16:28:02,530 home-makara-frappe-bench:default: Job OK (your-site-name.localhost||scheduled_job||51u2s8slv0)
2026-09-22 16:28:02,530 Result is kept for 600 seconds
2026-09-22 16:28:02,536 home-makara-frappe-bench:default: frappe.utils.background_jobs.execute_job(event=None, is_async=True, job_name='frappe.core.doctype.scheduled_job_type.scheduled_job_type.run_scheduled_jo..., kwargs={'job_type': 'frappe.integrations.doctype.webhook.webhook.retry_failed_webh..., method='frappe.core.doctype.scheduled_job_type.scheduled_job_type.run_scheduled_jo..., site='your-site-name.localhost', user='Administrator') (your-site-name.localhost||scheduled_job||51ugekk04n)
2026-09-22 16:28:02,849 Successfully completed frappe.utils.background_jobs.execute_job(event=None, is_async=True, job_name='frappe.core.doctype.scheduled_job_type.scheduled_job_type.run_scheduled_jo..., kwargs={'job_type': 'frappe.integrations.doctype.webhook.webhook.retry_failed_webh..., method='frappe.core.doctype.scheduled_job_type.scheduled_job_type.run_scheduled_jo..., site='your-site-name.localhost', user='Administrator') job in 0:00:00.305798s on worker f800c15beb474a89ab3b5cf66fe85bac
2026-09-22 16:28:02,849 home-makara-frappe-bench:default: Job OK (your-site-name.localhost||scheduled_job||51ugekk04n)
2026-09-22 16:28:02,850 Result is kept for 600 seconds
2026-09-22 16:28:02,857 home-makara-frappe-bench:default: frappe.utils.background_jobs.execute_job(event=None, is_async=True, job_name='frappe.core.doctype.scheduled_job_type.scheduled_job_type.run_scheduled_jo..., kwargs={'job_type': 'frappe.email.doctype.notification.notification.trigger_offset..., method='frappe.core.doctype.scheduled_job_type.scheduled_job_type.run_scheduled_jo..., site='your-site-name.localhost', user='Administrator') (your-site-name.localhost||scheduled_job||51ujdm2d34)
2026-09-22 16:28:03,174 Successfully completed frappe.utils.background_jobs.execute_job(event=None, is_async=True, job_name='frappe.core.doctype.scheduled_job_type.scheduled_job_type.run_scheduled_jo..., kwargs={'job_type': 'frappe.email.doctype.notification.notification.trigger_offset..., method='frappe.core.doctype.scheduled_job_type.scheduled_job_type.run_scheduled_jo..., site='your-site-name.localhost', user='Administrator') job in 0:00:00.310318s on worker f800c15beb474a89ab3b5cf66fe85bac
2026-09-22 16:28:03,174 home-makara-frappe-bench:default: Job OK (your-site-name.localhost||scheduled_job||51ujdm2d34)
2026-09-22 16:28:03,174 Result is kept for 600 seconds
2026-09-22 16:28:03,188 home-makara-frappe-bench:default: frappe.utils.background_jobs.execute_job(event=None, is_async=True, job_name='frappe.core.doctype.scheduled_job_type.scheduled_job_type.run_scheduled_jo..., kwargs={'job_type': 'frappe.search.sqlite_search.index_docs_in_queue', 'scheduled_..., method='frappe.core.doctype.scheduled_job_type.scheduled_job_type.run_scheduled_jo..., site='your-site-name.localhost', user='Administrator') (your-site-name.localhost||scheduled_job||51ubu6l9cg)
2026-09-22 16:28:03,530 Successfully completed frappe.utils.background_jobs.execute_job(event=None, is_async=True, job_name='frappe.core.doctype.scheduled_job_type.scheduled_job_type.run_scheduled_jo..., kwargs={'job_type': 'frappe.search.sqlite_search.index_docs_in_queue', 'scheduled_..., method='frappe.core.doctype.scheduled_job_type.scheduled_job_type.run_scheduled_jo..., site='your-site-name.localhost', user='Administrator') job in 0:00:00.335428s on worker f800c15beb474a89ab3b5cf66fe85bac
2026-09-22 16:28:03,530 home-makara-frappe-bench:default: Job OK (your-site-name.localhost||scheduled_job||51ubu6l9cg)
2026-09-22 16:28:03,530 Result is kept for 600 seconds
2026-09-22 16:32:00,653 home-makara-frappe-bench:default: frappe.utils.background_jobs.execute_job(event=None, is_async=True, job_name='frappe.core.doctype.scheduled_job_type.scheduled_job_type.run_scheduled_jo..., kwargs={'job_type': 'frappe.utils.global_search.sync_global_search', 'scheduled_jo..., method='frappe.core.doctype.scheduled_job_type.scheduled_job_type.run_scheduled_jo..., site='your-site-name.localhost', user='Administrator') (your-site-name.localhost||scheduled_job||51ul1o6qkh)
2026-09-22 16:32:00,963 Successfully completed frappe.utils.background_jobs.execute_job(event=None, is_async=True, job_name='frappe.core.doctype.scheduled_job_type.scheduled_job_type.run_scheduled_jo..., kwargs={'job_type': 'frappe.utils.global_search.sync_global_search', 'scheduled_jo..., method='frappe.core.doctype.scheduled_job_type.scheduled_job_type.run_scheduled_jo..., site='your-site-name.localhost', user='Administrator') job in 0:00:00.301364s on worker f800c15beb474a89ab3b5cf66fe85bac
2026-09-22 16:32:00,963 home-makara-frappe-bench:default: Job OK (your-site-name.localhost||scheduled_job||51ul1o6qkh)
2026-09-22 16:32:00,963 Result is kept for 600 seconds
2026-09-22 16:32:00,972 home-makara-frappe-bench:default: frappe.utils.background_jobs.execute_job(event=None, is_async=True, job_name='frappe.core.doctype.scheduled_job_type.scheduled_job_type.run_scheduled_jo..., kwargs={'job_type': 'frappe.model.utils.link_count.update_link_count', 'scheduled_..., method='frappe.core.doctype.scheduled_job_type.scheduled_job_type.run_scheduled_jo..., site='your-site-name.localhost', user='Administrator') (your-site-name.localhost||scheduled_job||51utqpe235)
2026-09-22 16:32:01,271 Successfully completed frappe.utils.background_jobs.execute_job(event=None, is_async=True, job_name='frappe.core.doctype.scheduled_job_type.scheduled_job_type.run_scheduled_jo..., kwargs={'job_type': 'frappe.model.utils.link_count.update_link_count', 'scheduled_..., method='frappe.core.doctype.scheduled_job_type.scheduled_job_type.run_scheduled_jo..., site='your-site-name.localhost', user='Administrator') job in 0:00:00.292896s on worker f800c15beb474a89ab3b5cf66fe85bac
2026-09-22 16:32:01,271 home-makara-frappe-bench:default: Job OK (your-site-name.localhost||scheduled_job||51utqpe235)
2026-09-22 16:32:01,271 Result is kept for 600 seconds
2026-09-22 16:32:01,280 home-makara-frappe-bench:default: frappe.utils.background_jobs.execute_job(event=None, is_async=True, job_name='frappe.core.doctype.scheduled_job_type.scheduled_job_type.run_scheduled_jo..., kwargs={'job_type': 'frappe.integrations.doctype.webhook.webhook.retry_failed_webh..., method='frappe.core.doctype.scheduled_job_type.scheduled_job_type.run_scheduled_jo..., site='your-site-name.localhost', user='Administrator') (your-site-name.localhost||scheduled_job||51ugekk04n)
2026-09-22 16:32:01,574 Successfully completed frappe.utils.background_jobs.execute_job(event=None, is_async=True, job_name='frappe.core.doctype.scheduled_job_type.scheduled_job_type.run_scheduled_jo..., kwargs={'job_type': 'frappe.integrations.doctype.webhook.webhook.retry_failed_webh..., method='frappe.core.doctype.scheduled_job_type.scheduled_job_type.run_scheduled_jo..., site='your-site-name.localhost', user='Administrator') job in 0:00:00.287003s on worker f800c15beb474a89ab3b5cf66fe85bac
2026-09-22 16:32:01,574 home-makara-frappe-bench:default: Job OK (your-site-name.localhost||scheduled_job||51ugekk04n)
2026-09-22 16:32:01,574 Result is kept for 600 seconds
2026-09-22 16:32:01,582 home-makara-frappe-bench:default: frappe.utils.background_jobs.execute_job(event=None, is_async=True, job_name='frappe.core.doctype.scheduled_job_type.scheduled_job_type.run_scheduled_jo..., kwargs={'job_type': 'frappe.email.doctype.email_account.email_account.pull', 'sche..., method='frappe.core.doctype.scheduled_job_type.scheduled_job_type.run_scheduled_jo..., site='your-site-name.localhost', user='Administrator') (your-site-name.localhost||scheduled_job||51u4simu78)
2026-09-22 16:32:01,955 Successfully completed frappe.utils.background_jobs.execute_job(event=None, is_async=True, job_name='frappe.core.doctype.scheduled_job_type.scheduled_job_type.run_scheduled_jo..., kwargs={'job_type': 'frappe.email.doctype.email_account.email_account.pull', 'sche..., method='frappe.core.doctype.scheduled_job_type.scheduled_job_type.run_scheduled_jo..., site='your-site-name.localhost', user='Administrator') job in 0:00:00.365653s on worker f800c15beb474a89ab3b5cf66fe85bac
2026-09-22 16:32:01,955 home-makara-frappe-bench:default: Job OK (your-site-name.localhost||scheduled_job||51u4simu78)
2026-09-22 16:32:01,955 Result is kept for 600 seconds
2026-09-22 16:32:01,962 home-makara-frappe-bench:default: frappe.utils.background_jobs.execute_job(event=None, is_async=True, job_name='frappe.core.doctype.scheduled_job_type.scheduled_job_type.run_scheduled_jo..., kwargs={'job_type': 'frappe.deferred_insert.save_to_db', 'scheduled_job_type': '51..., method='frappe.core.doctype.scheduled_job_type.scheduled_job_type.run_scheduled_jo..., site='your-site-name.localhost', user='Administrator') (your-site-name.localhost||scheduled_job||51umjnqrgr)
2026-09-22 16:32:02,425 Successfully completed frappe.utils.background_jobs.execute_job(event=None, is_async=True, job_name='frappe.core.doctype.scheduled_job_type.scheduled_job_type.run_scheduled_jo..., kwargs={'job_type': 'frappe.deferred_insert.save_to_db', 'scheduled_job_type': '51..., method='frappe.core.doctype.scheduled_job_type.scheduled_job_type.run_scheduled_jo..., site='your-site-name.localhost', user='Administrator') job in 0:00:00.454608s on worker f800c15beb474a89ab3b5cf66fe85bac
2026-09-22 16:32:02,425 home-makara-frappe-bench:default: Job OK (your-site-name.localhost||scheduled_job||51umjnqrgr)
2026-09-22 16:32:02,425 Result is kept for 600 seconds
2026-09-22 16:32:02,432 home-makara-frappe-bench:default: frappe.utils.background_jobs.execute_job(event=None, is_async=True, job_name='frappe.core.doctype.scheduled_job_type.scheduled_job_type.run_scheduled_jo..., kwargs={'job_type': 'frappe.automation_engine.scheduler.process_cron', 'scheduled_..., method='frappe.core.doctype.scheduled_job_type.scheduled_job_type.run_scheduled_jo..., site='your-site-name.localhost', user='Administrator') (your-site-name.localhost||scheduled_job||51u6ep6oat)
2026-09-22 16:32:02,839 Successfully completed frappe.utils.background_jobs.execute_job(event=None, is_async=True, job_name='frappe.core.doctype.scheduled_job_type.scheduled_job_type.run_scheduled_jo..., kwargs={'job_type': 'frappe.automation_engine.scheduler.process_cron', 'scheduled_..., method='frappe.core.doctype.scheduled_job_type.scheduled_job_type.run_scheduled_jo..., site='your-site-name.localhost', user='Administrator') job in 0:00:00.400483s on worker f800c15beb474a89ab3b5cf66fe85bac
2026-09-22 16:32:02,840 home-makara-frappe-bench:default: Job OK (your-site-name.localhost||scheduled_job||51u6ep6oat)
2026-09-22 16:32:02,840 Result is kept for 600 seconds
2026-09-22 16:32:02,848 home-makara-frappe-bench:default: frappe.utils.background_jobs.execute_job(event=None, is_async=True, job_name='frappe.core.doctype.scheduled_job_type.scheduled_job_type.run_scheduled_jo..., kwargs={'job_type': 'frappe.search.sqlite_search.index_docs_in_queue', 'scheduled_..., method='frappe.core.doctype.scheduled_job_type.scheduled_job_type.run_scheduled_jo..., site='your-site-name.localhost', user='Administrator') (your-site-name.localhost||scheduled_job||51ubu6l9cg)
2026-09-22 16:32:03,242 Successfully completed frappe.utils.background_jobs.execute_job(event=None, is_async=True, job_name='frappe.core.doctype.scheduled_job_type.scheduled_job_type.run_scheduled_jo..., kwargs={'job_type': 'frappe.search.sqlite_search.index_docs_in_queue', 'scheduled_..., method='frappe.core.doctype.scheduled_job_type.scheduled_job_type.run_scheduled_jo..., site='your-site-name.localhost', user='Administrator') job in 0:00:00.385442s on worker f800c15beb474a89ab3b5cf66fe85bac
2026-09-22 16:32:03,243 home-makara-frappe-bench:default: Job OK (your-site-name.localhost||scheduled_job||51ubu6l9cg)
2026-09-22 16:32:03,243 Result is kept for 600 seconds
2026-09-22 16:32:03,253 home-makara-frappe-bench:default: frappe.utils.background_jobs.execute_job(event=None, is_async=True, job_name='frappe.core.doctype.scheduled_job_type.scheduled_job_type.run_scheduled_jo..., kwargs={'job_type': 'frappe.monitor.flush', 'scheduled_job_type': '51u5l2o9pg'}, method='frappe.core.doctype.scheduled_job_type.scheduled_job_type.run_scheduled_jo..., site='your-site-name.localhost', user='Administrator') (your-site-name.localhost||scheduled_job||51u5l2o9pg)
2026-09-22 16:32:03,552 Successfully completed frappe.utils.background_jobs.execute_job(event=None, is_async=True, job_name='frappe.core.doctype.scheduled_job_type.scheduled_job_type.run_scheduled_jo..., kwargs={'job_type': 'frappe.monitor.flush', 'scheduled_job_type': '51u5l2o9pg'}, method='frappe.core.doctype.scheduled_job_type.scheduled_job_type.run_scheduled_jo..., site='your-site-name.localhost', user='Administrator') job in 0:00:00.291371s on worker f800c15beb474a89ab3b5cf66fe85bac
2026-09-22 16:32:03,552 home-makara-frappe-bench:default: Job OK (your-site-name.localhost||scheduled_job||51u5l2o9pg)
2026-09-22 16:32:03,552 Result is kept for 600 seconds
2026-09-22 16:32:03,558 home-makara-frappe-bench:default: frappe.utils.background_jobs.execute_job(event=None, is_async=True, job_name='frappe.core.doctype.scheduled_job_type.scheduled_job_type.run_scheduled_jo..., kwargs={'job_type': 'frappe.email.queue.retry_sending_emails', 'scheduled_job_type..., method='frappe.core.doctype.scheduled_job_type.scheduled_job_type.run_scheduled_jo..., site='your-site-name.localhost', user='Administrator') (your-site-name.localhost||scheduled_job||51uv7phrm7)
2026-09-22 16:32:03,878 Successfully completed frappe.utils.background_jobs.execute_job(event=None, is_async=True, job_name='frappe.core.doctype.scheduled_job_type.scheduled_job_type.run_scheduled_jo..., kwargs={'job_type': 'frappe.email.queue.retry_sending_emails', 'scheduled_job_type..., method='frappe.core.doctype.scheduled_job_type.scheduled_job_type.run_scheduled_jo..., site='your-site-name.localhost', user='Administrator') job in 0:00:00.313990s on worker f800c15beb474a89ab3b5cf66fe85bac
2026-09-22 16:32:03,878 home-makara-frappe-bench:default: Job OK (your-site-name.localhost||scheduled_job||51uv7phrm7)
2026-09-22 16:32:03,878 Result is kept for 600 seconds
2026-09-22 16:32:03,885 home-makara-frappe-bench:default: frappe.utils.background_jobs.execute_job(event=None, is_async=True, job_name='frappe.core.doctype.scheduled_job_type.scheduled_job_type.run_scheduled_jo..., kwargs={'job_type': 'frappe.email.doctype.email_account.email_account.notify_unrep..., method='frappe.core.doctype.scheduled_job_type.scheduled_job_type.run_scheduled_jo..., site='your-site-name.localhost', user='Administrator') (your-site-name.localhost||scheduled_job||51utl79ueh)
2026-09-22 16:32:04,229 Successfully completed frappe.utils.background_jobs.execute_job(event=None, is_async=True, job_name='frappe.core.doctype.scheduled_job_type.scheduled_job_type.run_scheduled_jo..., kwargs={'job_type': 'frappe.email.doctype.email_account.email_account.notify_unrep..., method='frappe.core.doctype.scheduled_job_type.scheduled_job_type.run_scheduled_jo..., site='your-site-name.localhost', user='Administrator') job in 0:00:00.325859s on worker f800c15beb474a89ab3b5cf66fe85bac
2026-09-22 16:32:04,229 home-makara-frappe-bench:default: Job OK (your-site-name.localhost||scheduled_job||51utl79ueh)
2026-09-22 16:32:04,229 Result is kept for 600 seconds
2026-09-22 16:32:04,237 home-makara-frappe-bench:default: frappe.utils.background_jobs.execute_job(event=None, is_async=True, job_name='frappe.core.doctype.scheduled_job_type.scheduled_job_type.run_scheduled_jo..., kwargs={'job_type': 'frappe.integrations.doctype.google_calendar.google_calendar.s..., method='frappe.core.doctype.scheduled_job_type.scheduled_job_type.run_scheduled_jo..., site='your-site-name.localhost', user='Administrator') (your-site-name.localhost||scheduled_job||51u2s8slv0)
2026-09-22 16:32:04,572 Successfully completed frappe.utils.background_jobs.execute_job(event=None, is_async=True, job_name='frappe.core.doctype.scheduled_job_type.scheduled_job_type.run_scheduled_jo..., kwargs={'job_type': 'frappe.integrations.doctype.google_calendar.google_calendar.s..., method='frappe.core.doctype.scheduled_job_type.scheduled_job_type.run_scheduled_jo..., site='your-site-name.localhost', user='Administrator') job in 0:00:00.326181s on worker f800c15beb474a89ab3b5cf66fe85bac
2026-09-22 16:32:04,573 home-makara-frappe-bench:default: Job OK (your-site-name.localhost||scheduled_job||51u2s8slv0)
2026-09-22 16:32:04,573 Result is kept for 600 seconds
2026-09-22 16:32:04,579 home-makara-frappe-bench:default: frappe.utils.background_jobs.execute_job(event=None, is_async=True, job_name='frappe.core.doctype.scheduled_job_type.scheduled_job_type.run_scheduled_jo..., kwargs={'job_type': 'frappe.automation.doctype.reminder.reminder.send_reminders', ..., method='frappe.core.doctype.scheduled_job_type.scheduled_job_type.run_scheduled_jo..., site='your-site-name.localhost', user='Administrator') (your-site-name.localhost||scheduled_job||51ujogtifi)
2026-09-22 16:32:04,858 Successfully completed frappe.utils.background_jobs.execute_job(event=None, is_async=True, job_name='frappe.core.doctype.scheduled_job_type.scheduled_job_type.run_scheduled_jo..., kwargs={'job_type': 'frappe.automation.doctype.reminder.reminder.send_reminders', ..., method='frappe.core.doctype.scheduled_job_type.scheduled_job_type.run_scheduled_jo..., site='your-site-name.localhost', user='Administrator') job in 0:00:00.272748s on worker f800c15beb474a89ab3b5cf66fe85bac
2026-09-22 16:32:04,859 home-makara-frappe-bench:default: Job OK (your-site-name.localhost||scheduled_job||51ujogtifi)
2026-09-22 16:32:04,859 Result is kept for 600 seconds
2026-09-22 16:32:04,865 home-makara-frappe-bench:default: frappe.utils.background_jobs.execute_job(event=None, is_async=True, job_name='frappe.core.doctype.scheduled_job_type.scheduled_job_type.run_scheduled_jo..., kwargs={'job_type': 'frappe.automation_engine.drainer.drain_due', 'scheduled_job_t..., method='frappe.core.doctype.scheduled_job_type.scheduled_job_type.run_scheduled_jo..., site='your-site-name.localhost', user='Administrator') (your-site-name.localhost||scheduled_job||51u0dpk9ai)
2026-09-22 16:32:05,143 Successfully completed frappe.utils.background_jobs.execute_job(event=None, is_async=True, job_name='frappe.core.doctype.scheduled_job_type.scheduled_job_type.run_scheduled_jo..., kwargs={'job_type': 'frappe.automation_engine.drainer.drain_due', 'scheduled_job_t..., method='frappe.core.doctype.scheduled_job_type.scheduled_job_type.run_scheduled_jo..., site='your-site-name.localhost', user='Administrator') job in 0:00:00.271304s on worker f800c15beb474a89ab3b5cf66fe85bac
2026-09-22 16:32:05,144 home-makara-frappe-bench:default: Job OK (your-site-name.localhost||scheduled_job||51u0dpk9ai)
2026-09-22 16:32:05,144 Result is kept for 600 seconds
2026-09-22 16:32:05,150 home-makara-frappe-bench:default: frappe.utils.background_jobs.execute_job(event=None, is_async=True, job_name='frappe.core.doctype.scheduled_job_type.scheduled_job_type.run_scheduled_jo..., kwargs={'job_type': 'frappe.email.doctype.notification.notification.trigger_offset..., method='frappe.core.doctype.scheduled_job_type.scheduled_job_type.run_scheduled_jo..., site='your-site-name.localhost', user='Administrator') (your-site-name.localhost||scheduled_job||51ujdm2d34)
2026-09-22 16:32:05,416 Successfully completed frappe.utils.background_jobs.execute_job(event=None, is_async=True, job_name='frappe.core.doctype.scheduled_job_type.scheduled_job_type.run_scheduled_jo..., kwargs={'job_type': 'frappe.email.doctype.notification.notification.trigger_offset..., method='frappe.core.doctype.scheduled_job_type.scheduled_job_type.run_scheduled_jo..., site='your-site-name.localhost', user='Administrator') job in 0:00:00.259144s on worker f800c15beb474a89ab3b5cf66fe85bac
2026-09-22 16:32:05,416 home-makara-frappe-bench:default: Job OK (your-site-name.localhost||scheduled_job||51ujdm2d34)
2026-09-22 16:32:05,416 Result is kept for 600 seconds
2026-09-22 16:32:05,423 home-makara-frappe-bench:default: frappe.utils.background_jobs.execute_job(event=None, is_async=True, job_name='frappe.core.doctype.scheduled_job_type.scheduled_job_type.run_scheduled_jo..., kwargs={'job_type': 'frappe.email.queue.flush', 'scheduled_job_type': '51um9eeecb'..., method='frappe.core.doctype.scheduled_job_type.scheduled_job_type.run_scheduled_jo..., site='your-site-name.localhost', user='Administrator') (your-site-name.localhost||scheduled_job||51um9eeecb)
2026-09-22 16:32:05,726 Successfully completed frappe.utils.background_jobs.execute_job(event=None, is_async=True, job_name='frappe.core.doctype.scheduled_job_type.scheduled_job_type.run_scheduled_jo..., kwargs={'job_type': 'frappe.email.queue.flush', 'scheduled_job_type': '51um9eeecb'..., method='frappe.core.doctype.scheduled_job_type.scheduled_job_type.run_scheduled_jo..., site='your-site-name.localhost', user='Administrator') job in 0:00:00.296681s on worker f800c15beb474a89ab3b5cf66fe85bac
2026-09-22 16:32:05,726 home-makara-frappe-bench:default: Job OK (your-site-name.localhost||scheduled_job||51um9eeecb)
2026-09-22 16:32:05,726 Result is kept for 600 seconds
2026-09-22 16:32:05,734 home-makara-frappe-bench:default: frappe.utils.background_jobs.execute_job(event=None, is_async=True, job_name='frappe.core.doctype.scheduled_job_type.scheduled_job_type.run_scheduled_jo..., kwargs={'job_type': 'frappe.utils.telemetry.pulse.client.send_queued_events', 'sch..., method='frappe.core.doctype.scheduled_job_type.scheduled_job_type.run_scheduled_jo..., site='your-site-name.localhost', user='Administrator') (your-site-name.localhost||scheduled_job||51ub742nv9)
2026-09-22 16:32:06,037 Successfully completed frappe.utils.background_jobs.execute_job(event=None, is_async=True, job_name='frappe.core.doctype.scheduled_job_type.scheduled_job_type.run_scheduled_jo..., kwargs={'job_type': 'frappe.utils.telemetry.pulse.client.send_queued_events', 'sch..., method='frappe.core.doctype.scheduled_job_type.scheduled_job_type.run_scheduled_jo..., site='your-site-name.localhost', user='Administrator') job in 0:00:00.294783s on worker f800c15beb474a89ab3b5cf66fe85bac
2026-09-22 16:32:06,037 home-makara-frappe-bench:default: Job OK (your-site-name.localhost||scheduled_job||51ub742nv9)
2026-09-22 16:32:06,037 Result is kept for 600 seconds
2026-09-22 16:36:00,715 home-makara-frappe-bench:default: frappe.utils.background_jobs.execute_job(event=None, is_async=True, job_name='frappe.core.doctype.scheduled_job_type.scheduled_job_type.run_scheduled_jo..., kwargs={'job_type': 'frappe.integrations.doctype.google_calendar.google_calendar.s..., method='frappe.core.doctype.scheduled_job_type.scheduled_job_type.run_scheduled_jo..., site='your-site-name.localhost', user='Administrator') (your-site-name.localhost||scheduled_job||51u2s8slv0)
2026-09-22 16:36:01,004 Successfully completed frappe.utils.background_jobs.execute_job(event=None, is_async=True, job_name='frappe.core.doctype.scheduled_job_type.scheduled_job_type.run_scheduled_jo..., kwargs={'job_type': 'frappe.integrations.doctype.google_calendar.google_calendar.s..., method='frappe.core.doctype.scheduled_job_type.scheduled_job_type.run_scheduled_jo..., site='your-site-name.localhost', user='Administrator') job in 0:00:00.279379s on worker f800c15beb474a89ab3b5cf66fe85bac
2026-09-22 16:36:01,004 home-makara-frappe-bench:default: Job OK (your-site-name.localhost||scheduled_job||51u2s8slv0)
2026-09-22 16:36:01,004 Result is kept for 600 seconds
2026-09-22 16:36:01,010 Worker f800c15beb474a89ab3b5cf66fe85bac: cleaning registries for queue: home-makara-frappe-bench:short
2026-09-22 16:36:01,012 Worker f800c15beb474a89ab3b5cf66fe85bac: cleaning registries for queue: home-makara-frappe-bench:default
2026-09-22 16:36:01,013 Worker f800c15beb474a89ab3b5cf66fe85bac: cleaning registries for queue: home-makara-frappe-bench:long
2026-09-22 16:36:01,015 home-makara-frappe-bench:default: frappe.utils.background_jobs.execute_job(event=None, is_async=True, job_name='frappe.core.doctype.scheduled_job_type.scheduled_job_type.run_scheduled_jo..., kwargs={'job_type': 'frappe.integrations.doctype.webhook.webhook.retry_failed_webh..., method='frappe.core.doctype.scheduled_job_type.scheduled_job_type.run_scheduled_jo..., site='your-site-name.localhost', user='Administrator') (your-site-name.localhost||scheduled_job||51ugekk04n)
2026-09-22 16:36:01,285 Successfully completed frappe.utils.background_jobs.execute_job(event=None, is_async=True, job_name='frappe.core.doctype.scheduled_job_type.scheduled_job_type.run_scheduled_jo..., kwargs={'job_type': 'frappe.integrations.doctype.webhook.webhook.retry_failed_webh..., method='frappe.core.doctype.scheduled_job_type.scheduled_job_type.run_scheduled_jo..., site='your-site-name.localhost', user='Administrator') job in 0:00:00.264215s on worker f800c15beb474a89ab3b5cf66fe85bac
2026-09-22 16:36:01,285 home-makara-frappe-bench:default: Job OK (your-site-name.localhost||scheduled_job||51ugekk04n)
2026-09-22 16:36:01,285 Result is kept for 600 seconds
2026-09-22 16:36:01,292 home-makara-frappe-bench:default: frappe.utils.background_jobs.execute_job(event=None, is_async=True, job_name='frappe.core.doctype.scheduled_job_type.scheduled_job_type.run_scheduled_jo..., kwargs={'job_type': 'frappe.automation_engine.drainer.drain_due', 'scheduled_job_t..., method='frappe.core.doctype.scheduled_job_type.scheduled_job_type.run_scheduled_jo..., site='your-site-name.localhost', user='Administrator') (your-site-name.localhost||scheduled_job||51u0dpk9ai)
2026-09-22 16:36:01,572 Successfully completed frappe.utils.background_jobs.execute_job(event=None, is_async=True, job_name='frappe.core.doctype.scheduled_job_type.scheduled_job_type.run_scheduled_jo..., kwargs={'job_type': 'frappe.automation_engine.drainer.drain_due', 'scheduled_job_t..., method='frappe.core.doctype.scheduled_job_type.scheduled_job_type.run_scheduled_jo..., site='your-site-name.localhost', user='Administrator') job in 0:00:00.272762s on worker f800c15beb474a89ab3b5cf66fe85bac
2026-09-22 16:36:01,572 home-makara-frappe-bench:default: Job OK (your-site-name.localhost||scheduled_job||51u0dpk9ai)
2026-09-22 16:36:01,572 Result is kept for 600 seconds
2026-09-22 16:36:01,579 home-makara-frappe-bench:default: frappe.utils.background_jobs.execute_job(event=None, is_async=True, job_name='frappe.core.doctype.scheduled_job_type.scheduled_job_type.run_scheduled_jo..., kwargs={'job_type': 'frappe.email.queue.retry_sending_emails', 'scheduled_job_type..., method='frappe.core.doctype.scheduled_job_type.scheduled_job_type.run_scheduled_jo..., site='your-site-name.localhost', user='Administrator') (your-site-name.localhost||scheduled_job||51uv7phrm7)
2026-09-22 16:36:01,875 Successfully completed frappe.utils.background_jobs.execute_job(event=None, is_async=True, job_name='frappe.core.doctype.scheduled_job_type.scheduled_job_type.run_scheduled_jo..., kwargs={'job_type': 'frappe.email.queue.retry_sending_emails', 'scheduled_job_type..., method='frappe.core.doctype.scheduled_job_type.scheduled_job_type.run_scheduled_jo..., site='your-site-name.localhost', user='Administrator') job in 0:00:00.289069s on worker f800c15beb474a89ab3b5cf66fe85bac
2026-09-22 16:36:01,876 home-makara-frappe-bench:default: Job OK (your-site-name.localhost||scheduled_job||51uv7phrm7)
2026-09-22 16:36:01,876 Result is kept for 600 seconds
2026-09-22 16:36:01,882 home-makara-frappe-bench:default: frappe.utils.background_jobs.execute_job(event=None, is_async=True, job_name='frappe.core.doctype.scheduled_job_type.scheduled_job_type.run_scheduled_jo..., kwargs={'job_type': 'frappe.monitor.flush', 'scheduled_job_type': '51u5l2o9pg'}, method='frappe.core.doctype.scheduled_job_type.scheduled_job_type.run_scheduled_jo..., site='your-site-name.localhost', user='Administrator') (your-site-name.localhost||scheduled_job||51u5l2o9pg)
2026-09-22 16:36:02,147 Successfully completed frappe.utils.background_jobs.execute_job(event=None, is_async=True, job_name='frappe.core.doctype.scheduled_job_type.scheduled_job_type.run_scheduled_jo..., kwargs={'job_type': 'frappe.monitor.flush', 'scheduled_job_type': '51u5l2o9pg'}, method='frappe.core.doctype.scheduled_job_type.scheduled_job_type.run_scheduled_jo..., site='your-site-name.localhost', user='Administrator') job in 0:00:00.258021s on worker f800c15beb474a89ab3b5cf66fe85bac
2026-09-22 16:36:02,147 home-makara-frappe-bench:default: Job OK (your-site-name.localhost||scheduled_job||51u5l2o9pg)
2026-09-22 16:36:02,147 Result is kept for 600 seconds
2026-09-22 16:36:02,153 home-makara-frappe-bench:default: frappe.utils.background_jobs.execute_job(event=None, is_async=True, job_name='frappe.core.doctype.scheduled_job_type.scheduled_job_type.run_scheduled_jo..., kwargs={'job_type': 'frappe.email.doctype.notification.notification.trigger_offset..., method='frappe.core.doctype.scheduled_job_type.scheduled_job_type.run_scheduled_jo..., site='your-site-name.localhost', user='Administrator') (your-site-name.localhost||scheduled_job||51ujdm2d34)
2026-09-22 16:36:02,422 Successfully completed frappe.utils.background_jobs.execute_job(event=None, is_async=True, job_name='frappe.core.doctype.scheduled_job_type.scheduled_job_type.run_scheduled_jo..., kwargs={'job_type': 'frappe.email.doctype.notification.notification.trigger_offset..., method='frappe.core.doctype.scheduled_job_type.scheduled_job_type.run_scheduled_jo..., site='your-site-name.localhost', user='Administrator') job in 0:00:00.263735s on worker f800c15beb474a89ab3b5cf66fe85bac
2026-09-22 16:36:02,423 home-makara-frappe-bench:default: Job OK (your-site-name.localhost||scheduled_job||51ujdm2d34)
2026-09-22 16:36:02,423 Result is kept for 600 seconds
2026-09-22 16:36:02,430 home-makara-frappe-bench:default: frappe.utils.background_jobs.execute_job(event=None, is_async=True, job_name='frappe.core.doctype.scheduled_job_type.scheduled_job_type.run_scheduled_jo..., kwargs={'job_type': 'frappe.automation_engine.scheduler.process_cron', 'scheduled_..., method='frappe.core.doctype.scheduled_job_type.scheduled_job_type.run_scheduled_jo..., site='your-site-name.localhost', user='Administrator') (your-site-name.localhost||scheduled_job||51u6ep6oat)
2026-09-22 16:36:02,701 Successfully completed frappe.utils.background_jobs.execute_job(event=None, is_async=True, job_name='frappe.core.doctype.scheduled_job_type.scheduled_job_type.run_scheduled_jo..., kwargs={'job_type': 'frappe.automation_engine.scheduler.process_cron', 'scheduled_..., method='frappe.core.doctype.scheduled_job_type.scheduled_job_type.run_scheduled_jo..., site='your-site-name.localhost', user='Administrator') job in 0:00:00.264606s on worker f800c15beb474a89ab3b5cf66fe85bac
2026-09-22 16:36:02,701 home-makara-frappe-bench:default: Job OK (your-site-name.localhost||scheduled_job||51u6ep6oat)
2026-09-22 16:36:02,701 Result is kept for 600 seconds
2026-09-22 16:36:02,708 home-makara-frappe-bench:default: frappe.utils.background_jobs.execute_job(event=None, is_async=True, job_name='frappe.core.doctype.scheduled_job_type.scheduled_job_type.run_scheduled_jo..., kwargs={'job_type': 'frappe.email.queue.flush', 'scheduled_job_type': '51um9eeecb'..., method='frappe.core.doctype.scheduled_job_type.scheduled_job_type.run_scheduled_jo..., site='your-site-name.localhost', user='Administrator') (your-site-name.localhost||scheduled_job||51um9eeecb)
2026-09-22 16:36:02,994 Successfully completed frappe.utils.background_jobs.execute_job(event=None, is_async=True, job_name='frappe.core.doctype.scheduled_job_type.scheduled_job_type.run_scheduled_jo..., kwargs={'job_type': 'frappe.email.queue.flush', 'scheduled_job_type': '51um9eeecb'..., method='frappe.core.doctype.scheduled_job_type.scheduled_job_type.run_scheduled_jo..., site='your-site-name.localhost', user='Administrator') job in 0:00:00.279483s on worker f800c15beb474a89ab3b5cf66fe85bac
2026-09-22 16:36:02,994 home-makara-frappe-bench:default: Job OK (your-site-name.localhost||scheduled_job||51um9eeecb)
2026-09-22 16:36:02,995 Result is kept for 600 seconds
2026-09-22 16:36:03,002 home-makara-frappe-bench:default: frappe.utils.background_jobs.execute_job(event=None, is_async=True, job_name='frappe.core.doctype.scheduled_job_type.scheduled_job_type.run_scheduled_jo..., kwargs={'job_type': 'frappe.search.sqlite_search.index_docs_in_queue', 'scheduled_..., method='frappe.core.doctype.scheduled_job_type.scheduled_job_type.run_scheduled_jo..., site='your-site-name.localhost', user='Administrator') (your-site-name.localhost||scheduled_job||51ubu6l9cg)
2026-09-22 16:36:03,274 Successfully completed frappe.utils.background_jobs.execute_job(event=None, is_async=True, job_name='frappe.core.doctype.scheduled_job_type.scheduled_job_type.run_scheduled_jo..., kwargs={'job_type': 'frappe.search.sqlite_search.index_docs_in_queue', 'scheduled_..., method='frappe.core.doctype.scheduled_job_type.scheduled_job_type.run_scheduled_jo..., site='your-site-name.localhost', user='Administrator') job in 0:00:00.265278s on worker f800c15beb474a89ab3b5cf66fe85bac
2026-09-22 16:36:03,274 home-makara-frappe-bench:default: Job OK (your-site-name.localhost||scheduled_job||51ubu6l9cg)
2026-09-22 16:36:03,274 Result is kept for 600 seconds
2026-09-22 16:40:00,743 home-makara-frappe-bench:default: frappe.utils.background_jobs.execute_job(event=None, is_async=True, job_name='frappe.core.doctype.scheduled_job_type.scheduled_job_type.run_scheduled_jo..., kwargs={'job_type': 'frappe.email.queue.flush', 'scheduled_job_type': '51um9eeecb'..., method='frappe.core.doctype.scheduled_job_type.scheduled_job_type.run_scheduled_jo..., site='your-site-name.localhost', user='Administrator') (your-site-name.localhost||scheduled_job||51um9eeecb)
2026-09-22 16:40:01,114 Successfully completed frappe.utils.background_jobs.execute_job(event=None, is_async=True, job_name='frappe.core.doctype.scheduled_job_type.scheduled_job_type.run_scheduled_jo..., kwargs={'job_type': 'frappe.email.queue.flush', 'scheduled_job_type': '51um9eeecb'..., method='frappe.core.doctype.scheduled_job_type.scheduled_job_type.run_scheduled_jo..., site='your-site-name.localhost', user='Administrator') job in 0:00:00.361962s on worker f800c15beb474a89ab3b5cf66fe85bac
2026-09-22 16:40:01,114 home-makara-frappe-bench:default: Job OK (your-site-name.localhost||scheduled_job||51um9eeecb)
2026-09-22 16:40:01,114 Result is kept for 600 seconds
2026-09-22 16:40:01,123 home-makara-frappe-bench:default: frappe.utils.background_jobs.execute_job(event=None, is_async=True, job_name='frappe.core.doctype.scheduled_job_type.scheduled_job_type.run_scheduled_jo..., kwargs={'job_type': 'frappe.monitor.flush', 'scheduled_job_type': '51u5l2o9pg'}, method='frappe.core.doctype.scheduled_job_type.scheduled_job_type.run_scheduled_jo..., site='your-site-name.localhost', user='Administrator') (your-site-name.localhost||scheduled_job||51u5l2o9pg)
2026-09-22 16:40:01,435 Successfully completed frappe.utils.background_jobs.execute_job(event=None, is_async=True, job_name='frappe.core.doctype.scheduled_job_type.scheduled_job_type.run_scheduled_jo..., kwargs={'job_type': 'frappe.monitor.flush', 'scheduled_job_type': '51u5l2o9pg'}, method='frappe.core.doctype.scheduled_job_type.scheduled_job_type.run_scheduled_jo..., site='your-site-name.localhost', user='Administrator') job in 0:00:00.305495s on worker f800c15beb474a89ab3b5cf66fe85bac
2026-09-22 16:40:01,435 home-makara-frappe-bench:default: Job OK (your-site-name.localhost||scheduled_job||51u5l2o9pg)
2026-09-22 16:40:01,436 Result is kept for 600 seconds
2026-09-22 16:40:01,442 home-makara-frappe-bench:default: frappe.utils.background_jobs.execute_job(event=None, is_async=True, job_name='frappe.core.doctype.scheduled_job_type.scheduled_job_type.run_scheduled_jo..., kwargs={'job_type': 'frappe.search.sqlite_search.index_docs_in_queue', 'scheduled_..., method='frappe.core.doctype.scheduled_job_type.scheduled_job_type.run_scheduled_jo..., site='your-site-name.localhost', user='Administrator') (your-site-name.localhost||scheduled_job||51ubu6l9cg)
2026-09-22 16:40:01,735 Successfully completed frappe.utils.background_jobs.execute_job(event=None, is_async=True, job_name='frappe.core.doctype.scheduled_job_type.scheduled_job_type.run_scheduled_jo..., kwargs={'job_type': 'frappe.search.sqlite_search.index_docs_in_queue', 'scheduled_..., method='frappe.core.doctype.scheduled_job_type.scheduled_job_type.run_scheduled_jo..., site='your-site-name.localhost', user='Administrator') job in 0:00:00.285645s on worker f800c15beb474a89ab3b5cf66fe85bac
2026-09-22 16:40:01,735 home-makara-frappe-bench:default: Job OK (your-site-name.localhost||scheduled_job||51ubu6l9cg)
2026-09-22 16:40:01,735 Result is kept for 600 seconds
2026-09-22 16:40:01,743 home-makara-frappe-bench:default: frappe.utils.background_jobs.execute_job(event=None, is_async=True, job_name='frappe.core.doctype.scheduled_job_type.scheduled_job_type.run_scheduled_jo..., kwargs={'job_type': 'frappe.integrations.doctype.webhook.webhook.retry_failed_webh..., method='frappe.core.doctype.scheduled_job_type.scheduled_job_type.run_scheduled_jo..., site='your-site-name.localhost', user='Administrator') (your-site-name.localhost||scheduled_job||51ugekk04n)
2026-09-22 16:40:02,031 Successfully completed frappe.utils.background_jobs.execute_job(event=None, is_async=True, job_name='frappe.core.doctype.scheduled_job_type.scheduled_job_type.run_scheduled_jo..., kwargs={'job_type': 'frappe.integrations.doctype.webhook.webhook.retry_failed_webh..., method='frappe.core.doctype.scheduled_job_type.scheduled_job_type.run_scheduled_jo..., site='your-site-name.localhost', user='Administrator') job in 0:00:00.282103s on worker f800c15beb474a89ab3b5cf66fe85bac
2026-09-22 16:40:02,032 home-makara-frappe-bench:default: Job OK (your-site-name.localhost||scheduled_job||51ugekk04n)
2026-09-22 16:40:02,032 Result is kept for 600 seconds
2026-09-22 16:40:02,040 home-makara-frappe-bench:default: frappe.utils.background_jobs.execute_job(event=None, is_async=True, job_name='frappe.core.doctype.scheduled_job_type.scheduled_job_type.run_scheduled_jo..., kwargs={'job_type': 'frappe.email.queue.retry_sending_emails', 'scheduled_job_type..., method='frappe.core.doctype.scheduled_job_type.scheduled_job_type.run_scheduled_jo..., site='your-site-name.localhost', user='Administrator') (your-site-name.localhost||scheduled_job||51uv7phrm7)
2026-09-22 16:40:02,353 Successfully completed frappe.utils.background_jobs.execute_job(event=None, is_async=True, job_name='frappe.core.doctype.scheduled_job_type.scheduled_job_type.run_scheduled_jo..., kwargs={'job_type': 'frappe.email.queue.retry_sending_emails', 'scheduled_job_type..., method='frappe.core.doctype.scheduled_job_type.scheduled_job_type.run_scheduled_jo..., site='your-site-name.localhost', user='Administrator') job in 0:00:00.305460s on worker f800c15beb474a89ab3b5cf66fe85bac
2026-09-22 16:40:02,353 home-makara-frappe-bench:default: Job OK (your-site-name.localhost||scheduled_job||51uv7phrm7)
2026-09-22 16:40:02,353 Result is kept for 600 seconds
2026-09-22 16:40:02,361 home-makara-frappe-bench:default: frappe.utils.background_jobs.execute_job(event=None, is_async=True, job_name='frappe.core.doctype.scheduled_job_type.scheduled_job_type.run_scheduled_jo..., kwargs={'job_type': 'frappe.automation_engine.drainer.drain_due', 'scheduled_job_t..., method='frappe.core.doctype.scheduled_job_type.scheduled_job_type.run_scheduled_jo..., site='your-site-name.localhost', user='Administrator') (your-site-name.localhost||scheduled_job||51u0dpk9ai)
2026-09-22 16:40:02,660 Successfully completed frappe.utils.background_jobs.execute_job(event=None, is_async=True, job_name='frappe.core.doctype.scheduled_job_type.scheduled_job_type.run_scheduled_jo..., kwargs={'job_type': 'frappe.automation_engine.drainer.drain_due', 'scheduled_job_t..., method='frappe.core.doctype.scheduled_job_type.scheduled_job_type.run_scheduled_jo..., site='your-site-name.localhost', user='Administrator') job in 0:00:00.292361s on worker f800c15beb474a89ab3b5cf66fe85bac
2026-09-22 16:40:02,660 home-makara-frappe-bench:default: Job OK (your-site-name.localhost||scheduled_job||51u0dpk9ai)
2026-09-22 16:40:02,660 Result is kept for 600 seconds
2026-09-22 16:40:02,667 home-makara-frappe-bench:default: frappe.utils.background_jobs.execute_job(event=None, is_async=True, job_name='frappe.core.doctype.scheduled_job_type.scheduled_job_type.run_scheduled_jo..., kwargs={'job_type': 'frappe.integrations.doctype.google_calendar.google_calendar.s..., method='frappe.core.doctype.scheduled_job_type.scheduled_job_type.run_scheduled_jo..., site='your-site-name.localhost', user='Administrator') (your-site-name.localhost||scheduled_job||51u2s8slv0)
2026-09-22 16:40:02,969 Successfully completed frappe.utils.background_jobs.execute_job(event=None, is_async=True, job_name='frappe.core.doctype.scheduled_job_type.scheduled_job_type.run_scheduled_jo..., kwargs={'job_type': 'frappe.integrations.doctype.google_calendar.google_calendar.s..., method='frappe.core.doctype.scheduled_job_type.scheduled_job_type.run_scheduled_jo..., site='your-site-name.localhost', user='Administrator') job in 0:00:00.294150s on worker f800c15beb474a89ab3b5cf66fe85bac
2026-09-22 16:40:02,969 home-makara-frappe-bench:default: Job OK (your-site-name.localhost||scheduled_job||51u2s8slv0)
2026-09-22 16:40:02,969 Result is kept for 600 seconds
2026-09-22 16:40:02,976 home-makara-frappe-bench:default: frappe.utils.background_jobs.execute_job(event=None, is_async=True, job_name='frappe.core.doctype.scheduled_job_type.scheduled_job_type.run_scheduled_jo..., kwargs={'job_type': 'frappe.automation_engine.scheduler.process_cron', 'scheduled_..., method='frappe.core.doctype.scheduled_job_type.scheduled_job_type.run_scheduled_jo..., site='your-site-name.localhost', user='Administrator') (your-site-name.localhost||scheduled_job||51u6ep6oat)
2026-09-22 16:40:03,269 Successfully completed frappe.utils.background_jobs.execute_job(event=None, is_async=True, job_name='frappe.core.doctype.scheduled_job_type.scheduled_job_type.run_scheduled_jo..., kwargs={'job_type': 'frappe.automation_engine.scheduler.process_cron', 'scheduled_..., method='frappe.core.doctype.scheduled_job_type.scheduled_job_type.run_scheduled_jo..., site='your-site-name.localhost', user='Administrator') job in 0:00:00.285284s on worker f800c15beb474a89ab3b5cf66fe85bac
2026-09-22 16:40:03,269 home-makara-frappe-bench:default: Job OK (your-site-name.localhost||scheduled_job||51u6ep6oat)
2026-09-22 16:40:03,269 Result is kept for 600 seconds
2026-09-22 16:40:03,276 home-makara-frappe-bench:default: frappe.utils.background_jobs.execute_job(event=None, is_async=True, job_name='frappe.core.doctype.scheduled_job_type.scheduled_job_type.run_scheduled_jo..., kwargs={'job_type': 'frappe.email.doctype.notification.notification.trigger_offset..., method='frappe.core.doctype.scheduled_job_type.scheduled_job_type.run_scheduled_jo..., site='your-site-name.localhost', user='Administrator') (your-site-name.localhost||scheduled_job||51ujdm2d34)
2026-09-22 16:40:03,578 Successfully completed frappe.utils.background_jobs.execute_job(event=None, is_async=True, job_name='frappe.core.doctype.scheduled_job_type.scheduled_job_type.run_scheduled_jo..., kwargs={'job_type': 'frappe.email.doctype.notification.notification.trigger_offset..., method='frappe.core.doctype.scheduled_job_type.scheduled_job_type.run_scheduled_jo..., site='your-site-name.localhost', user='Administrator') job in 0:00:00.295405s on worker f800c15beb474a89ab3b5cf66fe85bac
2026-09-22 16:40:03,579 home-makara-frappe-bench:default: Job OK (your-site-name.localhost||scheduled_job||51ujdm2d34)
2026-09-22 16:40:03,579 Result is kept for 600 seconds
2026-09-22 16:40:03,585 home-makara-frappe-bench:default: frappe.utils.background_jobs.execute_job(event=None, is_async=True, job_name='frappe.core.doctype.scheduled_job_type.scheduled_job_type.run_scheduled_jo..., kwargs={'job_type': 'frappe.email.doctype.email_account.email_account.pull', 'sche..., method='frappe.core.doctype.scheduled_job_type.scheduled_job_type.run_scheduled_jo..., site='your-site-name.localhost', user='Administrator') (your-site-name.localhost||scheduled_job||51u4simu78)
2026-09-22 16:40:03,898 Successfully completed frappe.utils.background_jobs.execute_job(event=None, is_async=True, job_name='frappe.core.doctype.scheduled_job_type.scheduled_job_type.run_scheduled_jo..., kwargs={'job_type': 'frappe.email.doctype.email_account.email_account.pull', 'sche..., method='frappe.core.doctype.scheduled_job_type.scheduled_job_type.run_scheduled_jo..., site='your-site-name.localhost', user='Administrator') job in 0:00:00.306708s on worker f800c15beb474a89ab3b5cf66fe85bac
2026-09-22 16:40:03,899 home-makara-frappe-bench:default: Job OK (your-site-name.localhost||scheduled_job||51u4simu78)
2026-09-22 16:40:03,899 Result is kept for 600 seconds
2026-09-22 16:44:00,782 home-makara-frappe-bench:default: frappe.utils.background_jobs.execute_job(event=None, is_async=True, job_name='frappe.core.doctype.scheduled_job_type.scheduled_job_type.run_scheduled_jo..., kwargs={'job_type': 'frappe.email.queue.retry_sending_emails', 'scheduled_job_type..., method='frappe.core.doctype.scheduled_job_type.scheduled_job_type.run_scheduled_jo..., site='your-site-name.localhost', user='Administrator') (your-site-name.localhost||scheduled_job||51uv7phrm7)
2026-09-22 16:44:01,100 Successfully completed frappe.utils.background_jobs.execute_job(event=None, is_async=True, job_name='frappe.core.doctype.scheduled_job_type.scheduled_job_type.run_scheduled_jo..., kwargs={'job_type': 'frappe.email.queue.retry_sending_emails', 'scheduled_job_type..., method='frappe.core.doctype.scheduled_job_type.scheduled_job_type.run_scheduled_jo..., site='your-site-name.localhost', user='Administrator') job in 0:00:00.308061s on worker f800c15beb474a89ab3b5cf66fe85bac
2026-09-22 16:44:01,100 home-makara-frappe-bench:default: Job OK (your-site-name.localhost||scheduled_job||51uv7phrm7)
2026-09-22 16:44:01,100 Result is kept for 600 seconds
2026-09-22 16:44:01,108 home-makara-frappe-bench:default: frappe.utils.background_jobs.execute_job(event=None, is_async=True, job_name='frappe.core.doctype.scheduled_job_type.scheduled_job_type.run_scheduled_jo..., kwargs={'job_type': 'frappe.monitor.flush', 'scheduled_job_type': '51u5l2o9pg'}, method='frappe.core.doctype.scheduled_job_type.scheduled_job_type.run_scheduled_jo..., site='your-site-name.localhost', user='Administrator') (your-site-name.localhost||scheduled_job||51u5l2o9pg)
2026-09-22 16:44:01,430 Successfully completed frappe.utils.background_jobs.execute_job(event=None, is_async=True, job_name='frappe.core.doctype.scheduled_job_type.scheduled_job_type.run_scheduled_jo..., kwargs={'job_type': 'frappe.monitor.flush', 'scheduled_job_type': '51u5l2o9pg'}, method='frappe.core.doctype.scheduled_job_type.scheduled_job_type.run_scheduled_jo..., site='your-site-name.localhost', user='Administrator') job in 0:00:00.314703s on worker f800c15beb474a89ab3b5cf66fe85bac
2026-09-22 16:44:01,430 home-makara-frappe-bench:default: Job OK (your-site-name.localhost||scheduled_job||51u5l2o9pg)
2026-09-22 16:44:01,430 Result is kept for 600 seconds
2026-09-22 16:44:01,438 home-makara-frappe-bench:default: frappe.utils.background_jobs.execute_job(event=None, is_async=True, job_name='frappe.core.doctype.scheduled_job_type.scheduled_job_type.run_scheduled_jo..., kwargs={'job_type': 'frappe.email.queue.flush', 'scheduled_job_type': '51um9eeecb'..., method='frappe.core.doctype.scheduled_job_type.scheduled_job_type.run_scheduled_jo..., site='your-site-name.localhost', user='Administrator') (your-site-name.localhost||scheduled_job||51um9eeecb)
2026-09-22 16:44:01,781 Successfully completed frappe.utils.background_jobs.execute_job(event=None, is_async=True, job_name='frappe.core.doctype.scheduled_job_type.scheduled_job_type.run_scheduled_jo..., kwargs={'job_type': 'frappe.email.queue.flush', 'scheduled_job_type': '51um9eeecb'..., method='frappe.core.doctype.scheduled_job_type.scheduled_job_type.run_scheduled_jo..., site='your-site-name.localhost', user='Administrator') job in 0:00:00.335711s on worker f800c15beb474a89ab3b5cf66fe85bac
2026-09-22 16:44:01,781 home-makara-frappe-bench:default: Job OK (your-site-name.localhost||scheduled_job||51um9eeecb)
2026-09-22 16:44:01,781 Result is kept for 600 seconds
2026-09-22 16:44:01,788 home-makara-frappe-bench:default: frappe.utils.background_jobs.execute_job(event=None, is_async=True, job_name='frappe.core.doctype.scheduled_job_type.scheduled_job_type.run_scheduled_jo..., kwargs={'job_type': 'frappe.integrations.doctype.google_calendar.google_calendar.s..., method='frappe.core.doctype.scheduled_job_type.scheduled_job_type.run_scheduled_jo..., site='your-site-name.localhost', user='Administrator') (your-site-name.localhost||scheduled_job||51u2s8slv0)
2026-09-22 16:44:02,065 Successfully completed frappe.utils.background_jobs.execute_job(event=None, is_async=True, job_name='frappe.core.doctype.scheduled_job_type.scheduled_job_type.run_scheduled_jo..., kwargs={'job_type': 'frappe.integrations.doctype.google_calendar.google_calendar.s..., method='frappe.core.doctype.scheduled_job_type.scheduled_job_type.run_scheduled_jo..., site='your-site-name.localhost', user='Administrator') job in 0:00:00.270933s on worker f800c15beb474a89ab3b5cf66fe85bac
2026-09-22 16:44:02,066 home-makara-frappe-bench:default: Job OK (your-site-name.localhost||scheduled_job||51u2s8slv0)
2026-09-22 16:44:02,066 Result is kept for 600 seconds
2026-09-22 16:48:00,898 home-makara-frappe-bench:default: frappe.utils.background_jobs.execute_job(event=None, is_async=True, job_name='frappe.core.doctype.scheduled_job_type.scheduled_job_type.run_scheduled_jo..., kwargs={'job_type': 'frappe.utils.global_search.sync_global_search', 'scheduled_jo..., method='frappe.core.doctype.scheduled_job_type.scheduled_job_type.run_scheduled_jo..., site='your-site-name.localhost', user='Administrator') (your-site-name.localhost||scheduled_job||51ul1o6qkh)
2026-09-22 16:48:01,967 Successfully completed frappe.utils.background_jobs.execute_job(event=None, is_async=True, job_name='frappe.core.doctype.scheduled_job_type.scheduled_job_type.run_scheduled_jo..., kwargs={'job_type': 'frappe.utils.global_search.sync_global_search', 'scheduled_jo..., method='frappe.core.doctype.scheduled_job_type.scheduled_job_type.run_scheduled_jo..., site='your-site-name.localhost', user='Administrator') job in 0:00:01.017978s on worker f800c15beb474a89ab3b5cf66fe85bac
2026-09-22 16:48:01,968 home-makara-frappe-bench:default: Job OK (your-site-name.localhost||scheduled_job||51ul1o6qkh)
2026-09-22 16:48:01,968 Result is kept for 600 seconds
2026-09-22 16:48:01,980 Worker f800c15beb474a89ab3b5cf66fe85bac: cleaning registries for queue: home-makara-frappe-bench:short
2026-09-22 16:48:01,981 Worker f800c15beb474a89ab3b5cf66fe85bac: cleaning registries for queue: home-makara-frappe-bench:default
2026-09-22 16:48:01,983 Worker f800c15beb474a89ab3b5cf66fe85bac: cleaning registries for queue: home-makara-frappe-bench:long
2026-09-22 16:48:01,990 home-makara-frappe-bench:default: frappe.utils.background_jobs.execute_job(event=None, is_async=True, job_name='frappe.core.doctype.scheduled_job_type.scheduled_job_type.run_scheduled_jo..., kwargs={'job_type': 'frappe.integrations.doctype.webhook.webhook.retry_failed_webh..., method='frappe.core.doctype.scheduled_job_type.scheduled_job_type.run_scheduled_jo..., site='your-site-name.localhost', user='Administrator') (your-site-name.localhost||scheduled_job||51ugekk04n)
2026-09-22 16:48:02,321 Successfully completed frappe.utils.background_jobs.execute_job(event=None, is_async=True, job_name='frappe.core.doctype.scheduled_job_type.scheduled_job_type.run_scheduled_jo..., kwargs={'job_type': 'frappe.integrations.doctype.webhook.webhook.retry_failed_webh..., method='frappe.core.doctype.scheduled_job_type.scheduled_job_type.run_scheduled_jo..., site='your-site-name.localhost', user='Administrator') job in 0:00:00.324629s on worker f800c15beb474a89ab3b5cf66fe85bac
2026-09-22 16:48:02,321 home-makara-frappe-bench:default: Job OK (your-site-name.localhost||scheduled_job||51ugekk04n)
2026-09-22 16:48:02,322 Result is kept for 600 seconds
2026-09-22 16:48:02,329 home-makara-frappe-bench:default: frappe.utils.background_jobs.execute_job(event=None, is_async=True, job_name='frappe.core.doctype.scheduled_job_type.scheduled_job_type.run_scheduled_jo..., kwargs={'job_type': 'frappe.email.doctype.notification.notification.trigger_offset..., method='frappe.core.doctype.scheduled_job_type.scheduled_job_type.run_scheduled_jo..., site='your-site-name.localhost', user='Administrator') (your-site-name.localhost||scheduled_job||51ujdm2d34)
2026-09-22 16:48:02,640 Successfully completed frappe.utils.background_jobs.execute_job(event=None, is_async=True, job_name='frappe.core.doctype.scheduled_job_type.scheduled_job_type.run_scheduled_jo..., kwargs={'job_type': 'frappe.email.doctype.notification.notification.trigger_offset..., method='frappe.core.doctype.scheduled_job_type.scheduled_job_type.run_scheduled_jo..., site='your-site-name.localhost', user='Administrator') job in 0:00:00.304151s on worker f800c15beb474a89ab3b5cf66fe85bac
2026-09-22 16:48:02,640 home-makara-frappe-bench:default: Job OK (your-site-name.localhost||scheduled_job||51ujdm2d34)
2026-09-22 16:48:02,640 Result is kept for 600 seconds
2026-09-22 16:48:02,647 home-makara-frappe-bench:default: frappe.utils.background_jobs.execute_job(event=None, is_async=True, job_name='frappe.core.doctype.scheduled_job_type.scheduled_job_type.run_scheduled_jo..., kwargs={'job_type': 'frappe.email.queue.flush', 'scheduled_job_type': '51um9eeecb'..., method='frappe.core.doctype.scheduled_job_type.scheduled_job_type.run_scheduled_jo..., site='your-site-name.localhost', user='Administrator') (your-site-name.localhost||scheduled_job||51um9eeecb)
2026-09-22 16:48:02,980 Successfully completed frappe.utils.background_jobs.execute_job(event=None, is_async=True, job_name='frappe.core.doctype.scheduled_job_type.scheduled_job_type.run_scheduled_jo..., kwargs={'job_type': 'frappe.email.queue.flush', 'scheduled_job_type': '51um9eeecb'..., method='frappe.core.doctype.scheduled_job_type.scheduled_job_type.run_scheduled_jo..., site='your-site-name.localhost', user='Administrator') job in 0:00:00.320803s on worker f800c15beb474a89ab3b5cf66fe85bac
2026-09-22 16:48:02,981 home-makara-frappe-bench:default: Job OK (your-site-name.localhost||scheduled_job||51um9eeecb)
2026-09-22 16:48:02,981 Result is kept for 600 seconds
2026-09-22 16:48:02,989 home-makara-frappe-bench:default: frappe.utils.background_jobs.execute_job(event=None, is_async=True, job_name='frappe.core.doctype.scheduled_job_type.scheduled_job_type.run_scheduled_jo..., kwargs={'job_type': 'frappe.search.sqlite_search.index_docs_in_queue', 'scheduled_..., method='frappe.core.doctype.scheduled_job_type.scheduled_job_type.run_scheduled_jo..., site='your-site-name.localhost', user='Administrator') (your-site-name.localhost||scheduled_job||51ubu6l9cg)
2026-09-22 16:48:03,268 Successfully completed frappe.utils.background_jobs.execute_job(event=None, is_async=True, job_name='frappe.core.doctype.scheduled_job_type.scheduled_job_type.run_scheduled_jo..., kwargs={'job_type': 'frappe.search.sqlite_search.index_docs_in_queue', 'scheduled_..., method='frappe.core.doctype.scheduled_job_type.scheduled_job_type.run_scheduled_jo..., site='your-site-name.localhost', user='Administrator') job in 0:00:00.272333s on worker f800c15beb474a89ab3b5cf66fe85bac
2026-09-22 16:48:03,268 home-makara-frappe-bench:default: Job OK (your-site-name.localhost||scheduled_job||51ubu6l9cg)
2026-09-22 16:48:03,268 Result is kept for 600 seconds
2026-09-22 16:48:03,276 home-makara-frappe-bench:default: frappe.utils.background_jobs.execute_job(event=None, is_async=True, job_name='frappe.core.doctype.scheduled_job_type.scheduled_job_type.run_scheduled_jo..., kwargs={'job_type': 'frappe.integrations.doctype.google_calendar.google_calendar.s..., method='frappe.core.doctype.scheduled_job_type.scheduled_job_type.run_scheduled_jo..., site='your-site-name.localhost', user='Administrator') (your-site-name.localhost||scheduled_job||51u2s8slv0)
2026-09-22 16:48:03,619 Successfully completed frappe.utils.background_jobs.execute_job(event=None, is_async=True, job_name='frappe.core.doctype.scheduled_job_type.scheduled_job_type.run_scheduled_jo..., kwargs={'job_type': 'frappe.integrations.doctype.google_calendar.google_calendar.s..., method='frappe.core.doctype.scheduled_job_type.scheduled_job_type.run_scheduled_jo..., site='your-site-name.localhost', user='Administrator') job in 0:00:00.336321s on worker f800c15beb474a89ab3b5cf66fe85bac
2026-09-22 16:48:03,619 home-makara-frappe-bench:default: Job OK (your-site-name.localhost||scheduled_job||51u2s8slv0)
2026-09-22 16:48:03,619 Result is kept for 600 seconds
2026-09-22 16:48:03,630 home-makara-frappe-bench:default: frappe.utils.background_jobs.execute_job(event=None, is_async=True, job_name='frappe.core.doctype.scheduled_job_type.scheduled_job_type.run_scheduled_jo..., kwargs={'job_type': 'frappe.email.queue.retry_sending_emails', 'scheduled_job_type..., method='frappe.core.doctype.scheduled_job_type.scheduled_job_type.run_scheduled_jo..., site='your-site-name.localhost', user='Administrator') (your-site-name.localhost||scheduled_job||51uv7phrm7)
2026-09-22 16:48:04,009 Successfully completed frappe.utils.background_jobs.execute_job(event=None, is_async=True, job_name='frappe.core.doctype.scheduled_job_type.scheduled_job_type.run_scheduled_jo..., kwargs={'job_type': 'frappe.email.queue.retry_sending_emails', 'scheduled_job_type..., method='frappe.core.doctype.scheduled_job_type.scheduled_job_type.run_scheduled_jo..., site='your-site-name.localhost', user='Administrator') job in 0:00:00.369405s on worker f800c15beb474a89ab3b5cf66fe85bac
2026-09-22 16:48:04,009 home-makara-frappe-bench:default: Job OK (your-site-name.localhost||scheduled_job||51uv7phrm7)
2026-09-22 16:48:04,009 Result is kept for 600 seconds
2026-09-22 16:48:04,021 home-makara-frappe-bench:default: frappe.utils.background_jobs.execute_job(event=None, is_async=True, job_name='frappe.core.doctype.scheduled_job_type.scheduled_job_type.run_scheduled_jo..., kwargs={'job_type': 'frappe.automation_engine.drainer.drain_due', 'scheduled_job_t..., method='frappe.core.doctype.scheduled_job_type.scheduled_job_type.run_scheduled_jo..., site='your-site-name.localhost', user='Administrator') (your-site-name.localhost||scheduled_job||51u0dpk9ai)
2026-09-22 16:48:04,355 Successfully completed frappe.utils.background_jobs.execute_job(event=None, is_async=True, job_name='frappe.core.doctype.scheduled_job_type.scheduled_job_type.run_scheduled_jo..., kwargs={'job_type': 'frappe.automation_engine.drainer.drain_due', 'scheduled_job_t..., method='frappe.core.doctype.scheduled_job_type.scheduled_job_type.run_scheduled_jo..., site='your-site-name.localhost', user='Administrator') job in 0:00:00.325450s on worker f800c15beb474a89ab3b5cf66fe85bac
2026-09-22 16:48:04,356 home-makara-frappe-bench:default: Job OK (your-site-name.localhost||scheduled_job||51u0dpk9ai)
2026-09-22 16:48:04,356 Result is kept for 600 seconds
2026-09-22 16:48:04,364 home-makara-frappe-bench:default: frappe.utils.background_jobs.execute_job(event=None, is_async=True, job_name='frappe.core.doctype.scheduled_job_type.scheduled_job_type.run_scheduled_jo..., kwargs={'job_type': 'frappe.deferred_insert.save_to_db', 'scheduled_job_type': '51..., method='frappe.core.doctype.scheduled_job_type.scheduled_job_type.run_scheduled_jo..., site='your-site-name.localhost', user='Administrator') (your-site-name.localhost||scheduled_job||51umjnqrgr)
2026-09-22 16:48:04,728 Successfully completed frappe.utils.background_jobs.execute_job(event=None, is_async=True, job_name='frappe.core.doctype.scheduled_job_type.scheduled_job_type.run_scheduled_jo..., kwargs={'job_type': 'frappe.deferred_insert.save_to_db', 'scheduled_job_type': '51..., method='frappe.core.doctype.scheduled_job_type.scheduled_job_type.run_scheduled_jo..., site='your-site-name.localhost', user='Administrator') job in 0:00:00.356065s on worker f800c15beb474a89ab3b5cf66fe85bac
2026-09-22 16:48:04,728 home-makara-frappe-bench:default: Job OK (your-site-name.localhost||scheduled_job||51umjnqrgr)
2026-09-22 16:48:04,729 Result is kept for 600 seconds
2026-09-22 16:48:04,736 home-makara-frappe-bench:default: frappe.utils.background_jobs.execute_job(event=None, is_async=True, job_name='frappe.core.doctype.scheduled_job_type.scheduled_job_type.run_scheduled_jo..., kwargs={'job_type': 'frappe.utils.telemetry.pulse.client.send_queued_events', 'sch..., method='frappe.core.doctype.scheduled_job_type.scheduled_job_type.run_scheduled_jo..., site='your-site-name.localhost', user='Administrator') (your-site-name.localhost||scheduled_job||51ub742nv9)
2026-09-22 16:48:05,034 Successfully completed frappe.utils.background_jobs.execute_job(event=None, is_async=True, job_name='frappe.core.doctype.scheduled_job_type.scheduled_job_type.run_scheduled_jo..., kwargs={'job_type': 'frappe.utils.telemetry.pulse.client.send_queued_events', 'sch..., method='frappe.core.doctype.scheduled_job_type.scheduled_job_type.run_scheduled_jo..., site='your-site-name.localhost', user='Administrator') job in 0:00:00.290963s on worker f800c15beb474a89ab3b5cf66fe85bac
2026-09-22 16:48:05,034 home-makara-frappe-bench:default: Job OK (your-site-name.localhost||scheduled_job||51ub742nv9)
2026-09-22 16:48:05,034 Result is kept for 600 seconds
2026-09-22 16:48:05,042 home-makara-frappe-bench:default: frappe.utils.background_jobs.execute_job(event=None, is_async=True, job_name='frappe.core.doctype.scheduled_job_type.scheduled_job_type.run_scheduled_jo..., kwargs={'job_type': 'frappe.automation.doctype.reminder.reminder.send_reminders', ..., method='frappe.core.doctype.scheduled_job_type.scheduled_job_type.run_scheduled_jo..., site='your-site-name.localhost', user='Administrator') (your-site-name.localhost||scheduled_job||51ujogtifi)
2026-09-22 16:48:05,352 Successfully completed frappe.utils.background_jobs.execute_job(event=None, is_async=True, job_name='frappe.core.doctype.scheduled_job_type.scheduled_job_type.run_scheduled_jo..., kwargs={'job_type': 'frappe.automation.doctype.reminder.reminder.send_reminders', ..., method='frappe.core.doctype.scheduled_job_type.scheduled_job_type.run_scheduled_jo..., site='your-site-name.localhost', user='Administrator') job in 0:00:00.302954s on worker f800c15beb474a89ab3b5cf66fe85bac
2026-09-22 16:48:05,352 home-makara-frappe-bench:default: Job OK (your-site-name.localhost||scheduled_job||51ujogtifi)
2026-09-22 16:48:05,352 Result is kept for 600 seconds
2026-09-22 16:48:05,360 home-makara-frappe-bench:default: frappe.utils.background_jobs.execute_job(event=None, is_async=True, job_name='frappe.core.doctype.scheduled_job_type.scheduled_job_type.run_scheduled_jo..., kwargs={'job_type': 'frappe.model.utils.link_count.update_link_count', 'scheduled_..., method='frappe.core.doctype.scheduled_job_type.scheduled_job_type.run_scheduled_jo..., site='your-site-name.localhost', user='Administrator') (your-site-name.localhost||scheduled_job||51utqpe235)
2026-09-22 16:48:05,652 Successfully completed frappe.utils.background_jobs.execute_job(event=None, is_async=True, job_name='frappe.core.doctype.scheduled_job_type.scheduled_job_type.run_scheduled_jo..., kwargs={'job_type': 'frappe.model.utils.link_count.update_link_count', 'scheduled_..., method='frappe.core.doctype.scheduled_job_type.scheduled_job_type.run_scheduled_jo..., site='your-site-name.localhost', user='Administrator') job in 0:00:00.285417s on worker f800c15beb474a89ab3b5cf66fe85bac
2026-09-22 16:48:05,653 home-makara-frappe-bench:default: Job OK (your-site-name.localhost||scheduled_job||51utqpe235)
2026-09-22 16:48:05,653 Result is kept for 600 seconds
2026-09-22 16:48:05,663 home-makara-frappe-bench:default: frappe.utils.background_jobs.execute_job(event=None, is_async=True, job_name='frappe.core.doctype.scheduled_job_type.scheduled_job_type.run_scheduled_jo..., kwargs={'job_type': 'frappe.email.doctype.email_account.email_account.notify_unrep..., method='frappe.core.doctype.scheduled_job_type.scheduled_job_type.run_scheduled_jo..., site='your-site-name.localhost', user='Administrator') (your-site-name.localhost||scheduled_job||51utl79ueh)
2026-09-22 16:48:05,980 Successfully completed frappe.utils.background_jobs.execute_job(event=None, is_async=True, job_name='frappe.core.doctype.scheduled_job_type.scheduled_job_type.run_scheduled_jo..., kwargs={'job_type': 'frappe.email.doctype.email_account.email_account.notify_unrep..., method='frappe.core.doctype.scheduled_job_type.scheduled_job_type.run_scheduled_jo..., site='your-site-name.localhost', user='Administrator') job in 0:00:00.310063s on worker f800c15beb474a89ab3b5cf66fe85bac
2026-09-22 16:48:05,980 home-makara-frappe-bench:default: Job OK (your-site-name.localhost||scheduled_job||51utl79ueh)
2026-09-22 16:48:05,980 Result is kept for 600 seconds
2026-09-22 16:48:05,988 home-makara-frappe-bench:default: frappe.utils.background_jobs.execute_job(event=None, is_async=True, job_name='frappe.core.doctype.scheduled_job_type.scheduled_job_type.run_scheduled_jo..., kwargs={'job_type': 'frappe.monitor.flush', 'scheduled_job_type': '51u5l2o9pg'}, method='frappe.core.doctype.scheduled_job_type.scheduled_job_type.run_scheduled_jo..., site='your-site-name.localhost', user='Administrator') (your-site-name.localhost||scheduled_job||51u5l2o9pg)
2026-09-22 16:48:06,298 Successfully completed frappe.utils.background_jobs.execute_job(event=None, is_async=True, job_name='frappe.core.doctype.scheduled_job_type.scheduled_job_type.run_scheduled_jo..., kwargs={'job_type': 'frappe.monitor.flush', 'scheduled_job_type': '51u5l2o9pg'}, method='frappe.core.doctype.scheduled_job_type.scheduled_job_type.run_scheduled_jo..., site='your-site-name.localhost', user='Administrator') job in 0:00:00.302499s on worker f800c15beb474a89ab3b5cf66fe85bac
2026-09-22 16:48:06,298 home-makara-frappe-bench:default: Job OK (your-site-name.localhost||scheduled_job||51u5l2o9pg)
2026-09-22 16:48:06,298 Result is kept for 600 seconds
2026-09-22 16:48:06,305 home-makara-frappe-bench:default: frappe.utils.background_jobs.execute_job(event=None, is_async=True, job_name='frappe.core.doctype.scheduled_job_type.scheduled_job_type.run_scheduled_jo..., kwargs={'job_type': 'frappe.automation_engine.scheduler.process_cron', 'scheduled_..., method='frappe.core.doctype.scheduled_job_type.scheduled_job_type.run_scheduled_jo..., site='your-site-name.localhost', user='Administrator') (your-site-name.localhost||scheduled_job||51u6ep6oat)
2026-09-22 16:48:06,631 Successfully completed frappe.utils.background_jobs.execute_job(event=None, is_async=True, job_name='frappe.core.doctype.scheduled_job_type.scheduled_job_type.run_scheduled_jo..., kwargs={'job_type': 'frappe.automation_engine.scheduler.process_cron', 'scheduled_..., method='frappe.core.doctype.scheduled_job_type.scheduled_job_type.run_scheduled_jo..., site='your-site-name.localhost', user='Administrator') job in 0:00:00.318922s on worker f800c15beb474a89ab3b5cf66fe85bac
2026-09-22 16:48:06,631 home-makara-frappe-bench:default: Job OK (your-site-name.localhost||scheduled_job||51u6ep6oat)
2026-09-22 16:48:06,631 Result is kept for 600 seconds
2026-09-22 16:48:44,240 Worker f800c15beb474a89ab3b5cf66fe85bac [PID 22937]: warm shut down requested
2026-09-22 16:48:44,249 Worker f800c15beb474a89ab3b5cf66fe85bac: unsubscribing from channel rq:pubsub:f800c15beb474a89ab3b5cf66fe85bac
2026-09-22 16:48:59,605 Worker 6b88b534de3c49899f109df35a6c3893: started with PID 41024, version 2.6.1
2026-09-22 16:48:59,605 Worker 6b88b534de3c49899f109df35a6c3893: subscribing to channel rq:pubsub:6b88b534de3c49899f109df35a6c3893
2026-09-22 16:48:59,607 *** Listening on home-makara-frappe-bench:short, home-makara-frappe-bench:default, home-makara-frappe-bench:long...
2026-09-22 16:48:59,607 Worker 6b88b534de3c49899f109df35a6c3893: cleaning registries for queue: home-makara-frappe-bench:short
2026-09-22 16:48:59,609 Worker 6b88b534de3c49899f109df35a6c3893: cleaning registries for queue: home-makara-frappe-bench:default
2026-09-22 16:48:59,611 Worker 6b88b534de3c49899f109df35a6c3893: cleaning registries for queue: home-makara-frappe-bench:long
2026-09-22 16:50:48,622 Worker 6b88b534de3c49899f109df35a6c3893 [PID 41024]: warm shut down requested
Traceback (most recent call last):
  File "/home/makara/frappe-bench/env/lib/python3.14/site-packages/redis/connection.py", line 855, in connect_check_health
    sock = self.retry.call_with_retry(
        lambda: self._connect(), lambda error: self.disconnect(error)
    )
  File "/home/makara/frappe-bench/env/lib/python3.14/site-packages/redis/retry.py", line 116, in call_with_retry
    return do()
  File "/home/makara/frappe-bench/env/lib/python3.14/site-packages/redis/connection.py", line 856, in <lambda>
    lambda: self._connect(), lambda error: self.disconnect(error)
            ~~~~~~~~~~~~~^^
  File "/home/makara/frappe-bench/env/lib/python3.14/site-packages/redis/connection.py", line 1306, in _connect
    raise err
  File "/home/makara/frappe-bench/env/lib/python3.14/site-packages/redis/connection.py", line 1290, in _connect
    sock.connect(socket_address)
    ~~~~~~~~~~~~^^^^^^^^^^^^^^^^
ConnectionRefusedError: [Errno 111] Connection refused

During handling of the above exception, another exception occurred:

Traceback (most recent call last):
  File "/home/makara/frappe-bench/apps/frappe/frappe/utils/bench_helper.py", line 57, in invoke
    return super().invoke(ctx)
           ~~~~~~~~~~~~~~^^^^^
  File "/home/makara/frappe-bench/env/lib/python3.14/site-packages/click/core.py", line 1970, in invoke
    return _process_result(sub_ctx.command.invoke(sub_ctx))
                           ~~~~~~~~~~~~~~~~~~~~~~^^^^^^^^^
  File "/home/makara/frappe-bench/env/lib/python3.14/site-packages/click/core.py", line 1353, in invoke
    return ctx.invoke(self.callback, **ctx.params)
           ~~~~~~~~~~^^^^^^^^^^^^^^^^^^^^^^^^^^^^^
  File "/home/makara/frappe-bench/env/lib/python3.14/site-packages/click/core.py", line 907, in invoke
    return callback(*args, **kwargs)
  File "/home/makara/frappe-bench/apps/frappe/frappe/commands/scheduler.py", line 206, in start_worker
    start_worker(
    ~~~~~~~~~~~~^
    	queue,
     ^^^^^^
    ...<4 lines>...
    	strategy=strategy,
     ^^^^^^^^^^^^^^^^^^
    )
    ^
  File "/home/makara/frappe-bench/apps/frappe/frappe/utils/background_jobs.py", line 429, in start_worker
    worker.work(
    ~~~~~~~~~~~^
    	logging_level=logging_level,
     ^^^^^^^^^^^^^^^^^^^^^^^^^^^^
    ...<4 lines>...
    	with_scheduler=False,
     ^^^^^^^^^^^^^^^^^^^^^
    )
    ^
  File "/home/makara/frappe-bench/env/lib/python3.14/site-packages/rq/worker.py", line 631, in work
    self.teardown()
    ~~~~~~~~~~~~~^^
  File "/home/makara/frappe-bench/env/lib/python3.14/site-packages/rq/worker.py", line 1150, in teardown
    self.register_death()
    ~~~~~~~~~~~~~~~~~~~^^
  File "/home/makara/frappe-bench/env/lib/python3.14/site-packages/rq/worker.py", line 885, in register_death
    p.execute()
    ~~~~~~~~~^^
  File "/home/makara/frappe-bench/env/lib/python3.14/site-packages/redis/client.py", line 1687, in execute
    conn = self.connection_pool.get_connection()
  File "/home/makara/frappe-bench/env/lib/python3.14/site-packages/redis/utils.py", line 196, in wrapper
    return func(*args, **kwargs)
  File "/home/makara/frappe-bench/env/lib/python3.14/site-packages/redis/connection.py", line 2603, in get_connection
    connection.connect()
    ~~~~~~~~~~~~~~~~~~^^
  File "/home/makara/frappe-bench/env/lib/python3.14/site-packages/redis/connection.py", line 846, in connect
    self.connect_check_health(check_health=True)
    ~~~~~~~~~~~~~~~~~~~~~~~~~^^^^^^^^^^^^^^^^^^^
  File "/home/makara/frappe-bench/env/lib/python3.14/site-packages/redis/connection.py", line 863, in connect_check_health
    raise ConnectionError(self._error_message(e))
redis.exceptions.ConnectionError: Error 111 connecting to 127.0.0.1:11000. Connection refused.

Error 111 connecting to 127.0.0.1:11000. Connection refused.
2026-09-22 16:51:04,595 Worker 47c22ad186784ca5ab6e1e67732e9215: started with PID 41380, version 2.6.1
2026-09-22 16:51:04,595 Worker 47c22ad186784ca5ab6e1e67732e9215: subscribing to channel rq:pubsub:47c22ad186784ca5ab6e1e67732e9215
2026-09-22 16:51:04,605 *** Listening on home-makara-frappe-bench:short, home-makara-frappe-bench:default, home-makara-frappe-bench:long...
2026-09-22 16:51:04,606 Worker 47c22ad186784ca5ab6e1e67732e9215: cleaning registries for queue: home-makara-frappe-bench:short
2026-09-22 16:51:04,626 Worker 47c22ad186784ca5ab6e1e67732e9215: cleaning registries for queue: home-makara-frappe-bench:default
2026-09-22 16:51:04,647 Worker 47c22ad186784ca5ab6e1e67732e9215: cleaning registries for queue: home-makara-frappe-bench:long
2026-09-22 16:52:00,489 home-makara-frappe-bench:default: frappe.utils.background_jobs.execute_job(event=None, is_async=True, job_name='frappe.core.doctype.scheduled_job_type.scheduled_job_type.run_scheduled_jo..., kwargs={'job_type': 'frappe.automation_engine.scheduler.process_cron', 'scheduled_..., method='frappe.core.doctype.scheduled_job_type.scheduled_job_type.run_scheduled_jo..., site='your-site-name.localhost', user='Administrator') (your-site-name.localhost||scheduled_job||51u6ep6oat)
2026-09-22 16:52:01,172 Successfully completed frappe.utils.background_jobs.execute_job(event=None, is_async=True, job_name='frappe.core.doctype.scheduled_job_type.scheduled_job_type.run_scheduled_jo..., kwargs={'job_type': 'frappe.automation_engine.scheduler.process_cron', 'scheduled_..., method='frappe.core.doctype.scheduled_job_type.scheduled_job_type.run_scheduled_jo..., site='your-site-name.localhost', user='Administrator') job in 0:00:00.649118s on worker 47c22ad186784ca5ab6e1e67732e9215
2026-09-22 16:52:01,172 home-makara-frappe-bench:default: Job OK (your-site-name.localhost||scheduled_job||51u6ep6oat)
2026-09-22 16:52:01,172 Result is kept for 600 seconds
2026-09-22 16:52:01,199 home-makara-frappe-bench:default: frappe.utils.background_jobs.execute_job(event=None, is_async=True, job_name='frappe.core.doctype.scheduled_job_type.scheduled_job_type.run_scheduled_jo..., kwargs={'job_type': 'frappe.integrations.doctype.webhook.webhook.retry_failed_webh..., method='frappe.core.doctype.scheduled_job_type.scheduled_job_type.run_scheduled_jo..., site='your-site-name.localhost', user='Administrator') (your-site-name.localhost||scheduled_job||51ugekk04n)
2026-09-22 16:52:01,623 Successfully completed frappe.utils.background_jobs.execute_job(event=None, is_async=True, job_name='frappe.core.doctype.scheduled_job_type.scheduled_job_type.run_scheduled_jo..., kwargs={'job_type': 'frappe.integrations.doctype.webhook.webhook.retry_failed_webh..., method='frappe.core.doctype.scheduled_job_type.scheduled_job_type.run_scheduled_jo..., site='your-site-name.localhost', user='Administrator') job in 0:00:00.411044s on worker 47c22ad186784ca5ab6e1e67732e9215
2026-09-22 16:52:01,623 home-makara-frappe-bench:default: Job OK (your-site-name.localhost||scheduled_job||51ugekk04n)
2026-09-22 16:52:01,624 Result is kept for 600 seconds
2026-09-22 16:52:01,634 home-makara-frappe-bench:default: frappe.utils.background_jobs.execute_job(event=None, is_async=True, job_name='frappe.core.doctype.scheduled_job_type.scheduled_job_type.run_scheduled_jo..., kwargs={'job_type': 'frappe.monitor.flush', 'scheduled_job_type': '51u5l2o9pg'}, method='frappe.core.doctype.scheduled_job_type.scheduled_job_type.run_scheduled_jo..., site='your-site-name.localhost', user='Administrator') (your-site-name.localhost||scheduled_job||51u5l2o9pg)
2026-09-22 16:52:02,546 Successfully completed frappe.utils.background_jobs.execute_job(event=None, is_async=True, job_name='frappe.core.doctype.scheduled_job_type.scheduled_job_type.run_scheduled_jo..., kwargs={'job_type': 'frappe.monitor.flush', 'scheduled_job_type': '51u5l2o9pg'}, method='frappe.core.doctype.scheduled_job_type.scheduled_job_type.run_scheduled_jo..., site='your-site-name.localhost', user='Administrator') job in 0:00:00.902725s on worker 47c22ad186784ca5ab6e1e67732e9215
2026-09-22 16:52:02,547 home-makara-frappe-bench:default: Job OK (your-site-name.localhost||scheduled_job||51u5l2o9pg)
2026-09-22 16:52:02,547 Result is kept for 600 seconds
2026-09-22 16:52:02,557 home-makara-frappe-bench:default: frappe.utils.background_jobs.execute_job(event=None, is_async=True, job_name='frappe.core.doctype.scheduled_job_type.scheduled_job_type.run_scheduled_jo..., kwargs={'job_type': 'frappe.search.sqlite_search.index_docs_in_queue', 'scheduled_..., method='frappe.core.doctype.scheduled_job_type.scheduled_job_type.run_scheduled_jo..., site='your-site-name.localhost', user='Administrator') (your-site-name.localhost||scheduled_job||51ubu6l9cg)
2026-09-22 16:52:03,111 Successfully completed frappe.utils.background_jobs.execute_job(event=None, is_async=True, job_name='frappe.core.doctype.scheduled_job_type.scheduled_job_type.run_scheduled_jo..., kwargs={'job_type': 'frappe.search.sqlite_search.index_docs_in_queue', 'scheduled_..., method='frappe.core.doctype.scheduled_job_type.scheduled_job_type.run_scheduled_jo..., site='your-site-name.localhost', user='Administrator') job in 0:00:00.545339s on worker 47c22ad186784ca5ab6e1e67732e9215
2026-09-22 16:52:03,112 home-makara-frappe-bench:default: Job OK (your-site-name.localhost||scheduled_job||51ubu6l9cg)
2026-09-22 16:52:03,112 Result is kept for 600 seconds
2026-09-22 16:52:03,120 home-makara-frappe-bench:default: frappe.utils.background_jobs.execute_job(event=None, is_async=True, job_name='frappe.core.doctype.scheduled_job_type.scheduled_job_type.run_scheduled_jo..., kwargs={'job_type': 'frappe.email.doctype.email_account.email_account.pull', 'sche..., method='frappe.core.doctype.scheduled_job_type.scheduled_job_type.run_scheduled_jo..., site='your-site-name.localhost', user='Administrator') (your-site-name.localhost||scheduled_job||51u4simu78)
2026-09-22 16:52:04,194 Successfully completed frappe.utils.background_jobs.execute_job(event=None, is_async=True, job_name='frappe.core.doctype.scheduled_job_type.scheduled_job_type.run_scheduled_jo..., kwargs={'job_type': 'frappe.email.doctype.email_account.email_account.pull', 'sche..., method='frappe.core.doctype.scheduled_job_type.scheduled_job_type.run_scheduled_jo..., site='your-site-name.localhost', user='Administrator') job in 0:00:01.065874s on worker 47c22ad186784ca5ab6e1e67732e9215
2026-09-22 16:52:04,195 home-makara-frappe-bench:default: Job OK (your-site-name.localhost||scheduled_job||51u4simu78)
2026-09-22 16:52:04,195 Result is kept for 600 seconds
2026-09-22 16:52:04,235 home-makara-frappe-bench:default: frappe.utils.background_jobs.execute_job(event=None, is_async=True, job_name='frappe.core.doctype.scheduled_job_type.scheduled_job_type.run_scheduled_jo..., kwargs={'job_type': 'frappe.email.queue.flush', 'scheduled_job_type': '51um9eeecb'..., method='frappe.core.doctype.scheduled_job_type.scheduled_job_type.run_scheduled_jo..., site='your-site-name.localhost', user='Administrator') (your-site-name.localhost||scheduled_job||51um9eeecb)
2026-09-22 16:52:04,831 Successfully completed frappe.utils.background_jobs.execute_job(event=None, is_async=True, job_name='frappe.core.doctype.scheduled_job_type.scheduled_job_type.run_scheduled_jo..., kwargs={'job_type': 'frappe.email.queue.flush', 'scheduled_job_type': '51um9eeecb'..., method='frappe.core.doctype.scheduled_job_type.scheduled_job_type.run_scheduled_jo..., site='your-site-name.localhost', user='Administrator') job in 0:00:00.585672s on worker 47c22ad186784ca5ab6e1e67732e9215
2026-09-22 16:52:04,831 home-makara-frappe-bench:default: Job OK (your-site-name.localhost||scheduled_job||51um9eeecb)
2026-09-22 16:52:04,831 Result is kept for 600 seconds
2026-09-22 16:52:04,867 home-makara-frappe-bench:default: frappe.utils.background_jobs.execute_job(event=None, is_async=True, job_name='frappe.core.doctype.scheduled_job_type.scheduled_job_type.run_scheduled_jo..., kwargs={'job_type': 'frappe.integrations.doctype.google_calendar.google_calendar.s..., method='frappe.core.doctype.scheduled_job_type.scheduled_job_type.run_scheduled_jo..., site='your-site-name.localhost', user='Administrator') (your-site-name.localhost||scheduled_job||51u2s8slv0)
2026-09-22 16:52:05,258 Successfully completed frappe.utils.background_jobs.execute_job(event=None, is_async=True, job_name='frappe.core.doctype.scheduled_job_type.scheduled_job_type.run_scheduled_jo..., kwargs={'job_type': 'frappe.integrations.doctype.google_calendar.google_calendar.s..., method='frappe.core.doctype.scheduled_job_type.scheduled_job_type.run_scheduled_jo..., site='your-site-name.localhost', user='Administrator') job in 0:00:00.373310s on worker 47c22ad186784ca5ab6e1e67732e9215
2026-09-22 16:52:05,258 home-makara-frappe-bench:default: Job OK (your-site-name.localhost||scheduled_job||51u2s8slv0)
2026-09-22 16:52:05,258 Result is kept for 600 seconds
2026-09-22 16:52:05,267 home-makara-frappe-bench:default: frappe.utils.background_jobs.execute_job(event=None, is_async=True, job_name='frappe.core.doctype.scheduled_job_type.scheduled_job_type.run_scheduled_jo..., kwargs={'job_type': 'frappe.email.queue.retry_sending_emails', 'scheduled_job_type..., method='frappe.core.doctype.scheduled_job_type.scheduled_job_type.run_scheduled_jo..., site='your-site-name.localhost', user='Administrator') (your-site-name.localhost||scheduled_job||51uv7phrm7)
2026-09-22 16:52:05,638 Successfully completed frappe.utils.background_jobs.execute_job(event=None, is_async=True, job_name='frappe.core.doctype.scheduled_job_type.scheduled_job_type.run_scheduled_jo..., kwargs={'job_type': 'frappe.email.queue.retry_sending_emails', 'scheduled_job_type..., method='frappe.core.doctype.scheduled_job_type.scheduled_job_type.run_scheduled_jo..., site='your-site-name.localhost', user='Administrator') job in 0:00:00.358378s on worker 47c22ad186784ca5ab6e1e67732e9215
2026-09-22 16:52:05,639 home-makara-frappe-bench:default: Job OK (your-site-name.localhost||scheduled_job||51uv7phrm7)
2026-09-22 16:52:05,639 Result is kept for 600 seconds
2026-09-22 16:52:05,646 home-makara-frappe-bench:default: frappe.utils.background_jobs.execute_job(event=None, is_async=True, job_name='frappe.core.doctype.scheduled_job_type.scheduled_job_type.run_scheduled_jo..., kwargs={'job_type': 'frappe.email.doctype.notification.notification.trigger_offset..., method='frappe.core.doctype.scheduled_job_type.scheduled_job_type.run_scheduled_jo..., site='your-site-name.localhost', user='Administrator') (your-site-name.localhost||scheduled_job||51ujdm2d34)
2026-09-22 16:52:06,261 Successfully completed frappe.utils.background_jobs.execute_job(event=None, is_async=True, job_name='frappe.core.doctype.scheduled_job_type.scheduled_job_type.run_scheduled_jo..., kwargs={'job_type': 'frappe.email.doctype.notification.notification.trigger_offset..., method='frappe.core.doctype.scheduled_job_type.scheduled_job_type.run_scheduled_jo..., site='your-site-name.localhost', user='Administrator') job in 0:00:00.603430s on worker 47c22ad186784ca5ab6e1e67732e9215
2026-09-22 16:52:06,261 home-makara-frappe-bench:default: Job OK (your-site-name.localhost||scheduled_job||51ujdm2d34)
2026-09-22 16:52:06,261 Result is kept for 600 seconds
2026-09-22 16:52:06,267 home-makara-frappe-bench:default: frappe.utils.background_jobs.execute_job(event=None, is_async=True, job_name='frappe.core.doctype.scheduled_job_type.scheduled_job_type.run_scheduled_jo..., kwargs={'job_type': 'frappe.automation_engine.drainer.drain_due', 'scheduled_job_t..., method='frappe.core.doctype.scheduled_job_type.scheduled_job_type.run_scheduled_jo..., site='your-site-name.localhost', user='Administrator') (your-site-name.localhost||scheduled_job||51u0dpk9ai)
2026-09-22 16:52:06,825 Successfully completed frappe.utils.background_jobs.execute_job(event=None, is_async=True, job_name='frappe.core.doctype.scheduled_job_type.scheduled_job_type.run_scheduled_jo..., kwargs={'job_type': 'frappe.automation_engine.drainer.drain_due', 'scheduled_job_t..., method='frappe.core.doctype.scheduled_job_type.scheduled_job_type.run_scheduled_jo..., site='your-site-name.localhost', user='Administrator') job in 0:00:00.549055s on worker 47c22ad186784ca5ab6e1e67732e9215
2026-09-22 16:52:06,825 home-makara-frappe-bench:default: Job OK (your-site-name.localhost||scheduled_job||51u0dpk9ai)
2026-09-22 16:52:06,825 Result is kept for 600 seconds
2026-09-22 16:56:00,570 home-makara-frappe-bench:default: frappe.utils.background_jobs.execute_job(event=None, is_async=True, job_name='frappe.core.doctype.scheduled_job_type.scheduled_job_type.run_scheduled_jo..., kwargs={'job_type': 'frappe.automation_engine.scheduler.process_cron', 'scheduled_..., method='frappe.core.doctype.scheduled_job_type.scheduled_job_type.run_scheduled_jo..., site='your-site-name.localhost', user='Administrator') (your-site-name.localhost||scheduled_job||51u6ep6oat)
2026-09-22 16:56:00,928 Successfully completed frappe.utils.background_jobs.execute_job(event=None, is_async=True, job_name='frappe.core.doctype.scheduled_job_type.scheduled_job_type.run_scheduled_jo..., kwargs={'job_type': 'frappe.automation_engine.scheduler.process_cron', 'scheduled_..., method='frappe.core.doctype.scheduled_job_type.scheduled_job_type.run_scheduled_jo..., site='your-site-name.localhost', user='Administrator') job in 0:00:00.347116s on worker 47c22ad186784ca5ab6e1e67732e9215
2026-09-22 16:56:00,928 home-makara-frappe-bench:default: Job OK (your-site-name.localhost||scheduled_job||51u6ep6oat)
2026-09-22 16:56:00,929 Result is kept for 600 seconds
2026-09-22 16:56:00,936 home-makara-frappe-bench:default: frappe.utils.background_jobs.execute_job(event=None, is_async=True, job_name='frappe.core.doctype.scheduled_job_type.scheduled_job_type.run_scheduled_jo..., kwargs={'job_type': 'frappe.email.doctype.notification.notification.trigger_offset..., method='frappe.core.doctype.scheduled_job_type.scheduled_job_type.run_scheduled_jo..., site='your-site-name.localhost', user='Administrator') (your-site-name.localhost||scheduled_job||51ujdm2d34)
2026-09-22 16:56:01,206 Successfully completed frappe.utils.background_jobs.execute_job(event=None, is_async=True, job_name='frappe.core.doctype.scheduled_job_type.scheduled_job_type.run_scheduled_jo..., kwargs={'job_type': 'frappe.email.doctype.notification.notification.trigger_offset..., method='frappe.core.doctype.scheduled_job_type.scheduled_job_type.run_scheduled_jo..., site='your-site-name.localhost', user='Administrator') job in 0:00:00.264284s on worker 47c22ad186784ca5ab6e1e67732e9215
2026-09-22 16:56:01,207 home-makara-frappe-bench:default: Job OK (your-site-name.localhost||scheduled_job||51ujdm2d34)
2026-09-22 16:56:01,207 Result is kept for 600 seconds
2026-09-22 16:56:01,214 home-makara-frappe-bench:default: frappe.utils.background_jobs.execute_job(event=None, is_async=True, job_name='frappe.core.doctype.scheduled_job_type.scheduled_job_type.run_scheduled_jo..., kwargs={'job_type': 'frappe.email.queue.flush', 'scheduled_job_type': '51um9eeecb'..., method='frappe.core.doctype.scheduled_job_type.scheduled_job_type.run_scheduled_jo..., site='your-site-name.localhost', user='Administrator') (your-site-name.localhost||scheduled_job||51um9eeecb)
2026-09-22 16:56:01,506 Successfully completed frappe.utils.background_jobs.execute_job(event=None, is_async=True, job_name='frappe.core.doctype.scheduled_job_type.scheduled_job_type.run_scheduled_jo..., kwargs={'job_type': 'frappe.email.queue.flush', 'scheduled_job_type': '51um9eeecb'..., method='frappe.core.doctype.scheduled_job_type.scheduled_job_type.run_scheduled_jo..., site='your-site-name.localhost', user='Administrator') job in 0:00:00.285691s on worker 47c22ad186784ca5ab6e1e67732e9215
2026-09-22 16:56:01,506 home-makara-frappe-bench:default: Job OK (your-site-name.localhost||scheduled_job||51um9eeecb)
2026-09-22 16:56:01,506 Result is kept for 600 seconds
2026-09-22 16:56:01,515 home-makara-frappe-bench:default: frappe.utils.background_jobs.execute_job(event=None, is_async=True, job_name='frappe.core.doctype.scheduled_job_type.scheduled_job_type.run_scheduled_jo..., kwargs={'job_type': 'frappe.monitor.flush', 'scheduled_job_type': '51u5l2o9pg'}, method='frappe.core.doctype.scheduled_job_type.scheduled_job_type.run_scheduled_jo..., site='your-site-name.localhost', user='Administrator') (your-site-name.localhost||scheduled_job||51u5l2o9pg)
2026-09-22 16:56:01,812 Successfully completed frappe.utils.background_jobs.execute_job(event=None, is_async=True, job_name='frappe.core.doctype.scheduled_job_type.scheduled_job_type.run_scheduled_jo..., kwargs={'job_type': 'frappe.monitor.flush', 'scheduled_job_type': '51u5l2o9pg'}, method='frappe.core.doctype.scheduled_job_type.scheduled_job_type.run_scheduled_jo..., site='your-site-name.localhost', user='Administrator') job in 0:00:00.291278s on worker 47c22ad186784ca5ab6e1e67732e9215
2026-09-22 16:56:01,813 home-makara-frappe-bench:default: Job OK (your-site-name.localhost||scheduled_job||51u5l2o9pg)
2026-09-22 16:56:01,813 Result is kept for 600 seconds
2026-09-22 16:56:01,821 home-makara-frappe-bench:default: frappe.utils.background_jobs.execute_job(event=None, is_async=True, job_name='frappe.core.doctype.scheduled_job_type.scheduled_job_type.run_scheduled_jo..., kwargs={'job_type': 'frappe.search.sqlite_search.index_docs_in_queue', 'scheduled_..., method='frappe.core.doctype.scheduled_job_type.scheduled_job_type.run_scheduled_jo..., site='your-site-name.localhost', user='Administrator') (your-site-name.localhost||scheduled_job||51ubu6l9cg)
2026-09-22 16:56:02,111 Successfully completed frappe.utils.background_jobs.execute_job(event=None, is_async=True, job_name='frappe.core.doctype.scheduled_job_type.scheduled_job_type.run_scheduled_jo..., kwargs={'job_type': 'frappe.search.sqlite_search.index_docs_in_queue', 'scheduled_..., method='frappe.core.doctype.scheduled_job_type.scheduled_job_type.run_scheduled_jo..., site='your-site-name.localhost', user='Administrator') job in 0:00:00.282895s on worker 47c22ad186784ca5ab6e1e67732e9215
2026-09-22 16:56:02,111 home-makara-frappe-bench:default: Job OK (your-site-name.localhost||scheduled_job||51ubu6l9cg)
2026-09-22 16:56:02,111 Result is kept for 600 seconds
2026-09-22 16:56:02,118 home-makara-frappe-bench:default: frappe.utils.background_jobs.execute_job(event=None, is_async=True, job_name='frappe.core.doctype.scheduled_job_type.scheduled_job_type.run_scheduled_jo..., kwargs={'job_type': 'frappe.integrations.doctype.webhook.webhook.retry_failed_webh..., method='frappe.core.doctype.scheduled_job_type.scheduled_job_type.run_scheduled_jo..., site='your-site-name.localhost', user='Administrator') (your-site-name.localhost||scheduled_job||51ugekk04n)
2026-09-22 16:56:02,394 Successfully completed frappe.utils.background_jobs.execute_job(event=None, is_async=True, job_name='frappe.core.doctype.scheduled_job_type.scheduled_job_type.run_scheduled_jo..., kwargs={'job_type': 'frappe.integrations.doctype.webhook.webhook.retry_failed_webh..., method='frappe.core.doctype.scheduled_job_type.scheduled_job_type.run_scheduled_jo..., site='your-site-name.localhost', user='Administrator') job in 0:00:00.270379s on worker 47c22ad186784ca5ab6e1e67732e9215
2026-09-22 16:56:02,394 home-makara-frappe-bench:default: Job OK (your-site-name.localhost||scheduled_job||51ugekk04n)
2026-09-22 16:56:02,394 Result is kept for 600 seconds
2026-09-22 16:56:02,405 home-makara-frappe-bench:default: frappe.utils.background_jobs.execute_job(event=None, is_async=True, job_name='frappe.core.doctype.scheduled_job_type.scheduled_job_type.run_scheduled_jo..., kwargs={'job_type': 'frappe.email.queue.retry_sending_emails', 'scheduled_job_type..., method='frappe.core.doctype.scheduled_job_type.scheduled_job_type.run_scheduled_jo..., site='your-site-name.localhost', user='Administrator') (your-site-name.localhost||scheduled_job||51uv7phrm7)
2026-09-22 16:56:02,725 Successfully completed frappe.utils.background_jobs.execute_job(event=None, is_async=True, job_name='frappe.core.doctype.scheduled_job_type.scheduled_job_type.run_scheduled_jo..., kwargs={'job_type': 'frappe.email.queue.retry_sending_emails', 'scheduled_job_type..., method='frappe.core.doctype.scheduled_job_type.scheduled_job_type.run_scheduled_jo..., site='your-site-name.localhost', user='Administrator') job in 0:00:00.314189s on worker 47c22ad186784ca5ab6e1e67732e9215
2026-09-22 16:56:02,726 home-makara-frappe-bench:default: Job OK (your-site-name.localhost||scheduled_job||51uv7phrm7)
2026-09-22 16:56:02,726 Result is kept for 600 seconds
2026-09-22 16:56:02,732 home-makara-frappe-bench:default: frappe.utils.background_jobs.execute_job(event=None, is_async=True, job_name='frappe.core.doctype.scheduled_job_type.scheduled_job_type.run_scheduled_jo..., kwargs={'job_type': 'frappe.integrations.doctype.google_calendar.google_calendar.s..., method='frappe.core.doctype.scheduled_job_type.scheduled_job_type.run_scheduled_jo..., site='your-site-name.localhost', user='Administrator') (your-site-name.localhost||scheduled_job||51u2s8slv0)
2026-09-22 16:56:03,046 Successfully completed frappe.utils.background_jobs.execute_job(event=None, is_async=True, job_name='frappe.core.doctype.scheduled_job_type.scheduled_job_type.run_scheduled_jo..., kwargs={'job_type': 'frappe.integrations.doctype.google_calendar.google_calendar.s..., method='frappe.core.doctype.scheduled_job_type.scheduled_job_type.run_scheduled_jo..., site='your-site-name.localhost', user='Administrator') job in 0:00:00.305536s on worker 47c22ad186784ca5ab6e1e67732e9215
2026-09-22 16:56:03,046 home-makara-frappe-bench:default: Job OK (your-site-name.localhost||scheduled_job||51u2s8slv0)
2026-09-22 16:56:03,046 Result is kept for 600 seconds
2026-09-22 16:56:03,058 home-makara-frappe-bench:default: frappe.utils.background_jobs.execute_job(event=None, is_async=True, job_name='frappe.core.doctype.scheduled_job_type.scheduled_job_type.run_scheduled_jo..., kwargs={'job_type': 'frappe.automation_engine.drainer.drain_due', 'scheduled_job_t..., method='frappe.core.doctype.scheduled_job_type.scheduled_job_type.run_scheduled_jo..., site='your-site-name.localhost', user='Administrator') (your-site-name.localhost||scheduled_job||51u0dpk9ai)
2026-09-22 16:56:03,337 Successfully completed frappe.utils.background_jobs.execute_job(event=None, is_async=True, job_name='frappe.core.doctype.scheduled_job_type.scheduled_job_type.run_scheduled_jo..., kwargs={'job_type': 'frappe.automation_engine.drainer.drain_due', 'scheduled_job_t..., method='frappe.core.doctype.scheduled_job_type.scheduled_job_type.run_scheduled_jo..., site='your-site-name.localhost', user='Administrator') job in 0:00:00.272771s on worker 47c22ad186784ca5ab6e1e67732e9215
2026-09-22 16:56:03,337 home-makara-frappe-bench:default: Job OK (your-site-name.localhost||scheduled_job||51u0dpk9ai)
2026-09-22 16:56:03,337 Result is kept for 600 seconds
2026-09-22 17:00:00,602 home-makara-frappe-bench:default: frappe.utils.background_jobs.execute_job(event=None, is_async=True, job_name='frappe.core.doctype.scheduled_job_type.scheduled_job_type.run_scheduled_jo..., kwargs={'job_type': 'frappe.automation_engine.drainer.drain_due', 'scheduled_job_t..., method='frappe.core.doctype.scheduled_job_type.scheduled_job_type.run_scheduled_jo..., site='your-site-name.localhost', user='Administrator') (your-site-name.localhost||scheduled_job||51u0dpk9ai)
2026-09-22 17:00:01,596 Successfully completed frappe.utils.background_jobs.execute_job(event=None, is_async=True, job_name='frappe.core.doctype.scheduled_job_type.scheduled_job_type.run_scheduled_jo..., kwargs={'job_type': 'frappe.automation_engine.drainer.drain_due', 'scheduled_job_t..., method='frappe.core.doctype.scheduled_job_type.scheduled_job_type.run_scheduled_jo..., site='your-site-name.localhost', user='Administrator') job in 0:00:00.934172s on worker 47c22ad186784ca5ab6e1e67732e9215
2026-09-22 17:00:01,596 home-makara-frappe-bench:default: Job OK (your-site-name.localhost||scheduled_job||51u0dpk9ai)
2026-09-22 17:00:01,596 Result is kept for 600 seconds
2026-09-22 17:00:01,610 home-makara-frappe-bench:default: frappe.utils.background_jobs.execute_job(event=None, is_async=True, job_name='frappe.core.doctype.scheduled_job_type.scheduled_job_type.run_scheduled_jo..., kwargs={'job_type': 'frappe.email.doctype.email_account.email_account.pull', 'sche..., method='frappe.core.doctype.scheduled_job_type.scheduled_job_type.run_scheduled_jo..., site='your-site-name.localhost', user='Administrator') (your-site-name.localhost||scheduled_job||51u4simu78)
2026-09-22 17:00:02,108 Successfully completed frappe.utils.background_jobs.execute_job(event=None, is_async=True, job_name='frappe.core.doctype.scheduled_job_type.scheduled_job_type.run_scheduled_jo..., kwargs={'job_type': 'frappe.email.doctype.email_account.email_account.pull', 'sche..., method='frappe.core.doctype.scheduled_job_type.scheduled_job_type.run_scheduled_jo..., site='your-site-name.localhost', user='Administrator') job in 0:00:00.487959s on worker 47c22ad186784ca5ab6e1e67732e9215
2026-09-22 17:00:02,108 home-makara-frappe-bench:default: Job OK (your-site-name.localhost||scheduled_job||51u4simu78)
2026-09-22 17:00:02,108 Result is kept for 600 seconds
2026-09-22 17:00:02,116 home-makara-frappe-bench:default: frappe.utils.background_jobs.execute_job(event=None, is_async=True, job_name='frappe.core.doctype.scheduled_job_type.scheduled_job_type.run_scheduled_jo..., kwargs={'job_type': 'frappe.utils.global_search.sync_global_search', 'scheduled_jo..., method='frappe.core.doctype.scheduled_job_type.scheduled_job_type.run_scheduled_jo..., site='your-site-name.localhost', user='Administrator') (your-site-name.localhost||scheduled_job||51ul1o6qkh)
2026-09-22 17:00:02,422 Successfully completed frappe.utils.background_jobs.execute_job(event=None, is_async=True, job_name='frappe.core.doctype.scheduled_job_type.scheduled_job_type.run_scheduled_jo..., kwargs={'job_type': 'frappe.utils.global_search.sync_global_search', 'scheduled_jo..., method='frappe.core.doctype.scheduled_job_type.scheduled_job_type.run_scheduled_jo..., site='your-site-name.localhost', user='Administrator') job in 0:00:00.296413s on worker 47c22ad186784ca5ab6e1e67732e9215
2026-09-22 17:00:02,423 home-makara-frappe-bench:default: Job OK (your-site-name.localhost||scheduled_job||51ul1o6qkh)
2026-09-22 17:00:02,423 Result is kept for 600 seconds
2026-09-22 17:00:02,431 home-makara-frappe-bench:default: frappe.utils.background_jobs.execute_job(event=None, is_async=True, job_name='frappe.core.doctype.scheduled_job_type.scheduled_job_type.run_scheduled_jo..., kwargs={'job_type': 'frappe.automation.doctype.reminder.reminder.send_reminders', ..., method='frappe.core.doctype.scheduled_job_type.scheduled_job_type.run_scheduled_jo..., site='your-site-name.localhost', user='Administrator') (your-site-name.localhost||scheduled_job||51ujogtifi)
2026-09-22 17:00:02,770 Successfully completed frappe.utils.background_jobs.execute_job(event=None, is_async=True, job_name='frappe.core.doctype.scheduled_job_type.scheduled_job_type.run_scheduled_jo..., kwargs={'job_type': 'frappe.automation.doctype.reminder.reminder.send_reminders', ..., method='frappe.core.doctype.scheduled_job_type.scheduled_job_type.run_scheduled_jo..., site='your-site-name.localhost', user='Administrator') job in 0:00:00.332079s on worker 47c22ad186784ca5ab6e1e67732e9215
2026-09-22 17:00:02,770 home-makara-frappe-bench:default: Job OK (your-site-name.localhost||scheduled_job||51ujogtifi)
2026-09-22 17:00:02,770 Result is kept for 600 seconds
2026-09-22 17:00:02,779 home-makara-frappe-bench:default: frappe.utils.background_jobs.execute_job(event=None, is_async=True, job_name='frappe.core.doctype.scheduled_job_type.scheduled_job_type.run_scheduled_jo..., kwargs={'job_type': 'frappe.automation_engine.scheduler.process_date_based', 'sche..., method='frappe.core.doctype.scheduled_job_type.scheduled_job_type.run_scheduled_jo..., site='your-site-name.localhost', user='Administrator') (your-site-name.localhost||scheduled_job||51u4fqnc3o)
2026-09-22 17:00:03,170 Successfully completed frappe.utils.background_jobs.execute_job(event=None, is_async=True, job_name='frappe.core.doctype.scheduled_job_type.scheduled_job_type.run_scheduled_jo..., kwargs={'job_type': 'frappe.automation_engine.scheduler.process_date_based', 'sche..., method='frappe.core.doctype.scheduled_job_type.scheduled_job_type.run_scheduled_jo..., site='your-site-name.localhost', user='Administrator') job in 0:00:00.379064s on worker 47c22ad186784ca5ab6e1e67732e9215
2026-09-22 17:00:03,171 home-makara-frappe-bench:default: Job OK (your-site-name.localhost||scheduled_job||51u4fqnc3o)
2026-09-22 17:00:03,171 Result is kept for 600 seconds
2026-09-22 17:00:03,179 home-makara-frappe-bench:default: frappe.utils.background_jobs.execute_job(event=None, is_async=True, job_name='frappe.core.doctype.scheduled_job_type.scheduled_job_type.run_scheduled_jo..., kwargs={'job_type': 'frappe.model.utils.link_count.update_link_count', 'scheduled_..., method='frappe.core.doctype.scheduled_job_type.scheduled_job_type.run_scheduled_jo..., site='your-site-name.localhost', user='Administrator') (your-site-name.localhost||scheduled_job||51utqpe235)
2026-09-22 17:00:03,504 Successfully completed frappe.utils.background_jobs.execute_job(event=None, is_async=True, job_name='frappe.core.doctype.scheduled_job_type.scheduled_job_type.run_scheduled_jo..., kwargs={'job_type': 'frappe.model.utils.link_count.update_link_count', 'scheduled_..., method='frappe.core.doctype.scheduled_job_type.scheduled_job_type.run_scheduled_jo..., site='your-site-name.localhost', user='Administrator') job in 0:00:00.317376s on worker 47c22ad186784ca5ab6e1e67732e9215
2026-09-22 17:00:03,505 home-makara-frappe-bench:default: Job OK (your-site-name.localhost||scheduled_job||51utqpe235)
2026-09-22 17:00:03,505 Result is kept for 600 seconds
2026-09-22 17:00:03,513 home-makara-frappe-bench:default: frappe.utils.background_jobs.execute_job(event=None, is_async=True, job_name='frappe.core.doctype.scheduled_job_type.scheduled_job_type.run_scheduled_jo..., kwargs={'job_type': 'frappe.email.queue.flush', 'scheduled_job_type': '51um9eeecb'..., method='frappe.core.doctype.scheduled_job_type.scheduled_job_type.run_scheduled_jo..., site='your-site-name.localhost', user='Administrator') (your-site-name.localhost||scheduled_job||51um9eeecb)
2026-09-22 17:00:03,833 Successfully completed frappe.utils.background_jobs.execute_job(event=None, is_async=True, job_name='frappe.core.doctype.scheduled_job_type.scheduled_job_type.run_scheduled_jo..., kwargs={'job_type': 'frappe.email.queue.flush', 'scheduled_job_type': '51um9eeecb'..., method='frappe.core.doctype.scheduled_job_type.scheduled_job_type.run_scheduled_jo..., site='your-site-name.localhost', user='Administrator') job in 0:00:00.313261s on worker 47c22ad186784ca5ab6e1e67732e9215
2026-09-22 17:00:03,833 home-makara-frappe-bench:default: Job OK (your-site-name.localhost||scheduled_job||51um9eeecb)
2026-09-22 17:00:03,833 Result is kept for 600 seconds
2026-09-22 17:00:03,842 home-makara-frappe-bench:default: frappe.utils.background_jobs.execute_job(event=None, is_async=True, job_name='frappe.core.doctype.scheduled_job_type.scheduled_job_type.run_scheduled_jo..., kwargs={'job_type': 'frappe.integrations.doctype.google_calendar.google_calendar.s..., method='frappe.core.doctype.scheduled_job_type.scheduled_job_type.run_scheduled_jo..., site='your-site-name.localhost', user='Administrator') (your-site-name.localhost||scheduled_job||51u2s8slv0)
2026-09-22 17:00:04,171 Successfully completed frappe.utils.background_jobs.execute_job(event=None, is_async=True, job_name='frappe.core.doctype.scheduled_job_type.scheduled_job_type.run_scheduled_jo..., kwargs={'job_type': 'frappe.integrations.doctype.google_calendar.google_calendar.s..., method='frappe.core.doctype.scheduled_job_type.scheduled_job_type.run_scheduled_jo..., site='your-site-name.localhost', user='Administrator') job in 0:00:00.322357s on worker 47c22ad186784ca5ab6e1e67732e9215
2026-09-22 17:00:04,171 home-makara-frappe-bench:default: Job OK (your-site-name.localhost||scheduled_job||51u2s8slv0)
2026-09-22 17:00:04,171 Result is kept for 600 seconds
2026-09-22 17:00:04,179 home-makara-frappe-bench:default: frappe.utils.background_jobs.execute_job(event=None, is_async=True, job_name='frappe.core.doctype.scheduled_job_type.scheduled_job_type.run_scheduled_jo..., kwargs={'job_type': 'frappe.utils.telemetry.pulse.client.send_queued_events', 'sch..., method='frappe.core.doctype.scheduled_job_type.scheduled_job_type.run_scheduled_jo..., site='your-site-name.localhost', user='Administrator') (your-site-name.localhost||scheduled_job||51ub742nv9)
2026-09-22 17:00:04,494 Successfully completed frappe.utils.background_jobs.execute_job(event=None, is_async=True, job_name='frappe.core.doctype.scheduled_job_type.scheduled_job_type.run_scheduled_jo..., kwargs={'job_type': 'frappe.utils.telemetry.pulse.client.send_queued_events', 'sch..., method='frappe.core.doctype.scheduled_job_type.scheduled_job_type.run_scheduled_jo..., site='your-site-name.localhost', user='Administrator') job in 0:00:00.304294s on worker 47c22ad186784ca5ab6e1e67732e9215
2026-09-22 17:00:04,495 home-makara-frappe-bench:default: Job OK (your-site-name.localhost||scheduled_job||51ub742nv9)
2026-09-22 17:00:04,495 Result is kept for 600 seconds
2026-09-22 17:00:04,509 home-makara-frappe-bench:default: frappe.utils.background_jobs.execute_job(event=None, is_async=True, job_name='frappe.core.doctype.scheduled_job_type.scheduled_job_type.run_scheduled_jo..., kwargs={'job_type': 'frappe.integrations.doctype.webhook.webhook.retry_failed_webh..., method='frappe.core.doctype.scheduled_job_type.scheduled_job_type.run_scheduled_jo..., site='your-site-name.localhost', user='Administrator') (your-site-name.localhost||scheduled_job||51ugekk04n)
2026-09-22 17:00:04,821 Successfully completed frappe.utils.background_jobs.execute_job(event=None, is_async=True, job_name='frappe.core.doctype.scheduled_job_type.scheduled_job_type.run_scheduled_jo..., kwargs={'job_type': 'frappe.integrations.doctype.webhook.webhook.retry_failed_webh..., method='frappe.core.doctype.scheduled_job_type.scheduled_job_type.run_scheduled_jo..., site='your-site-name.localhost', user='Administrator') job in 0:00:00.304584s on worker 47c22ad186784ca5ab6e1e67732e9215
2026-09-22 17:00:04,821 home-makara-frappe-bench:default: Job OK (your-site-name.localhost||scheduled_job||51ugekk04n)
2026-09-22 17:00:04,821 Result is kept for 600 seconds
2026-09-22 17:00:04,827 home-makara-frappe-bench:default: frappe.utils.background_jobs.execute_job(event=None, is_async=True, job_name='frappe.core.doctype.scheduled_job_type.scheduled_job_type.run_scheduled_jo..., kwargs={'job_type': 'frappe.email.queue.retry_sending_emails', 'scheduled_job_type..., method='frappe.core.doctype.scheduled_job_type.scheduled_job_type.run_scheduled_jo..., site='your-site-name.localhost', user='Administrator') (your-site-name.localhost||scheduled_job||51uv7phrm7)
2026-09-22 17:00:05,126 Successfully completed frappe.utils.background_jobs.execute_job(event=None, is_async=True, job_name='frappe.core.doctype.scheduled_job_type.scheduled_job_type.run_scheduled_jo..., kwargs={'job_type': 'frappe.email.queue.retry_sending_emails', 'scheduled_job_type..., method='frappe.core.doctype.scheduled_job_type.scheduled_job_type.run_scheduled_jo..., site='your-site-name.localhost', user='Administrator') job in 0:00:00.292142s on worker 47c22ad186784ca5ab6e1e67732e9215
2026-09-22 17:00:05,126 home-makara-frappe-bench:default: Job OK (your-site-name.localhost||scheduled_job||51uv7phrm7)
2026-09-22 17:00:05,126 Result is kept for 600 seconds
2026-09-22 17:00:05,135 home-makara-frappe-bench:default: frappe.utils.background_jobs.execute_job(event=None, is_async=True, job_name='frappe.core.doctype.scheduled_job_type.scheduled_job_type.run_scheduled_jo..., kwargs={'job_type': 'frappe.search.sqlite_search.index_docs_in_queue', 'scheduled_..., method='frappe.core.doctype.scheduled_job_type.scheduled_job_type.run_scheduled_jo..., site='your-site-name.localhost', user='Administrator') (your-site-name.localhost||scheduled_job||51ubu6l9cg)
2026-09-22 17:00:05,445 Successfully completed frappe.utils.background_jobs.execute_job(event=None, is_async=True, job_name='frappe.core.doctype.scheduled_job_type.scheduled_job_type.run_scheduled_jo..., kwargs={'job_type': 'frappe.search.sqlite_search.index_docs_in_queue', 'scheduled_..., method='frappe.core.doctype.scheduled_job_type.scheduled_job_type.run_scheduled_jo..., site='your-site-name.localhost', user='Administrator') job in 0:00:00.303180s on worker 47c22ad186784ca5ab6e1e67732e9215
2026-09-22 17:00:05,445 home-makara-frappe-bench:default: Job OK (your-site-name.localhost||scheduled_job||51ubu6l9cg)
2026-09-22 17:00:05,445 Result is kept for 600 seconds
2026-09-22 17:00:05,452 home-makara-frappe-bench:default: frappe.utils.background_jobs.execute_job(event=None, is_async=True, job_name='frappe.core.doctype.scheduled_job_type.scheduled_job_type.run_scheduled_jo..., kwargs={'job_type': 'frappe.automation_engine.scheduler.process_cron', 'scheduled_..., method='frappe.core.doctype.scheduled_job_type.scheduled_job_type.run_scheduled_jo..., site='your-site-name.localhost', user='Administrator') (your-site-name.localhost||scheduled_job||51u6ep6oat)
2026-09-22 17:00:05,790 Successfully completed frappe.utils.background_jobs.execute_job(event=None, is_async=True, job_name='frappe.core.doctype.scheduled_job_type.scheduled_job_type.run_scheduled_jo..., kwargs={'job_type': 'frappe.automation_engine.scheduler.process_cron', 'scheduled_..., method='frappe.core.doctype.scheduled_job_type.scheduled_job_type.run_scheduled_jo..., site='your-site-name.localhost', user='Administrator') job in 0:00:00.331697s on worker 47c22ad186784ca5ab6e1e67732e9215
2026-09-22 17:00:05,791 home-makara-frappe-bench:default: Job OK (your-site-name.localhost||scheduled_job||51u6ep6oat)
2026-09-22 17:00:05,791 Result is kept for 600 seconds
2026-09-22 17:00:05,799 home-makara-frappe-bench:default: frappe.utils.background_jobs.execute_job(event=None, is_async=True, job_name='frappe.core.doctype.scheduled_job_type.scheduled_job_type.run_scheduled_jo..., kwargs={'job_type': 'frappe.email.doctype.email_account.email_account.notify_unrep..., method='frappe.core.doctype.scheduled_job_type.scheduled_job_type.run_scheduled_jo..., site='your-site-name.localhost', user='Administrator') (your-site-name.localhost||scheduled_job||51utl79ueh)
2026-09-22 17:00:06,224 Successfully completed frappe.utils.background_jobs.execute_job(event=None, is_async=True, job_name='frappe.core.doctype.scheduled_job_type.scheduled_job_type.run_scheduled_jo..., kwargs={'job_type': 'frappe.email.doctype.email_account.email_account.notify_unrep..., method='frappe.core.doctype.scheduled_job_type.scheduled_job_type.run_scheduled_jo..., site='your-site-name.localhost', user='Administrator') job in 0:00:00.418111s on worker 47c22ad186784ca5ab6e1e67732e9215
2026-09-22 17:00:06,224 home-makara-frappe-bench:default: Job OK (your-site-name.localhost||scheduled_job||51utl79ueh)
2026-09-22 17:00:06,224 Result is kept for 600 seconds
2026-09-22 17:00:06,234 home-makara-frappe-bench:default: frappe.utils.background_jobs.execute_job(event=None, is_async=True, job_name='frappe.core.doctype.scheduled_job_type.scheduled_job_type.run_scheduled_jo..., kwargs={'job_type': 'frappe.monitor.flush', 'scheduled_job_type': '51u5l2o9pg'}, method='frappe.core.doctype.scheduled_job_type.scheduled_job_type.run_scheduled_jo..., site='your-site-name.localhost', user='Administrator') (your-site-name.localhost||scheduled_job||51u5l2o9pg)
2026-09-22 17:00:06,616 Successfully completed frappe.utils.background_jobs.execute_job(event=None, is_async=True, job_name='frappe.core.doctype.scheduled_job_type.scheduled_job_type.run_scheduled_jo..., kwargs={'job_type': 'frappe.monitor.flush', 'scheduled_job_type': '51u5l2o9pg'}, method='frappe.core.doctype.scheduled_job_type.scheduled_job_type.run_scheduled_jo..., site='your-site-name.localhost', user='Administrator') job in 0:00:00.372242s on worker 47c22ad186784ca5ab6e1e67732e9215
2026-09-22 17:00:06,616 home-makara-frappe-bench:default: Job OK (your-site-name.localhost||scheduled_job||51u5l2o9pg)
2026-09-22 17:00:06,616 Result is kept for 600 seconds
2026-09-22 17:00:06,628 home-makara-frappe-bench:default: frappe.utils.background_jobs.execute_job(event=None, is_async=True, job_name='frappe.core.doctype.scheduled_job_type.scheduled_job_type.run_scheduled_jo..., kwargs={'job_type': 'frappe.deferred_insert.save_to_db', 'scheduled_job_type': '51..., method='frappe.core.doctype.scheduled_job_type.scheduled_job_type.run_scheduled_jo..., site='your-site-name.localhost', user='Administrator') (your-site-name.localhost||scheduled_job||51umjnqrgr)
2026-09-22 17:00:07,212 Successfully completed frappe.utils.background_jobs.execute_job(event=None, is_async=True, job_name='frappe.core.doctype.scheduled_job_type.scheduled_job_type.run_scheduled_jo..., kwargs={'job_type': 'frappe.deferred_insert.save_to_db', 'scheduled_job_type': '51..., method='frappe.core.doctype.scheduled_job_type.scheduled_job_type.run_scheduled_jo..., site='your-site-name.localhost', user='Administrator') job in 0:00:00.548631s on worker 47c22ad186784ca5ab6e1e67732e9215
2026-09-22 17:00:07,217 home-makara-frappe-bench:default: Job OK (your-site-name.localhost||scheduled_job||51umjnqrgr)
2026-09-22 17:00:07,217 Result is kept for 600 seconds
2026-09-22 17:00:07,235 home-makara-frappe-bench:default: frappe.utils.background_jobs.execute_job(event=None, is_async=True, job_name='frappe.core.doctype.scheduled_job_type.scheduled_job_type.run_scheduled_jo..., kwargs={'job_type': 'frappe.email.doctype.notification.notification.trigger_offset..., method='frappe.core.doctype.scheduled_job_type.scheduled_job_type.run_scheduled_jo..., site='your-site-name.localhost', user='Administrator') (your-site-name.localhost||scheduled_job||51ujdm2d34)
2026-09-22 17:00:07,702 Successfully completed frappe.utils.background_jobs.execute_job(event=None, is_async=True, job_name='frappe.core.doctype.scheduled_job_type.scheduled_job_type.run_scheduled_jo..., kwargs={'job_type': 'frappe.email.doctype.notification.notification.trigger_offset..., method='frappe.core.doctype.scheduled_job_type.scheduled_job_type.run_scheduled_jo..., site='your-site-name.localhost', user='Administrator') job in 0:00:00.451973s on worker 47c22ad186784ca5ab6e1e67732e9215
2026-09-22 17:00:07,702 home-makara-frappe-bench:default: Job OK (your-site-name.localhost||scheduled_job||51ujdm2d34)
2026-09-22 17:00:07,703 Result is kept for 600 seconds
2026-09-22 17:00:07,712 home-makara-frappe-bench:long: frappe.utils.background_jobs.execute_job(event=None, is_async=True, job_name='frappe.core.doctype.scheduled_job_type.scheduled_job_type.run_scheduled_jo..., kwargs={'job_type': 'frappe.desk.utils.delete_old_exported_report_files', 'schedul..., method='frappe.core.doctype.scheduled_job_type.scheduled_job_type.run_scheduled_jo..., site='your-site-name.localhost', user='Administrator') (your-site-name.localhost||scheduled_job||51uejdm0v2)
2026-09-22 17:00:08,110 Successfully completed frappe.utils.background_jobs.execute_job(event=None, is_async=True, job_name='frappe.core.doctype.scheduled_job_type.scheduled_job_type.run_scheduled_jo..., kwargs={'job_type': 'frappe.desk.utils.delete_old_exported_report_files', 'schedul..., method='frappe.core.doctype.scheduled_job_type.scheduled_job_type.run_scheduled_jo..., site='your-site-name.localhost', user='Administrator') job in 0:00:00.389051s on worker 47c22ad186784ca5ab6e1e67732e9215
2026-09-22 17:00:08,112 home-makara-frappe-bench:long: Job OK (your-site-name.localhost||scheduled_job||51uejdm0v2)
2026-09-22 17:00:08,112 Result is kept for 600 seconds
2026-09-22 17:00:08,121 home-makara-frappe-bench:long: frappe.utils.background_jobs.execute_job(event=None, is_async=True, job_name='frappe.core.doctype.scheduled_job_type.scheduled_job_type.run_scheduled_jo..., kwargs={'job_type': 'frappe.desk.page.backups.backups.delete_downloadable_backups'..., method='frappe.core.doctype.scheduled_job_type.scheduled_job_type.run_scheduled_jo..., site='your-site-name.localhost', user='Administrator') (your-site-name.localhost||scheduled_job||51u294fn7o)
2026-09-22 17:00:08,563 Successfully completed frappe.utils.background_jobs.execute_job(event=None, is_async=True, job_name='frappe.core.doctype.scheduled_job_type.scheduled_job_type.run_scheduled_jo..., kwargs={'job_type': 'frappe.desk.page.backups.backups.delete_downloadable_backups'..., method='frappe.core.doctype.scheduled_job_type.scheduled_job_type.run_scheduled_jo..., site='your-site-name.localhost', user='Administrator') job in 0:00:00.432345s on worker 47c22ad186784ca5ab6e1e67732e9215
2026-09-22 17:00:08,563 home-makara-frappe-bench:long: Job OK (your-site-name.localhost||scheduled_job||51u294fn7o)
2026-09-22 17:00:08,563 Result is kept for 600 seconds
2026-09-22 17:00:08,576 home-makara-frappe-bench:long: frappe.utils.background_jobs.execute_job(event=None, is_async=True, job_name='frappe.core.doctype.scheduled_job_type.scheduled_job_type.run_scheduled_jo..., kwargs={'job_type': 'frappe.website.doctype.personal_data_deletion_request.persona..., method='frappe.core.doctype.scheduled_job_type.scheduled_job_type.run_scheduled_jo..., site='your-site-name.localhost', user='Administrator') (your-site-name.localhost||scheduled_job||51urrhaejr)
2026-09-22 17:00:08,981 Successfully completed frappe.utils.background_jobs.execute_job(event=None, is_async=True, job_name='frappe.core.doctype.scheduled_job_type.scheduled_job_type.run_scheduled_jo..., kwargs={'job_type': 'frappe.website.doctype.personal_data_deletion_request.persona..., method='frappe.core.doctype.scheduled_job_type.scheduled_job_type.run_scheduled_jo..., site='your-site-name.localhost', user='Administrator') job in 0:00:00.392702s on worker 47c22ad186784ca5ab6e1e67732e9215
2026-09-22 17:00:08,981 home-makara-frappe-bench:long: Job OK (your-site-name.localhost||scheduled_job||51urrhaejr)
2026-09-22 17:00:08,981 Result is kept for 600 seconds
2026-09-22 17:00:08,988 home-makara-frappe-bench:long: frappe.utils.background_jobs.execute_job(event=None, is_async=True, job_name='frappe.core.doctype.scheduled_job_type.scheduled_job_type.run_scheduled_jo..., kwargs={'job_type': 'frappe.oauth.delete_oauth2_data', 'scheduled_job_type': '51up..., method='frappe.core.doctype.scheduled_job_type.scheduled_job_type.run_scheduled_jo..., site='your-site-name.localhost', user='Administrator') (your-site-name.localhost||scheduled_job||51up6djr17)
2026-09-22 17:00:09,471 Successfully completed frappe.utils.background_jobs.execute_job(event=None, is_async=True, job_name='frappe.core.doctype.scheduled_job_type.scheduled_job_type.run_scheduled_jo..., kwargs={'job_type': 'frappe.oauth.delete_oauth2_data', 'scheduled_job_type': '51up..., method='frappe.core.doctype.scheduled_job_type.scheduled_job_type.run_scheduled_jo..., site='your-site-name.localhost', user='Administrator') job in 0:00:00.475756s on worker 47c22ad186784ca5ab6e1e67732e9215
2026-09-22 17:00:09,471 home-makara-frappe-bench:long: Job OK (your-site-name.localhost||scheduled_job||51up6djr17)
2026-09-22 17:00:09,472 Result is kept for 600 seconds
2026-09-22 17:00:09,484 home-makara-frappe-bench:long: frappe.utils.background_jobs.execute_job(event=None, is_async=True, job_name='frappe.core.doctype.scheduled_job_type.scheduled_job_type.run_scheduled_jo..., kwargs={'job_type': 'frappe.twofactor.delete_all_barcodes_for_users', 'scheduled_j..., method='frappe.core.doctype.scheduled_job_type.scheduled_job_type.run_scheduled_jo..., site='your-site-name.localhost', user='Administrator') (your-site-name.localhost||scheduled_job||51uj9u8spk)
2026-09-22 17:00:09,932 Successfully completed frappe.utils.background_jobs.execute_job(event=None, is_async=True, job_name='frappe.core.doctype.scheduled_job_type.scheduled_job_type.run_scheduled_jo..., kwargs={'job_type': 'frappe.twofactor.delete_all_barcodes_for_users', 'scheduled_j..., method='frappe.core.doctype.scheduled_job_type.scheduled_job_type.run_scheduled_jo..., site='your-site-name.localhost', user='Administrator') job in 0:00:00.433678s on worker 47c22ad186784ca5ab6e1e67732e9215
2026-09-22 17:00:09,932 home-makara-frappe-bench:long: Job OK (your-site-name.localhost||scheduled_job||51uj9u8spk)
2026-09-22 17:00:09,932 Result is kept for 600 seconds
2026-09-22 17:00:09,941 home-makara-frappe-bench:long: frappe.utils.background_jobs.execute_job(event=None, is_async=True, job_name='frappe.core.doctype.scheduled_job_type.scheduled_job_type.run_scheduled_jo..., kwargs={'job_type': 'frappe.core.doctype.prepared_report.prepared_report.expire_st..., method='frappe.core.doctype.scheduled_job_type.scheduled_job_type.run_scheduled_jo..., site='your-site-name.localhost', user='Administrator') (your-site-name.localhost||scheduled_job||51u450j6fg)
2026-09-22 17:00:10,375 Successfully completed frappe.utils.background_jobs.execute_job(event=None, is_async=True, job_name='frappe.core.doctype.scheduled_job_type.scheduled_job_type.run_scheduled_jo..., kwargs={'job_type': 'frappe.core.doctype.prepared_report.prepared_report.expire_st..., method='frappe.core.doctype.scheduled_job_type.scheduled_job_type.run_scheduled_jo..., site='your-site-name.localhost', user='Administrator') job in 0:00:00.424812s on worker 47c22ad186784ca5ab6e1e67732e9215
2026-09-22 17:00:10,375 home-makara-frappe-bench:long: Job OK (your-site-name.localhost||scheduled_job||51u450j6fg)
2026-09-22 17:00:10,375 Result is kept for 600 seconds
2026-09-22 17:00:10,395 home-makara-frappe-bench:long: frappe.utils.background_jobs.execute_job(event=None, is_async=True, job_name='frappe.core.doctype.scheduled_job_type.scheduled_job_type.run_scheduled_jo..., kwargs={'job_type': 'frappe.model.utils.user_settings.sync_user_settings', 'schedu..., method='frappe.core.doctype.scheduled_job_type.scheduled_job_type.run_scheduled_jo..., site='your-site-name.localhost', user='Administrator') (your-site-name.localhost||scheduled_job||51uint1mto)
2026-09-22 17:00:10,831 Successfully completed frappe.utils.background_jobs.execute_job(event=None, is_async=True, job_name='frappe.core.doctype.scheduled_job_type.scheduled_job_type.run_scheduled_jo..., kwargs={'job_type': 'frappe.model.utils.user_settings.sync_user_settings', 'schedu..., method='frappe.core.doctype.scheduled_job_type.scheduled_job_type.run_scheduled_jo..., site='your-site-name.localhost', user='Administrator') job in 0:00:00.425576s on worker 47c22ad186784ca5ab6e1e67732e9215
2026-09-22 17:00:10,832 home-makara-frappe-bench:long: Job OK (your-site-name.localhost||scheduled_job||51uint1mto)
2026-09-22 17:00:10,832 Result is kept for 600 seconds
2026-09-22 17:00:10,845 home-makara-frappe-bench:long: frappe.utils.background_jobs.execute_job(event=None, is_async=True, job_name='frappe.core.doctype.scheduled_job_type.scheduled_job_type.run_scheduled_jo..., kwargs={'job_type': 'frappe.website.doctype.web_page.web_page.check_publish_status..., method='frappe.core.doctype.scheduled_job_type.scheduled_job_type.run_scheduled_jo..., site='your-site-name.localhost', user='Administrator') (your-site-name.localhost||scheduled_job||51ulukm94n)
2026-09-22 17:00:11,320 Successfully completed frappe.utils.background_jobs.execute_job(event=None, is_async=True, job_name='frappe.core.doctype.scheduled_job_type.scheduled_job_type.run_scheduled_jo..., kwargs={'job_type': 'frappe.website.doctype.web_page.web_page.check_publish_status..., method='frappe.core.doctype.scheduled_job_type.scheduled_job_type.run_scheduled_jo..., site='your-site-name.localhost', user='Administrator') job in 0:00:00.461917s on worker 47c22ad186784ca5ab6e1e67732e9215
2026-09-22 17:00:11,320 home-makara-frappe-bench:long: Job OK (your-site-name.localhost||scheduled_job||51ulukm94n)
2026-09-22 17:00:11,320 Result is kept for 600 seconds
2026-09-22 17:00:11,331 home-makara-frappe-bench:long: frappe.utils.background_jobs.execute_job(event=None, is_async=True, job_name='frappe.core.doctype.scheduled_job_type.scheduled_job_type.run_scheduled_jo..., kwargs={'job_type': 'frappe.desk.form.document_follow.send_hourly_updates', 'sched..., method='frappe.core.doctype.scheduled_job_type.scheduled_job_type.run_scheduled_jo..., site='your-site-name.localhost', user='Administrator') (your-site-name.localhost||scheduled_job||51u2gsb445)
2026-09-22 17:00:11,805 Successfully completed frappe.utils.background_jobs.execute_job(event=None, is_async=True, job_name='frappe.core.doctype.scheduled_job_type.scheduled_job_type.run_scheduled_jo..., kwargs={'job_type': 'frappe.desk.form.document_follow.send_hourly_updates', 'sched..., method='frappe.core.doctype.scheduled_job_type.scheduled_job_type.run_scheduled_jo..., site='your-site-name.localhost', user='Administrator') job in 0:00:00.465592s on worker 47c22ad186784ca5ab6e1e67732e9215
2026-09-22 17:00:11,806 home-makara-frappe-bench:long: Job OK (your-site-name.localhost||scheduled_job||51u2gsb445)
2026-09-22 17:00:11,806 Result is kept for 600 seconds
2026-09-22 17:00:30,447 Worker 47c22ad186784ca5ab6e1e67732e9215 [PID 41380]: warm shut down requested
2026-09-22 17:00:30,449 Worker 47c22ad186784ca5ab6e1e67732e9215: unsubscribing from channel rq:pubsub:47c22ad186784ca5ab6e1e67732e9215
2026-09-22 17:02:21,726 Worker 1b847b81dbbb4faea2c68e5381ecea1d: started with PID 43861, version 2.6.1
2026-09-22 17:02:21,727 Worker 1b847b81dbbb4faea2c68e5381ecea1d: subscribing to channel rq:pubsub:1b847b81dbbb4faea2c68e5381ecea1d
2026-09-22 17:02:21,730 *** Listening on home-makara-frappe-bench:short, home-makara-frappe-bench:default, home-makara-frappe-bench:long...
2026-09-22 17:02:21,731 Worker 1b847b81dbbb4faea2c68e5381ecea1d: cleaning registries for queue: home-makara-frappe-bench:short
2026-09-22 17:02:21,733 Worker 1b847b81dbbb4faea2c68e5381ecea1d: cleaning registries for queue: home-makara-frappe-bench:default
2026-09-22 17:02:21,735 Worker 1b847b81dbbb4faea2c68e5381ecea1d: cleaning registries for queue: home-makara-frappe-bench:long
2026-09-22 17:03:11,726 Worker 1b847b81dbbb4faea2c68e5381ecea1d [PID 43861]: warm shut down requested
Traceback (most recent call last):
  File "/home/makara/frappe-bench/env/lib/python3.14/site-packages/redis/connection.py", line 855, in connect_check_health
    sock = self.retry.call_with_retry(
        lambda: self._connect(), lambda error: self.disconnect(error)
    )
  File "/home/makara/frappe-bench/env/lib/python3.14/site-packages/redis/retry.py", line 116, in call_with_retry
    return do()
  File "/home/makara/frappe-bench/env/lib/python3.14/site-packages/redis/connection.py", line 856, in <lambda>
    lambda: self._connect(), lambda error: self.disconnect(error)
            ~~~~~~~~~~~~~^^
  File "/home/makara/frappe-bench/env/lib/python3.14/site-packages/redis/connection.py", line 1306, in _connect
    raise err
  File "/home/makara/frappe-bench/env/lib/python3.14/site-packages/redis/connection.py", line 1290, in _connect
    sock.connect(socket_address)
    ~~~~~~~~~~~~^^^^^^^^^^^^^^^^
ConnectionRefusedError: [Errno 111] Connection refused

During handling of the above exception, another exception occurred:

Traceback (most recent call last):
  File "/home/makara/frappe-bench/apps/frappe/frappe/utils/bench_helper.py", line 57, in invoke
    return super().invoke(ctx)
           ~~~~~~~~~~~~~~^^^^^
  File "/home/makara/frappe-bench/env/lib/python3.14/site-packages/click/core.py", line 1970, in invoke
    return _process_result(sub_ctx.command.invoke(sub_ctx))
                           ~~~~~~~~~~~~~~~~~~~~~~^^^^^^^^^
  File "/home/makara/frappe-bench/env/lib/python3.14/site-packages/click/core.py", line 1353, in invoke
    return ctx.invoke(self.callback, **ctx.params)
           ~~~~~~~~~~^^^^^^^^^^^^^^^^^^^^^^^^^^^^^
  File "/home/makara/frappe-bench/env/lib/python3.14/site-packages/click/core.py", line 907, in invoke
    return callback(*args, **kwargs)
  File "/home/makara/frappe-bench/apps/frappe/frappe/commands/scheduler.py", line 206, in start_worker
    start_worker(
    ~~~~~~~~~~~~^
    	queue,
     ^^^^^^
    ...<4 lines>...
    	strategy=strategy,
     ^^^^^^^^^^^^^^^^^^
    )
    ^
  File "/home/makara/frappe-bench/apps/frappe/frappe/utils/background_jobs.py", line 429, in start_worker
    worker.work(
    ~~~~~~~~~~~^
    	logging_level=logging_level,
     ^^^^^^^^^^^^^^^^^^^^^^^^^^^^
    ...<4 lines>...
    	with_scheduler=False,
     ^^^^^^^^^^^^^^^^^^^^^
    )
    ^
  File "/home/makara/frappe-bench/env/lib/python3.14/site-packages/rq/worker.py", line 631, in work
    self.teardown()
    ~~~~~~~~~~~~~^^
  File "/home/makara/frappe-bench/env/lib/python3.14/site-packages/rq/worker.py", line 1150, in teardown
    self.register_death()
    ~~~~~~~~~~~~~~~~~~~^^
  File "/home/makara/frappe-bench/env/lib/python3.14/site-packages/rq/worker.py", line 885, in register_death
    p.execute()
    ~~~~~~~~~^^
  File "/home/makara/frappe-bench/env/lib/python3.14/site-packages/redis/client.py", line 1687, in execute
    conn = self.connection_pool.get_connection()
  File "/home/makara/frappe-bench/env/lib/python3.14/site-packages/redis/utils.py", line 196, in wrapper
    return func(*args, **kwargs)
  File "/home/makara/frappe-bench/env/lib/python3.14/site-packages/redis/connection.py", line 2603, in get_connection
    connection.connect()
    ~~~~~~~~~~~~~~~~~~^^
  File "/home/makara/frappe-bench/env/lib/python3.14/site-packages/redis/connection.py", line 846, in connect
    self.connect_check_health(check_health=True)
    ~~~~~~~~~~~~~~~~~~~~~~~~~^^^^^^^^^^^^^^^^^^^
  File "/home/makara/frappe-bench/env/lib/python3.14/site-packages/redis/connection.py", line 863, in connect_check_health
    raise ConnectionError(self._error_message(e))
redis.exceptions.ConnectionError: Error 111 connecting to 127.0.0.1:11000. Connection refused.

Error 111 connecting to 127.0.0.1:11000. Connection refused.
2026-09-22 17:05:19,666 Worker 27f15ad2fffb471194c1e9486f01913e: started with PID 44242, version 2.6.1
2026-09-22 17:05:19,666 Worker 27f15ad2fffb471194c1e9486f01913e: subscribing to channel rq:pubsub:27f15ad2fffb471194c1e9486f01913e
2026-09-22 17:05:19,670 *** Listening on home-makara-frappe-bench:short, home-makara-frappe-bench:default, home-makara-frappe-bench:long...
2026-09-22 17:05:19,671 Worker 27f15ad2fffb471194c1e9486f01913e: cleaning registries for queue: home-makara-frappe-bench:short
2026-09-22 17:05:19,673 Worker 27f15ad2fffb471194c1e9486f01913e: cleaning registries for queue: home-makara-frappe-bench:default
2026-09-22 17:05:19,675 Worker 27f15ad2fffb471194c1e9486f01913e: cleaning registries for queue: home-makara-frappe-bench:long
2026-09-22 17:08:00,485 home-makara-frappe-bench:default: frappe.utils.background_jobs.execute_job(event=None, is_async=True, job_name='frappe.core.doctype.scheduled_job_type.scheduled_job_type.run_scheduled_jo..., kwargs={'job_type': 'frappe.automation_engine.drainer.drain_due', 'scheduled_job_t..., method='frappe.core.doctype.scheduled_job_type.scheduled_job_type.run_scheduled_jo..., site='your-site-name.localhost', user='Administrator') (your-site-name.localhost||scheduled_job||51u0dpk9ai)
2026-09-22 17:08:00,939 Successfully completed frappe.utils.background_jobs.execute_job(event=None, is_async=True, job_name='frappe.core.doctype.scheduled_job_type.scheduled_job_type.run_scheduled_jo..., kwargs={'job_type': 'frappe.automation_engine.drainer.drain_due', 'scheduled_job_t..., method='frappe.core.doctype.scheduled_job_type.scheduled_job_type.run_scheduled_jo..., site='your-site-name.localhost', user='Administrator') job in 0:00:00.420917s on worker 27f15ad2fffb471194c1e9486f01913e
2026-09-22 17:08:00,939 home-makara-frappe-bench:default: Job OK (your-site-name.localhost||scheduled_job||51u0dpk9ai)
2026-09-22 17:08:00,939 Result is kept for 600 seconds
2026-09-22 17:08:00,949 home-makara-frappe-bench:default: frappe.utils.background_jobs.execute_job(event=None, is_async=True, job_name='frappe.core.doctype.scheduled_job_type.scheduled_job_type.run_scheduled_jo..., kwargs={'job_type': 'frappe.email.queue.flush', 'scheduled_job_type': '51um9eeecb'..., method='frappe.core.doctype.scheduled_job_type.scheduled_job_type.run_scheduled_jo..., site='your-site-name.localhost', user='Administrator') (your-site-name.localhost||scheduled_job||51um9eeecb)
2026-09-22 17:08:01,286 Successfully completed frappe.utils.background_jobs.execute_job(event=None, is_async=True, job_name='frappe.core.doctype.scheduled_job_type.scheduled_job_type.run_scheduled_jo..., kwargs={'job_type': 'frappe.email.queue.flush', 'scheduled_job_type': '51um9eeecb'..., method='frappe.core.doctype.scheduled_job_type.scheduled_job_type.run_scheduled_jo..., site='your-site-name.localhost', user='Administrator') job in 0:00:00.330173s on worker 27f15ad2fffb471194c1e9486f01913e
2026-09-22 17:08:01,286 home-makara-frappe-bench:default: Job OK (your-site-name.localhost||scheduled_job||51um9eeecb)
2026-09-22 17:08:01,286 Result is kept for 600 seconds
2026-09-22 17:08:01,292 home-makara-frappe-bench:default: frappe.utils.background_jobs.execute_job(event=None, is_async=True, job_name='frappe.core.doctype.scheduled_job_type.scheduled_job_type.run_scheduled_jo..., kwargs={'job_type': 'frappe.monitor.flush', 'scheduled_job_type': '51u5l2o9pg'}, method='frappe.core.doctype.scheduled_job_type.scheduled_job_type.run_scheduled_jo..., site='your-site-name.localhost', user='Administrator') (your-site-name.localhost||scheduled_job||51u5l2o9pg)
2026-09-22 17:08:01,570 Successfully completed frappe.utils.background_jobs.execute_job(event=None, is_async=True, job_name='frappe.core.doctype.scheduled_job_type.scheduled_job_type.run_scheduled_jo..., kwargs={'job_type': 'frappe.monitor.flush', 'scheduled_job_type': '51u5l2o9pg'}, method='frappe.core.doctype.scheduled_job_type.scheduled_job_type.run_scheduled_jo..., site='your-site-name.localhost', user='Administrator') job in 0:00:00.272811s on worker 27f15ad2fffb471194c1e9486f01913e
2026-09-22 17:08:01,571 home-makara-frappe-bench:default: Job OK (your-site-name.localhost||scheduled_job||51u5l2o9pg)
2026-09-22 17:08:01,571 Result is kept for 600 seconds
2026-09-22 17:08:01,578 home-makara-frappe-bench:default: frappe.utils.background_jobs.execute_job(event=None, is_async=True, job_name='frappe.core.doctype.scheduled_job_type.scheduled_job_type.run_scheduled_jo..., kwargs={'job_type': 'frappe.email.queue.retry_sending_emails', 'scheduled_job_type..., method='frappe.core.doctype.scheduled_job_type.scheduled_job_type.run_scheduled_jo..., site='your-site-name.localhost', user='Administrator') (your-site-name.localhost||scheduled_job||51uv7phrm7)
2026-09-22 17:08:01,924 Successfully completed frappe.utils.background_jobs.execute_job(event=None, is_async=True, job_name='frappe.core.doctype.scheduled_job_type.scheduled_job_type.run_scheduled_jo..., kwargs={'job_type': 'frappe.email.queue.retry_sending_emails', 'scheduled_job_type..., method='frappe.core.doctype.scheduled_job_type.scheduled_job_type.run_scheduled_jo..., site='your-site-name.localhost', user='Administrator') job in 0:00:00.339980s on worker 27f15ad2fffb471194c1e9486f01913e
2026-09-22 17:08:01,925 home-makara-frappe-bench:default: Job OK (your-site-name.localhost||scheduled_job||51uv7phrm7)
2026-09-22 17:08:01,925 Result is kept for 600 seconds
2026-09-22 17:08:01,931 home-makara-frappe-bench:default: frappe.utils.background_jobs.execute_job(event=None, is_async=True, job_name='frappe.core.doctype.scheduled_job_type.scheduled_job_type.run_scheduled_jo..., kwargs={'job_type': 'frappe.integrations.doctype.google_calendar.google_calendar.s..., method='frappe.core.doctype.scheduled_job_type.scheduled_job_type.run_scheduled_jo..., site='your-site-name.localhost', user='Administrator') (your-site-name.localhost||scheduled_job||51u2s8slv0)
2026-09-22 17:08:02,265 Successfully completed frappe.utils.background_jobs.execute_job(event=None, is_async=True, job_name='frappe.core.doctype.scheduled_job_type.scheduled_job_type.run_scheduled_jo..., kwargs={'job_type': 'frappe.integrations.doctype.google_calendar.google_calendar.s..., method='frappe.core.doctype.scheduled_job_type.scheduled_job_type.run_scheduled_jo..., site='your-site-name.localhost', user='Administrator') job in 0:00:00.327433s on worker 27f15ad2fffb471194c1e9486f01913e
2026-09-22 17:08:02,265 home-makara-frappe-bench:default: Job OK (your-site-name.localhost||scheduled_job||51u2s8slv0)
2026-09-22 17:08:02,265 Result is kept for 600 seconds
2026-09-22 17:08:02,272 home-makara-frappe-bench:default: frappe.utils.background_jobs.execute_job(event=None, is_async=True, job_name='frappe.core.doctype.scheduled_job_type.scheduled_job_type.run_scheduled_jo..., kwargs={'job_type': 'frappe.automation_engine.scheduler.process_cron', 'scheduled_..., method='frappe.core.doctype.scheduled_job_type.scheduled_job_type.run_scheduled_jo..., site='your-site-name.localhost', user='Administrator') (your-site-name.localhost||scheduled_job||51u6ep6oat)
2026-09-22 17:08:02,578 Successfully completed frappe.utils.background_jobs.execute_job(event=None, is_async=True, job_name='frappe.core.doctype.scheduled_job_type.scheduled_job_type.run_scheduled_jo..., kwargs={'job_type': 'frappe.automation_engine.scheduler.process_cron', 'scheduled_..., method='frappe.core.doctype.scheduled_job_type.scheduled_job_type.run_scheduled_jo..., site='your-site-name.localhost', user='Administrator') job in 0:00:00.300263s on worker 27f15ad2fffb471194c1e9486f01913e
2026-09-22 17:08:02,579 home-makara-frappe-bench:default: Job OK (your-site-name.localhost||scheduled_job||51u6ep6oat)
2026-09-22 17:08:02,579 Result is kept for 600 seconds
2026-09-22 17:08:02,587 home-makara-frappe-bench:default: frappe.utils.background_jobs.execute_job(event=None, is_async=True, job_name='frappe.core.doctype.scheduled_job_type.scheduled_job_type.run_scheduled_jo..., kwargs={'job_type': 'frappe.integrations.doctype.webhook.webhook.retry_failed_webh..., method='frappe.core.doctype.scheduled_job_type.scheduled_job_type.run_scheduled_jo..., site='your-site-name.localhost', user='Administrator') (your-site-name.localhost||scheduled_job||51ugekk04n)
2026-09-22 17:08:02,926 Successfully completed frappe.utils.background_jobs.execute_job(event=None, is_async=True, job_name='frappe.core.doctype.scheduled_job_type.scheduled_job_type.run_scheduled_jo..., kwargs={'job_type': 'frappe.integrations.doctype.webhook.webhook.retry_failed_webh..., method='frappe.core.doctype.scheduled_job_type.scheduled_job_type.run_scheduled_jo..., site='your-site-name.localhost', user='Administrator') job in 0:00:00.331884s on worker 27f15ad2fffb471194c1e9486f01913e
2026-09-22 17:08:02,926 home-makara-frappe-bench:default: Job OK (your-site-name.localhost||scheduled_job||51ugekk04n)
2026-09-22 17:08:02,926 Result is kept for 600 seconds
2026-09-22 17:08:02,939 home-makara-frappe-bench:default: frappe.utils.background_jobs.execute_job(event=None, is_async=True, job_name='frappe.core.doctype.scheduled_job_type.scheduled_job_type.run_scheduled_jo..., kwargs={'job_type': 'frappe.search.sqlite_search.index_docs_in_queue', 'scheduled_..., method='frappe.core.doctype.scheduled_job_type.scheduled_job_type.run_scheduled_jo..., site='your-site-name.localhost', user='Administrator') (your-site-name.localhost||scheduled_job||51ubu6l9cg)
2026-09-22 17:08:03,269 Successfully completed frappe.utils.background_jobs.execute_job(event=None, is_async=True, job_name='frappe.core.doctype.scheduled_job_type.scheduled_job_type.run_scheduled_jo..., kwargs={'job_type': 'frappe.search.sqlite_search.index_docs_in_queue', 'scheduled_..., method='frappe.core.doctype.scheduled_job_type.scheduled_job_type.run_scheduled_jo..., site='your-site-name.localhost', user='Administrator') job in 0:00:00.322645s on worker 27f15ad2fffb471194c1e9486f01913e
2026-09-22 17:08:03,269 home-makara-frappe-bench:default: Job OK (your-site-name.localhost||scheduled_job||51ubu6l9cg)
2026-09-22 17:08:03,269 Result is kept for 600 seconds
2026-09-22 17:08:03,278 home-makara-frappe-bench:default: frappe.utils.background_jobs.execute_job(event=None, is_async=True, job_name='frappe.core.doctype.scheduled_job_type.scheduled_job_type.run_scheduled_jo..., kwargs={'job_type': 'frappe.email.doctype.notification.notification.trigger_offset..., method='frappe.core.doctype.scheduled_job_type.scheduled_job_type.run_scheduled_jo..., site='your-site-name.localhost', user='Administrator') (your-site-name.localhost||scheduled_job||51ujdm2d34)
2026-09-22 17:08:03,668 Successfully completed frappe.utils.background_jobs.execute_job(event=None, is_async=True, job_name='frappe.core.doctype.scheduled_job_type.scheduled_job_type.run_scheduled_jo..., kwargs={'job_type': 'frappe.email.doctype.notification.notification.trigger_offset..., method='frappe.core.doctype.scheduled_job_type.scheduled_job_type.run_scheduled_jo..., site='your-site-name.localhost', user='Administrator') job in 0:00:00.381453s on worker 27f15ad2fffb471194c1e9486f01913e
2026-09-22 17:08:03,669 home-makara-frappe-bench:default: Job OK (your-site-name.localhost||scheduled_job||51ujdm2d34)
2026-09-22 17:08:03,669 Result is kept for 600 seconds
2026-09-22 17:12:00,512 home-makara-frappe-bench:default: frappe.utils.background_jobs.execute_job(event=None, is_async=True, job_name='frappe.core.doctype.scheduled_job_type.scheduled_job_type.run_scheduled_jo..., kwargs={'job_type': 'frappe.integrations.doctype.google_calendar.google_calendar.s..., method='frappe.core.doctype.scheduled_job_type.scheduled_job_type.run_scheduled_jo..., site='your-site-name.localhost', user='Administrator') (your-site-name.localhost||scheduled_job||51u2s8slv0)
2026-09-22 17:12:00,844 Successfully completed frappe.utils.background_jobs.execute_job(event=None, is_async=True, job_name='frappe.core.doctype.scheduled_job_type.scheduled_job_type.run_scheduled_jo..., kwargs={'job_type': 'frappe.integrations.doctype.google_calendar.google_calendar.s..., method='frappe.core.doctype.scheduled_job_type.scheduled_job_type.run_scheduled_jo..., site='your-site-name.localhost', user='Administrator') job in 0:00:00.324620s on worker 27f15ad2fffb471194c1e9486f01913e
2026-09-22 17:12:00,844 home-makara-frappe-bench:default: Job OK (your-site-name.localhost||scheduled_job||51u2s8slv0)
2026-09-22 17:12:00,844 Result is kept for 600 seconds
2026-09-22 17:12:00,852 home-makara-frappe-bench:default: frappe.utils.background_jobs.execute_job(event=None, is_async=True, job_name='frappe.core.doctype.scheduled_job_type.scheduled_job_type.run_scheduled_jo..., kwargs={'job_type': 'frappe.email.queue.retry_sending_emails', 'scheduled_job_type..., method='frappe.core.doctype.scheduled_job_type.scheduled_job_type.run_scheduled_jo..., site='your-site-name.localhost', user='Administrator') (your-site-name.localhost||scheduled_job||51uv7phrm7)
2026-09-22 17:12:01,156 Successfully completed frappe.utils.background_jobs.execute_job(event=None, is_async=True, job_name='frappe.core.doctype.scheduled_job_type.scheduled_job_type.run_scheduled_jo..., kwargs={'job_type': 'frappe.email.queue.retry_sending_emails', 'scheduled_job_type..., method='frappe.core.doctype.scheduled_job_type.scheduled_job_type.run_scheduled_jo..., site='your-site-name.localhost', user='Administrator') job in 0:00:00.296887s on worker 27f15ad2fffb471194c1e9486f01913e
2026-09-22 17:12:01,156 home-makara-frappe-bench:default: Job OK (your-site-name.localhost||scheduled_job||51uv7phrm7)
2026-09-22 17:12:01,156 Result is kept for 600 seconds
2026-09-22 17:12:01,162 home-makara-frappe-bench:default: frappe.utils.background_jobs.execute_job(event=None, is_async=True, job_name='frappe.core.doctype.scheduled_job_type.scheduled_job_type.run_scheduled_jo..., kwargs={'job_type': 'frappe.automation_engine.scheduler.process_cron', 'scheduled_..., method='frappe.core.doctype.scheduled_job_type.scheduled_job_type.run_scheduled_jo..., site='your-site-name.localhost', user='Administrator') (your-site-name.localhost||scheduled_job||51u6ep6oat)
2026-09-22 17:12:01,446 Successfully completed frappe.utils.background_jobs.execute_job(event=None, is_async=True, job_name='frappe.core.doctype.scheduled_job_type.scheduled_job_type.run_scheduled_jo..., kwargs={'job_type': 'frappe.automation_engine.scheduler.process_cron', 'scheduled_..., method='frappe.core.doctype.scheduled_job_type.scheduled_job_type.run_scheduled_jo..., site='your-site-name.localhost', user='Administrator') job in 0:00:00.278394s on worker 27f15ad2fffb471194c1e9486f01913e
2026-09-22 17:12:01,446 home-makara-frappe-bench:default: Job OK (your-site-name.localhost||scheduled_job||51u6ep6oat)
2026-09-22 17:12:01,447 Result is kept for 600 seconds
2026-09-22 17:12:01,453 home-makara-frappe-bench:default: frappe.utils.background_jobs.execute_job(event=None, is_async=True, job_name='frappe.core.doctype.scheduled_job_type.scheduled_job_type.run_scheduled_jo..., kwargs={'job_type': 'frappe.integrations.doctype.webhook.webhook.retry_failed_webh..., method='frappe.core.doctype.scheduled_job_type.scheduled_job_type.run_scheduled_jo..., site='your-site-name.localhost', user='Administrator') (your-site-name.localhost||scheduled_job||51ugekk04n)
2026-09-22 17:12:01,753 Successfully completed frappe.utils.background_jobs.execute_job(event=None, is_async=True, job_name='frappe.core.doctype.scheduled_job_type.scheduled_job_type.run_scheduled_jo..., kwargs={'job_type': 'frappe.integrations.doctype.webhook.webhook.retry_failed_webh..., method='frappe.core.doctype.scheduled_job_type.scheduled_job_type.run_scheduled_jo..., site='your-site-name.localhost', user='Administrator') job in 0:00:00.293876s on worker 27f15ad2fffb471194c1e9486f01913e
2026-09-22 17:12:01,754 home-makara-frappe-bench:default: Job OK (your-site-name.localhost||scheduled_job||51ugekk04n)
2026-09-22 17:12:01,754 Result is kept for 600 seconds
2026-09-22 17:12:01,761 home-makara-frappe-bench:default: frappe.utils.background_jobs.execute_job(event=None, is_async=True, job_name='frappe.core.doctype.scheduled_job_type.scheduled_job_type.run_scheduled_jo..., kwargs={'job_type': 'frappe.email.doctype.email_account.email_account.pull', 'sche..., method='frappe.core.doctype.scheduled_job_type.scheduled_job_type.run_scheduled_jo..., site='your-site-name.localhost', user='Administrator') (your-site-name.localhost||scheduled_job||51u4simu78)
2026-09-22 17:12:02,081 Successfully completed frappe.utils.background_jobs.execute_job(event=None, is_async=True, job_name='frappe.core.doctype.scheduled_job_type.scheduled_job_type.run_scheduled_jo..., kwargs={'job_type': 'frappe.email.doctype.email_account.email_account.pull', 'sche..., method='frappe.core.doctype.scheduled_job_type.scheduled_job_type.run_scheduled_jo..., site='your-site-name.localhost', user='Administrator') job in 0:00:00.314158s on worker 27f15ad2fffb471194c1e9486f01913e
2026-09-22 17:12:02,081 home-makara-frappe-bench:default: Job OK (your-site-name.localhost||scheduled_job||51u4simu78)
2026-09-22 17:12:02,081 Result is kept for 600 seconds
2026-09-22 17:12:02,088 home-makara-frappe-bench:default: frappe.utils.background_jobs.execute_job(event=None, is_async=True, job_name='frappe.core.doctype.scheduled_job_type.scheduled_job_type.run_scheduled_jo..., kwargs={'job_type': 'frappe.monitor.flush', 'scheduled_job_type': '51u5l2o9pg'}, method='frappe.core.doctype.scheduled_job_type.scheduled_job_type.run_scheduled_jo..., site='your-site-name.localhost', user='Administrator') (your-site-name.localhost||scheduled_job||51u5l2o9pg)
2026-09-22 17:12:02,363 Successfully completed frappe.utils.background_jobs.execute_job(event=None, is_async=True, job_name='frappe.core.doctype.scheduled_job_type.scheduled_job_type.run_scheduled_jo..., kwargs={'job_type': 'frappe.monitor.flush', 'scheduled_job_type': '51u5l2o9pg'}, method='frappe.core.doctype.scheduled_job_type.scheduled_job_type.run_scheduled_jo..., site='your-site-name.localhost', user='Administrator') job in 0:00:00.268975s on worker 27f15ad2fffb471194c1e9486f01913e
2026-09-22 17:12:02,363 home-makara-frappe-bench:default: Job OK (your-site-name.localhost||scheduled_job||51u5l2o9pg)
2026-09-22 17:12:02,363 Result is kept for 600 seconds
2026-09-22 17:12:02,369 home-makara-frappe-bench:default: frappe.utils.background_jobs.execute_job(event=None, is_async=True, job_name='frappe.core.doctype.scheduled_job_type.scheduled_job_type.run_scheduled_jo..., kwargs={'job_type': 'frappe.email.doctype.notification.notification.trigger_offset..., method='frappe.core.doctype.scheduled_job_type.scheduled_job_type.run_scheduled_jo..., site='your-site-name.localhost', user='Administrator') (your-site-name.localhost||scheduled_job||51ujdm2d34)
2026-09-22 17:12:02,639 Successfully completed frappe.utils.background_jobs.execute_job(event=None, is_async=True, job_name='frappe.core.doctype.scheduled_job_type.scheduled_job_type.run_scheduled_jo..., kwargs={'job_type': 'frappe.email.doctype.notification.notification.trigger_offset..., method='frappe.core.doctype.scheduled_job_type.scheduled_job_type.run_scheduled_jo..., site='your-site-name.localhost', user='Administrator') job in 0:00:00.264391s on worker 27f15ad2fffb471194c1e9486f01913e
2026-09-22 17:12:02,639 home-makara-frappe-bench:default: Job OK (your-site-name.localhost||scheduled_job||51ujdm2d34)
2026-09-22 17:12:02,640 Result is kept for 600 seconds
2026-09-22 17:12:02,646 home-makara-frappe-bench:default: frappe.utils.background_jobs.execute_job(event=None, is_async=True, job_name='frappe.core.doctype.scheduled_job_type.scheduled_job_type.run_scheduled_jo..., kwargs={'job_type': 'frappe.email.queue.flush', 'scheduled_job_type': '51um9eeecb'..., method='frappe.core.doctype.scheduled_job_type.scheduled_job_type.run_scheduled_jo..., site='your-site-name.localhost', user='Administrator') (your-site-name.localhost||scheduled_job||51um9eeecb)
2026-09-22 17:12:02,932 Successfully completed frappe.utils.background_jobs.execute_job(event=None, is_async=True, job_name='frappe.core.doctype.scheduled_job_type.scheduled_job_type.run_scheduled_jo..., kwargs={'job_type': 'frappe.email.queue.flush', 'scheduled_job_type': '51um9eeecb'..., method='frappe.core.doctype.scheduled_job_type.scheduled_job_type.run_scheduled_jo..., site='your-site-name.localhost', user='Administrator') job in 0:00:00.280131s on worker 27f15ad2fffb471194c1e9486f01913e
2026-09-22 17:12:02,933 home-makara-frappe-bench:default: Job OK (your-site-name.localhost||scheduled_job||51um9eeecb)
2026-09-22 17:12:02,933 Result is kept for 600 seconds
2026-09-22 17:12:02,939 home-makara-frappe-bench:default: frappe.utils.background_jobs.execute_job(event=None, is_async=True, job_name='frappe.core.doctype.scheduled_job_type.scheduled_job_type.run_scheduled_jo..., kwargs={'job_type': 'frappe.search.sqlite_search.index_docs_in_queue', 'scheduled_..., method='frappe.core.doctype.scheduled_job_type.scheduled_job_type.run_scheduled_jo..., site='your-site-name.localhost', user='Administrator') (your-site-name.localhost||scheduled_job||51ubu6l9cg)
2026-09-22 17:12:03,238 Successfully completed frappe.utils.background_jobs.execute_job(event=None, is_async=True, job_name='frappe.core.doctype.scheduled_job_type.scheduled_job_type.run_scheduled_jo..., kwargs={'job_type': 'frappe.search.sqlite_search.index_docs_in_queue', 'scheduled_..., method='frappe.core.doctype.scheduled_job_type.scheduled_job_type.run_scheduled_jo..., site='your-site-name.localhost', user='Administrator') job in 0:00:00.291961s on worker 27f15ad2fffb471194c1e9486f01913e
2026-09-22 17:12:03,238 home-makara-frappe-bench:default: Job OK (your-site-name.localhost||scheduled_job||51ubu6l9cg)
2026-09-22 17:12:03,239 Result is kept for 600 seconds
2026-09-22 17:12:03,249 home-makara-frappe-bench:default: frappe.utils.background_jobs.execute_job(event=None, is_async=True, job_name='frappe.core.doctype.scheduled_job_type.scheduled_job_type.run_scheduled_jo..., kwargs={'job_type': 'frappe.automation_engine.drainer.drain_due', 'scheduled_job_t..., method='frappe.core.doctype.scheduled_job_type.scheduled_job_type.run_scheduled_jo..., site='your-site-name.localhost', user='Administrator') (your-site-name.localhost||scheduled_job||51u0dpk9ai)
2026-09-22 17:12:03,526 Successfully completed frappe.utils.background_jobs.execute_job(event=None, is_async=True, job_name='frappe.core.doctype.scheduled_job_type.scheduled_job_type.run_scheduled_jo..., kwargs={'job_type': 'frappe.automation_engine.drainer.drain_due', 'scheduled_job_t..., method='frappe.core.doctype.scheduled_job_type.scheduled_job_type.run_scheduled_jo..., site='your-site-name.localhost', user='Administrator') job in 0:00:00.270689s on worker 27f15ad2fffb471194c1e9486f01913e
2026-09-22 17:12:03,526 home-makara-frappe-bench:default: Job OK (your-site-name.localhost||scheduled_job||51u0dpk9ai)
2026-09-22 17:12:03,526 Result is kept for 600 seconds
2026-09-22 17:14:03,900 Worker 27f15ad2fffb471194c1e9486f01913e [PID 44242]: warm shut down requested
2026-09-22 17:14:03,909 Worker 27f15ad2fffb471194c1e9486f01913e: unsubscribing from channel rq:pubsub:27f15ad2fffb471194c1e9486f01913e
2026-09-23 11:27:02,959 Worker 6690b253a2fb47fa84f11715e5127fb4: started with PID 9974, version 2.6.1
2026-09-23 11:27:02,961 Worker 6690b253a2fb47fa84f11715e5127fb4: subscribing to channel rq:pubsub:6690b253a2fb47fa84f11715e5127fb4
2026-09-23 11:27:02,963 *** Listening on home-makara-frappe-bench:short, home-makara-frappe-bench:default, home-makara-frappe-bench:long...
2026-09-23 11:27:02,964 Worker 6690b253a2fb47fa84f11715e5127fb4: cleaning registries for queue: home-makara-frappe-bench:short
2026-09-23 11:27:02,966 Worker 6690b253a2fb47fa84f11715e5127fb4: cleaning registries for queue: home-makara-frappe-bench:default
2026-09-23 11:27:02,968 Worker 6690b253a2fb47fa84f11715e5127fb4: cleaning registries for queue: home-makara-frappe-bench:long
2026-09-23 11:28:02,102 home-makara-frappe-bench:default: frappe.utils.background_jobs.execute_job(event=None, is_async=True, job_name='frappe.core.doctype.scheduled_job_type.scheduled_job_type.run_scheduled_jo..., kwargs={'job_type': 'frappe.monitor.flush', 'scheduled_job_type': '51u5l2o9pg'}, method='frappe.core.doctype.scheduled_job_type.scheduled_job_type.run_scheduled_jo..., site='your-site-name.localhost', user='Administrator') (your-site-name.localhost||scheduled_job||51u5l2o9pg)
2026-09-23 11:28:03,398 Successfully completed frappe.utils.background_jobs.execute_job(event=None, is_async=True, job_name='frappe.core.doctype.scheduled_job_type.scheduled_job_type.run_scheduled_jo..., kwargs={'job_type': 'frappe.monitor.flush', 'scheduled_job_type': '51u5l2o9pg'}, method='frappe.core.doctype.scheduled_job_type.scheduled_job_type.run_scheduled_jo..., site='your-site-name.localhost', user='Administrator') job in 0:00:00.466670s on worker 6690b253a2fb47fa84f11715e5127fb4
2026-09-23 11:28:03,398 home-makara-frappe-bench:default: Job OK (your-site-name.localhost||scheduled_job||51u5l2o9pg)
2026-09-23 11:28:03,398 Result is kept for 600 seconds
2026-09-23 11:28:03,405 home-makara-frappe-bench:default: frappe.utils.background_jobs.execute_job(event=None, is_async=True, job_name='frappe.core.doctype.scheduled_job_type.scheduled_job_type.run_scheduled_jo..., kwargs={'job_type': 'frappe.utils.global_search.sync_global_search', 'scheduled_jo..., method='frappe.core.doctype.scheduled_job_type.scheduled_job_type.run_scheduled_jo..., site='your-site-name.localhost', user='Administrator') (your-site-name.localhost||scheduled_job||51ul1o6qkh)
2026-09-23 11:28:03,744 Successfully completed frappe.utils.background_jobs.execute_job(event=None, is_async=True, job_name='frappe.core.doctype.scheduled_job_type.scheduled_job_type.run_scheduled_jo..., kwargs={'job_type': 'frappe.utils.global_search.sync_global_search', 'scheduled_jo..., method='frappe.core.doctype.scheduled_job_type.scheduled_job_type.run_scheduled_jo..., site='your-site-name.localhost', user='Administrator') job in 0:00:00.332013s on worker 6690b253a2fb47fa84f11715e5127fb4
2026-09-23 11:28:03,745 home-makara-frappe-bench:default: Job OK (your-site-name.localhost||scheduled_job||51ul1o6qkh)
2026-09-23 11:28:03,745 Result is kept for 600 seconds
2026-09-23 11:28:03,751 home-makara-frappe-bench:default: frappe.utils.background_jobs.execute_job(event=None, is_async=True, job_name='frappe.core.doctype.scheduled_job_type.scheduled_job_type.run_scheduled_jo..., kwargs={'job_type': 'frappe.email.queue.flush', 'scheduled_job_type': '51um9eeecb'..., method='frappe.core.doctype.scheduled_job_type.scheduled_job_type.run_scheduled_jo..., site='your-site-name.localhost', user='Administrator') (your-site-name.localhost||scheduled_job||51um9eeecb)
2026-09-23 11:28:04,220 Successfully completed frappe.utils.background_jobs.execute_job(event=None, is_async=True, job_name='frappe.core.doctype.scheduled_job_type.scheduled_job_type.run_scheduled_jo..., kwargs={'job_type': 'frappe.email.queue.flush', 'scheduled_job_type': '51um9eeecb'..., method='frappe.core.doctype.scheduled_job_type.scheduled_job_type.run_scheduled_jo..., site='your-site-name.localhost', user='Administrator') job in 0:00:00.462984s on worker 6690b253a2fb47fa84f11715e5127fb4
2026-09-23 11:28:04,220 home-makara-frappe-bench:default: Job OK (your-site-name.localhost||scheduled_job||51um9eeecb)
2026-09-23 11:28:04,220 Result is kept for 600 seconds
2026-09-23 11:28:04,226 home-makara-frappe-bench:default: frappe.utils.background_jobs.execute_job(event=None, is_async=True, job_name='frappe.core.doctype.scheduled_job_type.scheduled_job_type.run_scheduled_jo..., kwargs={'job_type': 'frappe.email.doctype.email_account.email_account.notify_unrep..., method='frappe.core.doctype.scheduled_job_type.scheduled_job_type.run_scheduled_jo..., site='your-site-name.localhost', user='Administrator') (your-site-name.localhost||scheduled_job||51utl79ueh)
2026-09-23 11:28:04,555 Successfully completed frappe.utils.background_jobs.execute_job(event=None, is_async=True, job_name='frappe.core.doctype.scheduled_job_type.scheduled_job_type.run_scheduled_jo..., kwargs={'job_type': 'frappe.email.doctype.email_account.email_account.notify_unrep..., method='frappe.core.doctype.scheduled_job_type.scheduled_job_type.run_scheduled_jo..., site='your-site-name.localhost', user='Administrator') job in 0:00:00.316923s on worker 6690b253a2fb47fa84f11715e5127fb4
2026-09-23 11:28:04,555 home-makara-frappe-bench:default: Job OK (your-site-name.localhost||scheduled_job||51utl79ueh)
2026-09-23 11:28:04,556 Result is kept for 600 seconds
2026-09-23 11:28:04,562 home-makara-frappe-bench:default: frappe.utils.background_jobs.execute_job(event=None, is_async=True, job_name='frappe.core.doctype.scheduled_job_type.scheduled_job_type.run_scheduled_jo..., kwargs={'job_type': 'frappe.search.sqlite_search.index_docs_in_queue', 'scheduled_..., method='frappe.core.doctype.scheduled_job_type.scheduled_job_type.run_scheduled_jo..., site='your-site-name.localhost', user='Administrator') (your-site-name.localhost||scheduled_job||51ubu6l9cg)
2026-09-23 11:28:04,860 Successfully completed frappe.utils.background_jobs.execute_job(event=None, is_async=True, job_name='frappe.core.doctype.scheduled_job_type.scheduled_job_type.run_scheduled_jo..., kwargs={'job_type': 'frappe.search.sqlite_search.index_docs_in_queue', 'scheduled_..., method='frappe.core.doctype.scheduled_job_type.scheduled_job_type.run_scheduled_jo..., site='your-site-name.localhost', user='Administrator') job in 0:00:00.290542s on worker 6690b253a2fb47fa84f11715e5127fb4
2026-09-23 11:28:04,860 home-makara-frappe-bench:default: Job OK (your-site-name.localhost||scheduled_job||51ubu6l9cg)
2026-09-23 11:28:04,860 Result is kept for 600 seconds
2026-09-23 11:28:04,867 home-makara-frappe-bench:default: frappe.utils.background_jobs.execute_job(event=None, is_async=True, job_name='frappe.core.doctype.scheduled_job_type.scheduled_job_type.run_scheduled_jo..., kwargs={'job_type': 'frappe.integrations.doctype.google_calendar.google_calendar.s..., method='frappe.core.doctype.scheduled_job_type.scheduled_job_type.run_scheduled_jo..., site='your-site-name.localhost', user='Administrator') (your-site-name.localhost||scheduled_job||51u2s8slv0)
2026-09-23 11:28:05,274 Successfully completed frappe.utils.background_jobs.execute_job(event=None, is_async=True, job_name='frappe.core.doctype.scheduled_job_type.scheduled_job_type.run_scheduled_jo..., kwargs={'job_type': 'frappe.integrations.doctype.google_calendar.google_calendar.s..., method='frappe.core.doctype.scheduled_job_type.scheduled_job_type.run_scheduled_jo..., site='your-site-name.localhost', user='Administrator') job in 0:00:00.398574s on worker 6690b253a2fb47fa84f11715e5127fb4
2026-09-23 11:28:05,274 home-makara-frappe-bench:default: Job OK (your-site-name.localhost||scheduled_job||51u2s8slv0)
2026-09-23 11:28:05,274 Result is kept for 600 seconds
2026-09-23 11:28:05,284 home-makara-frappe-bench:default: frappe.utils.background_jobs.execute_job(event=None, is_async=True, job_name='frappe.core.doctype.scheduled_job_type.scheduled_job_type.run_scheduled_jo..., kwargs={'job_type': 'frappe.deferred_insert.save_to_db', 'scheduled_job_type': '51..., method='frappe.core.doctype.scheduled_job_type.scheduled_job_type.run_scheduled_jo..., site='your-site-name.localhost', user='Administrator') (your-site-name.localhost||scheduled_job||51umjnqrgr)
2026-09-23 11:28:05,563 Successfully completed frappe.utils.background_jobs.execute_job(event=None, is_async=True, job_name='frappe.core.doctype.scheduled_job_type.scheduled_job_type.run_scheduled_jo..., kwargs={'job_type': 'frappe.deferred_insert.save_to_db', 'scheduled_job_type': '51..., method='frappe.core.doctype.scheduled_job_type.scheduled_job_type.run_scheduled_jo..., site='your-site-name.localhost', user='Administrator') job in 0:00:00.271690s on worker 6690b253a2fb47fa84f11715e5127fb4
2026-09-23 11:28:05,563 home-makara-frappe-bench:default: Job OK (your-site-name.localhost||scheduled_job||51umjnqrgr)
2026-09-23 11:28:05,563 Result is kept for 600 seconds
2026-09-23 11:28:05,570 home-makara-frappe-bench:default: frappe.utils.background_jobs.execute_job(event=None, is_async=True, job_name='frappe.core.doctype.scheduled_job_type.scheduled_job_type.run_scheduled_jo..., kwargs={'job_type': 'frappe.email.queue.retry_sending_emails', 'scheduled_job_type..., method='frappe.core.doctype.scheduled_job_type.scheduled_job_type.run_scheduled_jo..., site='your-site-name.localhost', user='Administrator') (your-site-name.localhost||scheduled_job||51uv7phrm7)
2026-09-23 11:28:05,869 Successfully completed frappe.utils.background_jobs.execute_job(event=None, is_async=True, job_name='frappe.core.doctype.scheduled_job_type.scheduled_job_type.run_scheduled_jo..., kwargs={'job_type': 'frappe.email.queue.retry_sending_emails', 'scheduled_job_type..., method='frappe.core.doctype.scheduled_job_type.scheduled_job_type.run_scheduled_jo..., site='your-site-name.localhost', user='Administrator') job in 0:00:00.292934s on worker 6690b253a2fb47fa84f11715e5127fb4
2026-09-23 11:28:05,869 home-makara-frappe-bench:default: Job OK (your-site-name.localhost||scheduled_job||51uv7phrm7)
2026-09-23 11:28:05,869 Result is kept for 600 seconds
2026-09-23 11:28:05,879 home-makara-frappe-bench:default: frappe.utils.background_jobs.execute_job(event=None, is_async=True, job_name='frappe.core.doctype.scheduled_job_type.scheduled_job_type.run_scheduled_jo..., kwargs={'job_type': 'frappe.automation_engine.drainer.drain_due', 'scheduled_job_t..., method='frappe.core.doctype.scheduled_job_type.scheduled_job_type.run_scheduled_jo..., site='your-site-name.localhost', user='Administrator') (your-site-name.localhost||scheduled_job||51u0dpk9ai)
2026-09-23 11:28:06,212 Successfully completed frappe.utils.background_jobs.execute_job(event=None, is_async=True, job_name='frappe.core.doctype.scheduled_job_type.scheduled_job_type.run_scheduled_jo..., kwargs={'job_type': 'frappe.automation_engine.drainer.drain_due', 'scheduled_job_t..., method='frappe.core.doctype.scheduled_job_type.scheduled_job_type.run_scheduled_jo..., site='your-site-name.localhost', user='Administrator') job in 0:00:00.325327s on worker 6690b253a2fb47fa84f11715e5127fb4
2026-09-23 11:28:06,212 home-makara-frappe-bench:default: Job OK (your-site-name.localhost||scheduled_job||51u0dpk9ai)
2026-09-23 11:28:06,212 Result is kept for 600 seconds
2026-09-23 11:28:06,220 home-makara-frappe-bench:default: frappe.utils.background_jobs.execute_job(event=None, is_async=True, job_name='frappe.core.doctype.scheduled_job_type.scheduled_job_type.run_scheduled_jo..., kwargs={'job_type': 'frappe.desk.doctype.event.event.send_event_digest', 'schedule..., method='frappe.core.doctype.scheduled_job_type.scheduled_job_type.run_scheduled_jo..., site='your-site-name.localhost', user='Administrator') (your-site-name.localhost||scheduled_job||51u8hinlup)
2026-09-23 11:28:06,727 Successfully completed frappe.utils.background_jobs.execute_job(event=None, is_async=True, job_name='frappe.core.doctype.scheduled_job_type.scheduled_job_type.run_scheduled_jo..., kwargs={'job_type': 'frappe.desk.doctype.event.event.send_event_digest', 'schedule..., method='frappe.core.doctype.scheduled_job_type.scheduled_job_type.run_scheduled_jo..., site='your-site-name.localhost', user='Administrator') job in 0:00:00.500914s on worker 6690b253a2fb47fa84f11715e5127fb4
2026-09-23 11:28:06,727 home-makara-frappe-bench:default: Job OK (your-site-name.localhost||scheduled_job||51u8hinlup)
2026-09-23 11:28:06,727 Result is kept for 600 seconds
2026-09-23 11:28:06,737 home-makara-frappe-bench:default: frappe.utils.background_jobs.execute_job(event=None, is_async=True, job_name='frappe.core.doctype.scheduled_job_type.scheduled_job_type.run_scheduled_jo..., kwargs={'job_type': 'frappe.model.utils.link_count.update_link_count', 'scheduled_..., method='frappe.core.doctype.scheduled_job_type.scheduled_job_type.run_scheduled_jo..., site='your-site-name.localhost', user='Administrator') (your-site-name.localhost||scheduled_job||51utqpe235)
2026-09-23 11:28:07,030 Successfully completed frappe.utils.background_jobs.execute_job(event=None, is_async=True, job_name='frappe.core.doctype.scheduled_job_type.scheduled_job_type.run_scheduled_jo..., kwargs={'job_type': 'frappe.model.utils.link_count.update_link_count', 'scheduled_..., method='frappe.core.doctype.scheduled_job_type.scheduled_job_type.run_scheduled_jo..., site='your-site-name.localhost', user='Administrator') job in 0:00:00.286210s on worker 6690b253a2fb47fa84f11715e5127fb4
2026-09-23 11:28:07,030 home-makara-frappe-bench:default: Job OK (your-site-name.localhost||scheduled_job||51utqpe235)
2026-09-23 11:28:07,030 Result is kept for 600 seconds
2026-09-23 11:28:07,039 home-makara-frappe-bench:default: frappe.utils.background_jobs.execute_job(event=None, is_async=True, job_name='frappe.core.doctype.scheduled_job_type.scheduled_job_type.run_scheduled_jo..., kwargs={'job_type': 'frappe.automation_engine.scheduler.process_date_based', 'sche..., method='frappe.core.doctype.scheduled_job_type.scheduled_job_type.run_scheduled_jo..., site='your-site-name.localhost', user='Administrator') (your-site-name.localhost||scheduled_job||51u4fqnc3o)
2026-09-23 11:28:07,347 Successfully completed frappe.utils.background_jobs.execute_job(event=None, is_async=True, job_name='frappe.core.doctype.scheduled_job_type.scheduled_job_type.run_scheduled_jo..., kwargs={'job_type': 'frappe.automation_engine.scheduler.process_date_based', 'sche..., method='frappe.core.doctype.scheduled_job_type.scheduled_job_type.run_scheduled_jo..., site='your-site-name.localhost', user='Administrator') job in 0:00:00.302356s on worker 6690b253a2fb47fa84f11715e5127fb4
2026-09-23 11:28:07,348 home-makara-frappe-bench:default: Job OK (your-site-name.localhost||scheduled_job||51u4fqnc3o)
2026-09-23 11:28:07,348 Result is kept for 600 seconds
2026-09-23 11:28:07,355 home-makara-frappe-bench:default: frappe.utils.background_jobs.execute_job(event=None, is_async=True, job_name='frappe.core.doctype.scheduled_job_type.scheduled_job_type.run_scheduled_jo..., kwargs={'job_type': 'frappe.utils.telemetry.pulse.client.send_queued_events', 'sch..., method='frappe.core.doctype.scheduled_job_type.scheduled_job_type.run_scheduled_jo..., site='your-site-name.localhost', user='Administrator') (your-site-name.localhost||scheduled_job||51ub742nv9)
2026-09-23 11:28:07,629 Successfully completed frappe.utils.background_jobs.execute_job(event=None, is_async=True, job_name='frappe.core.doctype.scheduled_job_type.scheduled_job_type.run_scheduled_jo..., kwargs={'job_type': 'frappe.utils.telemetry.pulse.client.send_queued_events', 'sch..., method='frappe.core.doctype.scheduled_job_type.scheduled_job_type.run_scheduled_jo..., site='your-site-name.localhost', user='Administrator') job in 0:00:00.267636s on worker 6690b253a2fb47fa84f11715e5127fb4
2026-09-23 11:28:07,629 home-makara-frappe-bench:default: Job OK (your-site-name.localhost||scheduled_job||51ub742nv9)
2026-09-23 11:28:07,629 Result is kept for 600 seconds
2026-09-23 11:28:07,636 home-makara-frappe-bench:default: frappe.utils.background_jobs.execute_job(event=None, is_async=True, job_name='frappe.core.doctype.scheduled_job_type.scheduled_job_type.run_scheduled_jo..., kwargs={'job_type': 'frappe.integrations.doctype.webhook.webhook.retry_failed_webh..., method='frappe.core.doctype.scheduled_job_type.scheduled_job_type.run_scheduled_jo..., site='your-site-name.localhost', user='Administrator') (your-site-name.localhost||scheduled_job||51ugekk04n)
2026-09-23 11:28:07,940 Successfully completed frappe.utils.background_jobs.execute_job(event=None, is_async=True, job_name='frappe.core.doctype.scheduled_job_type.scheduled_job_type.run_scheduled_jo..., kwargs={'job_type': 'frappe.integrations.doctype.webhook.webhook.retry_failed_webh..., method='frappe.core.doctype.scheduled_job_type.scheduled_job_type.run_scheduled_jo..., site='your-site-name.localhost', user='Administrator') job in 0:00:00.298708s on worker 6690b253a2fb47fa84f11715e5127fb4
2026-09-23 11:28:07,940 home-makara-frappe-bench:default: Job OK (your-site-name.localhost||scheduled_job||51ugekk04n)
2026-09-23 11:28:07,941 Result is kept for 600 seconds
2026-09-23 11:28:07,948 home-makara-frappe-bench:default: frappe.utils.background_jobs.execute_job(event=None, is_async=True, job_name='frappe.core.doctype.scheduled_job_type.scheduled_job_type.run_scheduled_jo..., kwargs={'job_type': 'frappe.email.doctype.notification.notification.trigger_daily_..., method='frappe.core.doctype.scheduled_job_type.scheduled_job_type.run_scheduled_jo..., site='your-site-name.localhost', user='Administrator') (your-site-name.localhost||scheduled_job||51ut9qdkbd)
2026-09-23 11:28:08,278 Successfully completed frappe.utils.background_jobs.execute_job(event=None, is_async=True, job_name='frappe.core.doctype.scheduled_job_type.scheduled_job_type.run_scheduled_jo..., kwargs={'job_type': 'frappe.email.doctype.notification.notification.trigger_daily_..., method='frappe.core.doctype.scheduled_job_type.scheduled_job_type.run_scheduled_jo..., site='your-site-name.localhost', user='Administrator') job in 0:00:00.322926s on worker 6690b253a2fb47fa84f11715e5127fb4
2026-09-23 11:28:08,278 home-makara-frappe-bench:default: Job OK (your-site-name.localhost||scheduled_job||51ut9qdkbd)
2026-09-23 11:28:08,278 Result is kept for 600 seconds
2026-09-23 11:28:08,286 home-makara-frappe-bench:default: frappe.utils.background_jobs.execute_job(event=None, is_async=True, job_name='frappe.core.doctype.scheduled_job_type.scheduled_job_type.run_scheduled_jo..., kwargs={'job_type': 'frappe.desk.form.document_follow.send_daily_updates', 'schedu..., method='frappe.core.doctype.scheduled_job_type.scheduled_job_type.run_scheduled_jo..., site='your-site-name.localhost', user='Administrator') (your-site-name.localhost||scheduled_job||51ub3k2j0b)
2026-09-23 11:28:08,609 Successfully completed frappe.utils.background_jobs.execute_job(event=None, is_async=True, job_name='frappe.core.doctype.scheduled_job_type.scheduled_job_type.run_scheduled_jo..., kwargs={'job_type': 'frappe.desk.form.document_follow.send_daily_updates', 'schedu..., method='frappe.core.doctype.scheduled_job_type.scheduled_job_type.run_scheduled_jo..., site='your-site-name.localhost', user='Administrator') job in 0:00:00.315949s on worker 6690b253a2fb47fa84f11715e5127fb4
2026-09-23 11:28:08,609 home-makara-frappe-bench:default: Job OK (your-site-name.localhost||scheduled_job||51ub3k2j0b)
2026-09-23 11:28:08,609 Result is kept for 600 seconds
2026-09-23 11:28:08,616 home-makara-frappe-bench:default: frappe.utils.background_jobs.execute_job(event=None, is_async=True, job_name='frappe.core.doctype.scheduled_job_type.scheduled_job_type.run_scheduled_jo..., kwargs={'job_type': 'frappe.search.sqlite_search.build_index_if_not_exists', 'sche..., method='frappe.core.doctype.scheduled_job_type.scheduled_job_type.run_scheduled_jo..., site='your-site-name.localhost', user='Administrator') (your-site-name.localhost||scheduled_job||51uph3fnmd)
2026-09-23 11:28:08,903 Successfully completed frappe.utils.background_jobs.execute_job(event=None, is_async=True, job_name='frappe.core.doctype.scheduled_job_type.scheduled_job_type.run_scheduled_jo..., kwargs={'job_type': 'frappe.search.sqlite_search.build_index_if_not_exists', 'sche..., method='frappe.core.doctype.scheduled_job_type.scheduled_job_type.run_scheduled_jo..., site='your-site-name.localhost', user='Administrator') job in 0:00:00.281145s on worker 6690b253a2fb47fa84f11715e5127fb4
2026-09-23 11:28:08,904 home-makara-frappe-bench:default: Job OK (your-site-name.localhost||scheduled_job||51uph3fnmd)
2026-09-23 11:28:08,904 Result is kept for 600 seconds
2026-09-23 11:28:08,910 home-makara-frappe-bench:default: frappe.utils.background_jobs.execute_job(event=None, is_async=True, job_name='frappe.core.doctype.scheduled_job_type.scheduled_job_type.run_scheduled_jo..., kwargs={'job_type': 'frappe.automation_engine.scheduler.process_cron', 'scheduled_..., method='frappe.core.doctype.scheduled_job_type.scheduled_job_type.run_scheduled_jo..., site='your-site-name.localhost', user='Administrator') (your-site-name.localhost||scheduled_job||51u6ep6oat)
2026-09-23 11:28:09,222 Successfully completed frappe.utils.background_jobs.execute_job(event=None, is_async=True, job_name='frappe.core.doctype.scheduled_job_type.scheduled_job_type.run_scheduled_jo..., kwargs={'job_type': 'frappe.automation_engine.scheduler.process_cron', 'scheduled_..., method='frappe.core.doctype.scheduled_job_type.scheduled_job_type.run_scheduled_jo..., site='your-site-name.localhost', user='Administrator') job in 0:00:00.305626s on worker 6690b253a2fb47fa84f11715e5127fb4
2026-09-23 11:28:09,222 home-makara-frappe-bench:default: Job OK (your-site-name.localhost||scheduled_job||51u6ep6oat)
2026-09-23 11:28:09,222 Result is kept for 600 seconds
2026-09-23 11:28:09,229 home-makara-frappe-bench:default: frappe.utils.background_jobs.execute_job(event=None, is_async=True, job_name='frappe.core.doctype.scheduled_job_type.scheduled_job_type.run_scheduled_jo..., kwargs={'job_type': 'frappe.automation.doctype.reminder.reminder.send_reminders', ..., method='frappe.core.doctype.scheduled_job_type.scheduled_job_type.run_scheduled_jo..., site='your-site-name.localhost', user='Administrator') (your-site-name.localhost||scheduled_job||51ujogtifi)
2026-09-23 11:28:09,545 Successfully completed frappe.utils.background_jobs.execute_job(event=None, is_async=True, job_name='frappe.core.doctype.scheduled_job_type.scheduled_job_type.run_scheduled_jo..., kwargs={'job_type': 'frappe.automation.doctype.reminder.reminder.send_reminders', ..., method='frappe.core.doctype.scheduled_job_type.scheduled_job_type.run_scheduled_jo..., site='your-site-name.localhost', user='Administrator') job in 0:00:00.310148s on worker 6690b253a2fb47fa84f11715e5127fb4
2026-09-23 11:28:09,545 home-makara-frappe-bench:default: Job OK (your-site-name.localhost||scheduled_job||51ujogtifi)
2026-09-23 11:28:09,545 Result is kept for 600 seconds
2026-09-23 11:28:09,551 home-makara-frappe-bench:default: frappe.utils.background_jobs.execute_job(event=None, is_async=True, job_name='frappe.core.doctype.scheduled_job_type.scheduled_job_type.run_scheduled_jo..., kwargs={'job_type': 'frappe.email.doctype.notification.notification.trigger_offset..., method='frappe.core.doctype.scheduled_job_type.scheduled_job_type.run_scheduled_jo..., site='your-site-name.localhost', user='Administrator') (your-site-name.localhost||scheduled_job||51ujdm2d34)
2026-09-23 11:28:09,909 Successfully completed frappe.utils.background_jobs.execute_job(event=None, is_async=True, job_name='frappe.core.doctype.scheduled_job_type.scheduled_job_type.run_scheduled_jo..., kwargs={'job_type': 'frappe.email.doctype.notification.notification.trigger_offset..., method='frappe.core.doctype.scheduled_job_type.scheduled_job_type.run_scheduled_jo..., site='your-site-name.localhost', user='Administrator') job in 0:00:00.349599s on worker 6690b253a2fb47fa84f11715e5127fb4
2026-09-23 11:28:09,909 home-makara-frappe-bench:default: Job OK (your-site-name.localhost||scheduled_job||51ujdm2d34)
2026-09-23 11:28:09,909 Result is kept for 600 seconds
2026-09-23 11:28:09,921 home-makara-frappe-bench:default: frappe.utils.background_jobs.execute_job(event=None, is_async=True, job_name='frappe.core.doctype.scheduled_job_type.scheduled_job_type.run_scheduled_jo..., kwargs={'job_type': 'frappe.email.doctype.email_account.email_account.pull', 'sche..., method='frappe.core.doctype.scheduled_job_type.scheduled_job_type.run_scheduled_jo..., site='your-site-name.localhost', user='Administrator') (your-site-name.localhost||scheduled_job||51u4simu78)
2026-09-23 11:28:10,437 Successfully completed frappe.utils.background_jobs.execute_job(event=None, is_async=True, job_name='frappe.core.doctype.scheduled_job_type.scheduled_job_type.run_scheduled_jo..., kwargs={'job_type': 'frappe.email.doctype.email_account.email_account.pull', 'sche..., method='frappe.core.doctype.scheduled_job_type.scheduled_job_type.run_scheduled_jo..., site='your-site-name.localhost', user='Administrator') job in 0:00:00.506927s on worker 6690b253a2fb47fa84f11715e5127fb4
2026-09-23 11:28:10,438 home-makara-frappe-bench:default: Job OK (your-site-name.localhost||scheduled_job||51u4simu78)
2026-09-23 11:28:10,438 Result is kept for 600 seconds
2026-09-23 11:28:10,444 home-makara-frappe-bench:long: frappe.utils.background_jobs.execute_job(event=None, is_async=True, job_name='frappe.core.doctype.scheduled_job_type.scheduled_job_type.run_scheduled_jo..., kwargs={'job_type': 'frappe.automation.doctype.auto_repeat.auto_repeat.make_auto_r..., method='frappe.core.doctype.scheduled_job_type.scheduled_job_type.run_scheduled_jo..., site='your-site-name.localhost', user='Administrator') (your-site-name.localhost||scheduled_job||51va1suojc)
2026-09-23 11:28:10,776 Successfully completed frappe.utils.background_jobs.execute_job(event=None, is_async=True, job_name='frappe.core.doctype.scheduled_job_type.scheduled_job_type.run_scheduled_jo..., kwargs={'job_type': 'frappe.automation.doctype.auto_repeat.auto_repeat.make_auto_r..., method='frappe.core.doctype.scheduled_job_type.scheduled_job_type.run_scheduled_jo..., site='your-site-name.localhost', user='Administrator') job in 0:00:00.326030s on worker 6690b253a2fb47fa84f11715e5127fb4
2026-09-23 11:28:10,776 home-makara-frappe-bench:long: Job OK (your-site-name.localhost||scheduled_job||51va1suojc)
2026-09-23 11:28:10,776 Result is kept for 600 seconds
2026-09-23 11:28:10,783 home-makara-frappe-bench:long: frappe.utils.background_jobs.execute_job(event=None, is_async=True, job_name='frappe.core.doctype.scheduled_job_type.scheduled_job_type.run_scheduled_jo..., kwargs={'job_type': 'frappe.core.doctype.security_settings.security_settings_alert..., method='frappe.core.doctype.scheduled_job_type.scheduled_job_type.run_scheduled_jo..., site='your-site-name.localhost', user='Administrator') (your-site-name.localhost||scheduled_job||51v4gp5rp5)
2026-09-23 11:28:11,119 Successfully completed frappe.utils.background_jobs.execute_job(event=None, is_async=True, job_name='frappe.core.doctype.scheduled_job_type.scheduled_job_type.run_scheduled_jo..., kwargs={'job_type': 'frappe.core.doctype.security_settings.security_settings_alert..., method='frappe.core.doctype.scheduled_job_type.scheduled_job_type.run_scheduled_jo..., site='your-site-name.localhost', user='Administrator') job in 0:00:00.330617s on worker 6690b253a2fb47fa84f11715e5127fb4
2026-09-23 11:28:11,120 home-makara-frappe-bench:long: Job OK (your-site-name.localhost||scheduled_job||51v4gp5rp5)
2026-09-23 11:28:11,120 Result is kept for 600 seconds
2026-09-23 11:28:11,127 home-makara-frappe-bench:long: frappe.utils.background_jobs.execute_job(event=None, is_async=True, job_name='frappe.core.doctype.scheduled_job_type.scheduled_job_type.run_scheduled_jo..., kwargs={'job_type': 'frappe.model.utils.user_settings.sync_user_settings', 'schedu..., method='frappe.core.doctype.scheduled_job_type.scheduled_job_type.run_scheduled_jo..., site='your-site-name.localhost', user='Administrator') (your-site-name.localhost||scheduled_job||51uint1mto)
2026-09-23 11:28:11,442 Successfully completed frappe.utils.background_jobs.execute_job(event=None, is_async=True, job_name='frappe.core.doctype.scheduled_job_type.scheduled_job_type.run_scheduled_jo..., kwargs={'job_type': 'frappe.model.utils.user_settings.sync_user_settings', 'schedu..., method='frappe.core.doctype.scheduled_job_type.scheduled_job_type.run_scheduled_jo..., site='your-site-name.localhost', user='Administrator') job in 0:00:00.308420s on worker 6690b253a2fb47fa84f11715e5127fb4
2026-09-23 11:28:11,442 home-makara-frappe-bench:long: Job OK (your-site-name.localhost||scheduled_job||51uint1mto)
2026-09-23 11:28:11,442 Result is kept for 600 seconds
2026-09-23 11:28:11,451 home-makara-frappe-bench:long: frappe.utils.background_jobs.execute_job(event=None, is_async=True, job_name='frappe.core.doctype.scheduled_job_type.scheduled_job_type.run_scheduled_jo..., kwargs={'job_type': 'frappe.core.doctype.prepared_report.prepared_report.expire_st..., method='frappe.core.doctype.scheduled_job_type.scheduled_job_type.run_scheduled_jo..., site='your-site-name.localhost', user='Administrator') (your-site-name.localhost||scheduled_job||51u450j6fg)
2026-09-23 11:28:11,846 Successfully completed frappe.utils.background_jobs.execute_job(event=None, is_async=True, job_name='frappe.core.doctype.scheduled_job_type.scheduled_job_type.run_scheduled_jo..., kwargs={'job_type': 'frappe.core.doctype.prepared_report.prepared_report.expire_st..., method='frappe.core.doctype.scheduled_job_type.scheduled_job_type.run_scheduled_jo..., site='your-site-name.localhost', user='Administrator') job in 0:00:00.388883s on worker 6690b253a2fb47fa84f11715e5127fb4
2026-09-23 11:28:11,846 home-makara-frappe-bench:long: Job OK (your-site-name.localhost||scheduled_job||51u450j6fg)
2026-09-23 11:28:11,846 Result is kept for 600 seconds
2026-09-23 11:28:11,853 home-makara-frappe-bench:long: frappe.utils.background_jobs.execute_job(event=None, is_async=True, job_name='frappe.core.doctype.scheduled_job_type.scheduled_job_type.run_scheduled_jo..., kwargs={'job_type': 'frappe.desk.form.document_follow.send_hourly_updates', 'sched..., method='frappe.core.doctype.scheduled_job_type.scheduled_job_type.run_scheduled_jo..., site='your-site-name.localhost', user='Administrator') (your-site-name.localhost||scheduled_job||51u2gsb445)
2026-09-23 11:28:12,253 Successfully completed frappe.utils.background_jobs.execute_job(event=None, is_async=True, job_name='frappe.core.doctype.scheduled_job_type.scheduled_job_type.run_scheduled_jo..., kwargs={'job_type': 'frappe.desk.form.document_follow.send_hourly_updates', 'sched..., method='frappe.core.doctype.scheduled_job_type.scheduled_job_type.run_scheduled_jo..., site='your-site-name.localhost', user='Administrator') job in 0:00:00.379892s on worker 6690b253a2fb47fa84f11715e5127fb4
2026-09-23 11:28:12,253 home-makara-frappe-bench:long: Job OK (your-site-name.localhost||scheduled_job||51u2gsb445)
2026-09-23 11:28:12,253 Result is kept for 600 seconds
2026-09-23 11:28:12,272 home-makara-frappe-bench:long: frappe.utils.background_jobs.execute_job(event=None, is_async=True, job_name='frappe.core.doctype.scheduled_job_type.scheduled_job_type.run_scheduled_jo..., kwargs={'job_type': 'frappe.twofactor.delete_all_barcodes_for_users', 'scheduled_j..., method='frappe.core.doctype.scheduled_job_type.scheduled_job_type.run_scheduled_jo..., site='your-site-name.localhost', user='Administrator') (your-site-name.localhost||scheduled_job||51uj9u8spk)
2026-09-23 11:28:12,644 Successfully completed frappe.utils.background_jobs.execute_job(event=None, is_async=True, job_name='frappe.core.doctype.scheduled_job_type.scheduled_job_type.run_scheduled_jo..., kwargs={'job_type': 'frappe.twofactor.delete_all_barcodes_for_users', 'scheduled_j..., method='frappe.core.doctype.scheduled_job_type.scheduled_job_type.run_scheduled_jo..., site='your-site-name.localhost', user='Administrator') job in 0:00:00.361012s on worker 6690b253a2fb47fa84f11715e5127fb4
2026-09-23 11:28:12,644 home-makara-frappe-bench:long: Job OK (your-site-name.localhost||scheduled_job||51uj9u8spk)
2026-09-23 11:28:12,644 Result is kept for 600 seconds
2026-09-23 11:28:12,651 home-makara-frappe-bench:long: frappe.utils.background_jobs.execute_job(event=None, is_async=True, job_name='frappe.core.doctype.scheduled_job_type.scheduled_job_type.run_scheduled_jo..., kwargs={'job_type': 'frappe.website.doctype.web_page.web_page.check_publish_status..., method='frappe.core.doctype.scheduled_job_type.scheduled_job_type.run_scheduled_jo..., site='your-site-name.localhost', user='Administrator') (your-site-name.localhost||scheduled_job||51ulukm94n)
2026-09-23 11:28:13,016 Successfully completed frappe.utils.background_jobs.execute_job(event=None, is_async=True, job_name='frappe.core.doctype.scheduled_job_type.scheduled_job_type.run_scheduled_jo..., kwargs={'job_type': 'frappe.website.doctype.web_page.web_page.check_publish_status..., method='frappe.core.doctype.scheduled_job_type.scheduled_job_type.run_scheduled_jo..., site='your-site-name.localhost', user='Administrator') job in 0:00:00.357874s on worker 6690b253a2fb47fa84f11715e5127fb4
2026-09-23 11:28:13,016 home-makara-frappe-bench:long: Job OK (your-site-name.localhost||scheduled_job||51ulukm94n)
2026-09-23 11:28:13,016 Result is kept for 600 seconds
2026-09-23 11:28:13,025 home-makara-frappe-bench:long: frappe.utils.background_jobs.execute_job(event=None, is_async=True, job_name='frappe.core.doctype.scheduled_job_type.scheduled_job_type.run_scheduled_jo..., kwargs={'job_type': 'frappe.desk.utils.delete_old_exported_report_files', 'schedul..., method='frappe.core.doctype.scheduled_job_type.scheduled_job_type.run_scheduled_jo..., site='your-site-name.localhost', user='Administrator') (your-site-name.localhost||scheduled_job||51uejdm0v2)
2026-09-23 11:28:13,396 Successfully completed frappe.utils.background_jobs.execute_job(event=None, is_async=True, job_name='frappe.core.doctype.scheduled_job_type.scheduled_job_type.run_scheduled_jo..., kwargs={'job_type': 'frappe.desk.utils.delete_old_exported_report_files', 'schedul..., method='frappe.core.doctype.scheduled_job_type.scheduled_job_type.run_scheduled_jo..., site='your-site-name.localhost', user='Administrator') job in 0:00:00.364849s on worker 6690b253a2fb47fa84f11715e5127fb4
2026-09-23 11:28:13,397 home-makara-frappe-bench:long: Job OK (your-site-name.localhost||scheduled_job||51uejdm0v2)
2026-09-23 11:28:13,397 Result is kept for 600 seconds
2026-09-23 11:28:13,405 home-makara-frappe-bench:long: frappe.utils.background_jobs.execute_job(event=None, is_async=True, job_name='frappe.core.doctype.scheduled_job_type.scheduled_job_type.run_scheduled_jo..., kwargs={'job_type': 'frappe.email.doctype.auto_email_report.auto_email_report.send..., method='frappe.core.doctype.scheduled_job_type.scheduled_job_type.run_scheduled_jo..., site='your-site-name.localhost', user='Administrator') (your-site-name.localhost||scheduled_job||51v8mkjbt8)
2026-09-23 11:28:14,111 Successfully completed frappe.utils.background_jobs.execute_job(event=None, is_async=True, job_name='frappe.core.doctype.scheduled_job_type.scheduled_job_type.run_scheduled_jo..., kwargs={'job_type': 'frappe.email.doctype.auto_email_report.auto_email_report.send..., method='frappe.core.doctype.scheduled_job_type.scheduled_job_type.run_scheduled_jo..., site='your-site-name.localhost', user='Administrator') job in 0:00:00.695947s on worker 6690b253a2fb47fa84f11715e5127fb4
2026-09-23 11:28:14,111 home-makara-frappe-bench:long: Job OK (your-site-name.localhost||scheduled_job||51v8mkjbt8)
2026-09-23 11:28:14,111 Result is kept for 600 seconds
2026-09-23 11:28:14,120 home-makara-frappe-bench:long: frappe.utils.background_jobs.execute_job(event=None, is_async=True, job_name='frappe.core.doctype.scheduled_job_type.scheduled_job_type.run_scheduled_jo..., kwargs={'job_type': 'frappe.sessions.clear_expired_sessions', 'scheduled_job_type'..., method='frappe.core.doctype.scheduled_job_type.scheduled_job_type.run_scheduled_jo..., site='your-site-name.localhost', user='Administrator') (your-site-name.localhost||scheduled_job||51vd1o0nlf)
2026-09-23 11:28:14,466 Successfully completed frappe.utils.background_jobs.execute_job(event=None, is_async=True, job_name='frappe.core.doctype.scheduled_job_type.scheduled_job_type.run_scheduled_jo..., kwargs={'job_type': 'frappe.sessions.clear_expired_sessions', 'scheduled_job_type'..., method='frappe.core.doctype.scheduled_job_type.scheduled_job_type.run_scheduled_jo..., site='your-site-name.localhost', user='Administrator') job in 0:00:00.338015s on worker 6690b253a2fb47fa84f11715e5127fb4
2026-09-23 11:28:14,466 home-makara-frappe-bench:long: Job OK (your-site-name.localhost||scheduled_job||51vd1o0nlf)
2026-09-23 11:28:14,466 Result is kept for 600 seconds
2026-09-23 11:28:14,477 home-makara-frappe-bench:long: frappe.utils.background_jobs.execute_job(event=None, is_async=True, job_name='frappe.core.doctype.scheduled_job_type.scheduled_job_type.run_scheduled_jo..., kwargs={'job_type': 'frappe.core.doctype.user_invitation.user_invitation.mark_expi..., method='frappe.core.doctype.scheduled_job_type.scheduled_job_type.run_scheduled_jo..., site='your-site-name.localhost', user='Administrator') (your-site-name.localhost||scheduled_job||51vrqu4ibs)
2026-09-23 11:28:14,870 Successfully completed frappe.utils.background_jobs.execute_job(event=None, is_async=True, job_name='frappe.core.doctype.scheduled_job_type.scheduled_job_type.run_scheduled_jo..., kwargs={'job_type': 'frappe.core.doctype.user_invitation.user_invitation.mark_expi..., method='frappe.core.doctype.scheduled_job_type.scheduled_job_type.run_scheduled_jo..., site='your-site-name.localhost', user='Administrator') job in 0:00:00.383792s on worker 6690b253a2fb47fa84f11715e5127fb4
2026-09-23 11:28:14,870 home-makara-frappe-bench:long: Job OK (your-site-name.localhost||scheduled_job||51vrqu4ibs)
2026-09-23 11:28:14,870 Result is kept for 600 seconds
2026-09-23 11:28:14,877 home-makara-frappe-bench:long: frappe.utils.background_jobs.execute_job(event=None, is_async=True, job_name='frappe.core.doctype.scheduled_job_type.scheduled_job_type.run_scheduled_jo..., kwargs={'job_type': 'frappe.website.doctype.personal_data_deletion_request.persona..., method='frappe.core.doctype.scheduled_job_type.scheduled_job_type.run_scheduled_jo..., site='your-site-name.localhost', user='Administrator') (your-site-name.localhost||scheduled_job||51vmhir4ku)
2026-09-23 11:28:15,195 Successfully completed frappe.utils.background_jobs.execute_job(event=None, is_async=True, job_name='frappe.core.doctype.scheduled_job_type.scheduled_job_type.run_scheduled_jo..., kwargs={'job_type': 'frappe.website.doctype.personal_data_deletion_request.persona..., method='frappe.core.doctype.scheduled_job_type.scheduled_job_type.run_scheduled_jo..., site='your-site-name.localhost', user='Administrator') job in 0:00:00.312340s on worker 6690b253a2fb47fa84f11715e5127fb4
2026-09-23 11:28:15,196 home-makara-frappe-bench:long: Job OK (your-site-name.localhost||scheduled_job||51vmhir4ku)
2026-09-23 11:28:15,196 Result is kept for 600 seconds
2026-09-23 11:28:15,206 home-makara-frappe-bench:long: frappe.utils.background_jobs.execute_job(event=None, is_async=True, job_name='frappe.core.doctype.scheduled_job_type.scheduled_job_type.run_scheduled_jo..., kwargs={'job_type': 'frappe.automation_engine.drainer.purge_queue', 'scheduled_job..., method='frappe.core.doctype.scheduled_job_type.scheduled_job_type.run_scheduled_jo..., site='your-site-name.localhost', user='Administrator') (your-site-name.localhost||scheduled_job||51vglg1ifr)
2026-09-23 11:28:15,613 Successfully completed frappe.utils.background_jobs.execute_job(event=None, is_async=True, job_name='frappe.core.doctype.scheduled_job_type.scheduled_job_type.run_scheduled_jo..., kwargs={'job_type': 'frappe.automation_engine.drainer.purge_queue', 'scheduled_job..., method='frappe.core.doctype.scheduled_job_type.scheduled_job_type.run_scheduled_jo..., site='your-site-name.localhost', user='Administrator') job in 0:00:00.399013s on worker 6690b253a2fb47fa84f11715e5127fb4
2026-09-23 11:28:15,613 home-makara-frappe-bench:long: Job OK (your-site-name.localhost||scheduled_job||51vglg1ifr)
2026-09-23 11:28:15,613 Result is kept for 600 seconds
2026-09-23 11:28:15,621 home-makara-frappe-bench:long: frappe.utils.background_jobs.execute_job(event=None, is_async=True, job_name='frappe.core.doctype.scheduled_job_type.scheduled_job_type.run_scheduled_jo..., kwargs={'job_type': 'frappe.oauth.delete_oauth2_data', 'scheduled_job_type': '51up..., method='frappe.core.doctype.scheduled_job_type.scheduled_job_type.run_scheduled_jo..., site='your-site-name.localhost', user='Administrator') (your-site-name.localhost||scheduled_job||51up6djr17)
2026-09-23 11:28:16,045 Successfully completed frappe.utils.background_jobs.execute_job(event=None, is_async=True, job_name='frappe.core.doctype.scheduled_job_type.scheduled_job_type.run_scheduled_jo..., kwargs={'job_type': 'frappe.oauth.delete_oauth2_data', 'scheduled_job_type': '51up..., method='frappe.core.doctype.scheduled_job_type.scheduled_job_type.run_scheduled_jo..., site='your-site-name.localhost', user='Administrator') job in 0:00:00.417501s on worker 6690b253a2fb47fa84f11715e5127fb4
2026-09-23 11:28:16,045 home-makara-frappe-bench:long: Job OK (your-site-name.localhost||scheduled_job||51up6djr17)
2026-09-23 11:28:16,045 Result is kept for 600 seconds
2026-09-23 11:28:16,052 home-makara-frappe-bench:long: frappe.utils.background_jobs.execute_job(event=None, is_async=True, job_name='frappe.core.doctype.scheduled_job_type.scheduled_job_type.run_scheduled_jo..., kwargs={'job_type': 'frappe.integrations.doctype.oauth_client.oauth_client.delete_..., method='frappe.core.doctype.scheduled_job_type.scheduled_job_type.run_scheduled_jo..., site='your-site-name.localhost', user='Administrator') (your-site-name.localhost||scheduled_job||51vfnt45kh)
2026-09-23 11:28:16,379 Successfully completed frappe.utils.background_jobs.execute_job(event=None, is_async=True, job_name='frappe.core.doctype.scheduled_job_type.scheduled_job_type.run_scheduled_jo..., kwargs={'job_type': 'frappe.integrations.doctype.oauth_client.oauth_client.delete_..., method='frappe.core.doctype.scheduled_job_type.scheduled_job_type.run_scheduled_jo..., site='your-site-name.localhost', user='Administrator') job in 0:00:00.317759s on worker 6690b253a2fb47fa84f11715e5127fb4
2026-09-23 11:28:16,379 home-makara-frappe-bench:long: Job OK (your-site-name.localhost||scheduled_job||51vfnt45kh)
2026-09-23 11:28:16,379 Result is kept for 600 seconds
2026-09-23 11:28:16,388 home-makara-frappe-bench:long: frappe.utils.background_jobs.execute_job(event=None, is_async=True, job_name='frappe.core.doctype.scheduled_job_type.scheduled_job_type.run_scheduled_jo..., kwargs={'job_type': 'frappe.core.doctype.log_settings.log_settings.run_log_clean_u..., method='frappe.core.doctype.scheduled_job_type.scheduled_job_type.run_scheduled_jo..., site='your-site-name.localhost', user='Administrator') (your-site-name.localhost||scheduled_job||51v3eg5984)
2026-09-23 11:28:16,922 Successfully completed frappe.utils.background_jobs.execute_job(event=None, is_async=True, job_name='frappe.core.doctype.scheduled_job_type.scheduled_job_type.run_scheduled_jo..., kwargs={'job_type': 'frappe.core.doctype.log_settings.log_settings.run_log_clean_u..., method='frappe.core.doctype.scheduled_job_type.scheduled_job_type.run_scheduled_jo..., site='your-site-name.localhost', user='Administrator') job in 0:00:00.527851s on worker 6690b253a2fb47fa84f11715e5127fb4
2026-09-23 11:28:16,922 home-makara-frappe-bench:long: Job OK (your-site-name.localhost||scheduled_job||51v3eg5984)
2026-09-23 11:28:16,922 Result is kept for 600 seconds
2026-09-23 11:28:16,930 home-makara-frappe-bench:long: frappe.utils.background_jobs.execute_job(event=None, is_async=True, job_name='frappe.core.doctype.scheduled_job_type.scheduled_job_type.run_scheduled_jo..., kwargs={'job_type': 'frappe.desk.notifications.clear_notifications', 'scheduled_jo..., method='frappe.core.doctype.scheduled_job_type.scheduled_job_type.run_scheduled_jo..., site='your-site-name.localhost', user='Administrator') (your-site-name.localhost||scheduled_job||51vpbgvt79)
2026-09-23 11:28:17,229 Successfully completed frappe.utils.background_jobs.execute_job(event=None, is_async=True, job_name='frappe.core.doctype.scheduled_job_type.scheduled_job_type.run_scheduled_jo..., kwargs={'job_type': 'frappe.desk.notifications.clear_notifications', 'scheduled_jo..., method='frappe.core.doctype.scheduled_job_type.scheduled_job_type.run_scheduled_jo..., site='your-site-name.localhost', user='Administrator') job in 0:00:00.291947s on worker 6690b253a2fb47fa84f11715e5127fb4
2026-09-23 11:28:17,229 home-makara-frappe-bench:long: Job OK (your-site-name.localhost||scheduled_job||51vpbgvt79)
2026-09-23 11:28:17,229 Result is kept for 600 seconds
2026-09-23 11:28:17,237 home-makara-frappe-bench:long: frappe.utils.background_jobs.execute_job(event=None, is_async=True, job_name='frappe.core.doctype.scheduled_job_type.scheduled_job_type.run_scheduled_jo..., kwargs={'job_type': 'frappe.website.doctype.personal_data_deletion_request.persona..., method='frappe.core.doctype.scheduled_job_type.scheduled_job_type.run_scheduled_jo..., site='your-site-name.localhost', user='Administrator') (your-site-name.localhost||scheduled_job||51urrhaejr)
2026-09-23 11:28:17,575 Successfully completed frappe.utils.background_jobs.execute_job(event=None, is_async=True, job_name='frappe.core.doctype.scheduled_job_type.scheduled_job_type.run_scheduled_jo..., kwargs={'job_type': 'frappe.website.doctype.personal_data_deletion_request.persona..., method='frappe.core.doctype.scheduled_job_type.scheduled_job_type.run_scheduled_jo..., site='your-site-name.localhost', user='Administrator') job in 0:00:00.330993s on worker 6690b253a2fb47fa84f11715e5127fb4
2026-09-23 11:28:17,576 home-makara-frappe-bench:long: Job OK (your-site-name.localhost||scheduled_job||51urrhaejr)
2026-09-23 11:28:17,576 Result is kept for 600 seconds
2026-09-23 11:28:17,585 home-makara-frappe-bench:long: frappe.utils.background_jobs.execute_job(event=None, is_async=True, job_name='frappe.core.doctype.scheduled_job_type.scheduled_job_type.run_scheduled_jo..., kwargs={'job_type': 'frappe.desk.page.backups.backups.delete_downloadable_backups'..., method='frappe.core.doctype.scheduled_job_type.scheduled_job_type.run_scheduled_jo..., site='your-site-name.localhost', user='Administrator') (your-site-name.localhost||scheduled_job||51u294fn7o)
2026-09-23 11:28:17,916 Successfully completed frappe.utils.background_jobs.execute_job(event=None, is_async=True, job_name='frappe.core.doctype.scheduled_job_type.scheduled_job_type.run_scheduled_jo..., kwargs={'job_type': 'frappe.desk.page.backups.backups.delete_downloadable_backups'..., method='frappe.core.doctype.scheduled_job_type.scheduled_job_type.run_scheduled_jo..., site='your-site-name.localhost', user='Administrator') job in 0:00:00.322909s on worker 6690b253a2fb47fa84f11715e5127fb4
2026-09-23 11:28:17,916 home-makara-frappe-bench:long: Job OK (your-site-name.localhost||scheduled_job||51u294fn7o)
2026-09-23 11:28:17,916 Result is kept for 600 seconds
2026-09-23 11:28:17,925 home-makara-frappe-bench:long: frappe.utils.background_jobs.execute_job(event=None, is_async=True, job_name='frappe.automation.doctype.auto_repeat.auto_repeat.create_repeated_entries', kwargs={'data': []}, method='frappe.automation.doctype.auto_repeat.auto_repeat.create_repeated_entries', site='your-site-name.localhost', user='Administrator') (your-site-name.localhost||e0946e65-45fc-4848-aeb1-3fc1413411f7)
2026-09-23 11:28:18,055 Successfully completed frappe.utils.background_jobs.execute_job(event=None, is_async=True, job_name='frappe.automation.doctype.auto_repeat.auto_repeat.create_repeated_entries', kwargs={'data': []}, method='frappe.automation.doctype.auto_repeat.auto_repeat.create_repeated_entries', site='your-site-name.localhost', user='Administrator') job in 0:00:00.122591s on worker 6690b253a2fb47fa84f11715e5127fb4
2026-09-23 11:28:18,056 home-makara-frappe-bench:long: Job OK (your-site-name.localhost||e0946e65-45fc-4848-aeb1-3fc1413411f7)
2026-09-23 11:28:18,056 Result is kept for 600 seconds
2026-09-23 11:32:00,901 home-makara-frappe-bench:default: frappe.utils.background_jobs.execute_job(event=None, is_async=True, job_name='frappe.core.doctype.scheduled_job_type.scheduled_job_type.run_scheduled_jo..., kwargs={'job_type': 'frappe.automation_engine.drainer.drain_due', 'scheduled_job_t..., method='frappe.core.doctype.scheduled_job_type.scheduled_job_type.run_scheduled_jo..., site='your-site-name.localhost', user='Administrator') (your-site-name.localhost||scheduled_job||51u0dpk9ai)
2026-09-23 11:32:01,195 Successfully completed frappe.utils.background_jobs.execute_job(event=None, is_async=True, job_name='frappe.core.doctype.scheduled_job_type.scheduled_job_type.run_scheduled_jo..., kwargs={'job_type': 'frappe.automation_engine.drainer.drain_due', 'scheduled_job_t..., method='frappe.core.doctype.scheduled_job_type.scheduled_job_type.run_scheduled_jo..., site='your-site-name.localhost', user='Administrator') job in 0:00:00.286968s on worker 6690b253a2fb47fa84f11715e5127fb4
2026-09-23 11:32:01,195 home-makara-frappe-bench:default: Job OK (your-site-name.localhost||scheduled_job||51u0dpk9ai)
2026-09-23 11:32:01,195 Result is kept for 600 seconds
2026-09-23 11:32:01,205 home-makara-frappe-bench:default: frappe.utils.background_jobs.execute_job(event=None, is_async=True, job_name='frappe.core.doctype.scheduled_job_type.scheduled_job_type.run_scheduled_jo..., kwargs={'job_type': 'frappe.model.utils.link_count.update_link_count', 'scheduled_..., method='frappe.core.doctype.scheduled_job_type.scheduled_job_type.run_scheduled_jo..., site='your-site-name.localhost', user='Administrator') (your-site-name.localhost||scheduled_job||51utqpe235)
2026-09-23 11:32:01,485 Successfully completed frappe.utils.background_jobs.execute_job(event=None, is_async=True, job_name='frappe.core.doctype.scheduled_job_type.scheduled_job_type.run_scheduled_jo..., kwargs={'job_type': 'frappe.model.utils.link_count.update_link_count', 'scheduled_..., method='frappe.core.doctype.scheduled_job_type.scheduled_job_type.run_scheduled_jo..., site='your-site-name.localhost', user='Administrator') job in 0:00:00.273384s on worker 6690b253a2fb47fa84f11715e5127fb4
2026-09-23 11:32:01,485 home-makara-frappe-bench:default: Job OK (your-site-name.localhost||scheduled_job||51utqpe235)
2026-09-23 11:32:01,485 Result is kept for 600 seconds
2026-09-23 11:32:01,492 home-makara-frappe-bench:default: frappe.utils.background_jobs.execute_job(event=None, is_async=True, job_name='frappe.core.doctype.scheduled_job_type.scheduled_job_type.run_scheduled_jo..., kwargs={'job_type': 'frappe.integrations.doctype.webhook.webhook.retry_failed_webh..., method='frappe.core.doctype.scheduled_job_type.scheduled_job_type.run_scheduled_jo..., site='your-site-name.localhost', user='Administrator') (your-site-name.localhost||scheduled_job||51ugekk04n)
2026-09-23 11:32:01,876 Successfully completed frappe.utils.background_jobs.execute_job(event=None, is_async=True, job_name='frappe.core.doctype.scheduled_job_type.scheduled_job_type.run_scheduled_jo..., kwargs={'job_type': 'frappe.integrations.doctype.webhook.webhook.retry_failed_webh..., method='frappe.core.doctype.scheduled_job_type.scheduled_job_type.run_scheduled_jo..., site='your-site-name.localhost', user='Administrator') job in 0:00:00.377038s on worker 6690b253a2fb47fa84f11715e5127fb4
2026-09-23 11:32:01,876 home-makara-frappe-bench:default: Job OK (your-site-name.localhost||scheduled_job||51ugekk04n)
2026-09-23 11:32:01,876 Result is kept for 600 seconds
2026-09-23 11:32:01,885 home-makara-frappe-bench:default: frappe.utils.background_jobs.execute_job(event=None, is_async=True, job_name='frappe.core.doctype.scheduled_job_type.scheduled_job_type.run_scheduled_jo..., kwargs={'job_type': 'frappe.email.queue.flush', 'scheduled_job_type': '51um9eeecb'..., method='frappe.core.doctype.scheduled_job_type.scheduled_job_type.run_scheduled_jo..., site='your-site-name.localhost', user='Administrator') (your-site-name.localhost||scheduled_job||51um9eeecb)
2026-09-23 11:32:02,233 Successfully completed frappe.utils.background_jobs.execute_job(event=None, is_async=True, job_name='frappe.core.doctype.scheduled_job_type.scheduled_job_type.run_scheduled_jo..., kwargs={'job_type': 'frappe.email.queue.flush', 'scheduled_job_type': '51um9eeecb'..., method='frappe.core.doctype.scheduled_job_type.scheduled_job_type.run_scheduled_jo..., site='your-site-name.localhost', user='Administrator') job in 0:00:00.339540s on worker 6690b253a2fb47fa84f11715e5127fb4
2026-09-23 11:32:02,233 home-makara-frappe-bench:default: Job OK (your-site-name.localhost||scheduled_job||51um9eeecb)
2026-09-23 11:32:02,233 Result is kept for 600 seconds
2026-09-23 11:32:02,240 home-makara-frappe-bench:default: frappe.utils.background_jobs.execute_job(event=None, is_async=True, job_name='frappe.core.doctype.scheduled_job_type.scheduled_job_type.run_scheduled_jo..., kwargs={'job_type': 'frappe.integrations.doctype.google_calendar.google_calendar.s..., method='frappe.core.doctype.scheduled_job_type.scheduled_job_type.run_scheduled_jo..., site='your-site-name.localhost', user='Administrator') (your-site-name.localhost||scheduled_job||51u2s8slv0)
2026-09-23 11:32:02,552 Successfully completed frappe.utils.background_jobs.execute_job(event=None, is_async=True, job_name='frappe.core.doctype.scheduled_job_type.scheduled_job_type.run_scheduled_jo..., kwargs={'job_type': 'frappe.integrations.doctype.google_calendar.google_calendar.s..., method='frappe.core.doctype.scheduled_job_type.scheduled_job_type.run_scheduled_jo..., site='your-site-name.localhost', user='Administrator') job in 0:00:00.303781s on worker 6690b253a2fb47fa84f11715e5127fb4
2026-09-23 11:32:02,552 home-makara-frappe-bench:default: Job OK (your-site-name.localhost||scheduled_job||51u2s8slv0)
2026-09-23 11:32:02,553 Result is kept for 600 seconds
2026-09-23 11:32:02,560 home-makara-frappe-bench:default: frappe.utils.background_jobs.execute_job(event=None, is_async=True, job_name='frappe.core.doctype.scheduled_job_type.scheduled_job_type.run_scheduled_jo..., kwargs={'job_type': 'frappe.utils.telemetry.pulse.client.send_queued_events', 'sch..., method='frappe.core.doctype.scheduled_job_type.scheduled_job_type.run_scheduled_jo..., site='your-site-name.localhost', user='Administrator') (your-site-name.localhost||scheduled_job||51ub742nv9)
2026-09-23 11:32:02,863 Successfully completed frappe.utils.background_jobs.execute_job(event=None, is_async=True, job_name='frappe.core.doctype.scheduled_job_type.scheduled_job_type.run_scheduled_jo..., kwargs={'job_type': 'frappe.utils.telemetry.pulse.client.send_queued_events', 'sch..., method='frappe.core.doctype.scheduled_job_type.scheduled_job_type.run_scheduled_jo..., site='your-site-name.localhost', user='Administrator') job in 0:00:00.297168s on worker 6690b253a2fb47fa84f11715e5127fb4
2026-09-23 11:32:02,863 home-makara-frappe-bench:default: Job OK (your-site-name.localhost||scheduled_job||51ub742nv9)
2026-09-23 11:32:02,863 Result is kept for 600 seconds
2026-09-23 11:32:02,870 home-makara-frappe-bench:default: frappe.utils.background_jobs.execute_job(event=None, is_async=True, job_name='frappe.core.doctype.scheduled_job_type.scheduled_job_type.run_scheduled_jo..., kwargs={'job_type': 'frappe.utils.global_search.sync_global_search', 'scheduled_jo..., method='frappe.core.doctype.scheduled_job_type.scheduled_job_type.run_scheduled_jo..., site='your-site-name.localhost', user='Administrator') (your-site-name.localhost||scheduled_job||51ul1o6qkh)
2026-09-23 11:32:03,159 Successfully completed frappe.utils.background_jobs.execute_job(event=None, is_async=True, job_name='frappe.core.doctype.scheduled_job_type.scheduled_job_type.run_scheduled_jo..., kwargs={'job_type': 'frappe.utils.global_search.sync_global_search', 'scheduled_jo..., method='frappe.core.doctype.scheduled_job_type.scheduled_job_type.run_scheduled_jo..., site='your-site-name.localhost', user='Administrator') job in 0:00:00.282958s on worker 6690b253a2fb47fa84f11715e5127fb4
2026-09-23 11:32:03,159 home-makara-frappe-bench:default: Job OK (your-site-name.localhost||scheduled_job||51ul1o6qkh)
2026-09-23 11:32:03,159 Result is kept for 600 seconds
2026-09-23 11:32:03,173 home-makara-frappe-bench:default: frappe.utils.background_jobs.execute_job(event=None, is_async=True, job_name='frappe.core.doctype.scheduled_job_type.scheduled_job_type.run_scheduled_jo..., kwargs={'job_type': 'frappe.deferred_insert.save_to_db', 'scheduled_job_type': '51..., method='frappe.core.doctype.scheduled_job_type.scheduled_job_type.run_scheduled_jo..., site='your-site-name.localhost', user='Administrator') (your-site-name.localhost||scheduled_job||51umjnqrgr)
2026-09-23 11:32:03,532 Successfully completed frappe.utils.background_jobs.execute_job(event=None, is_async=True, job_name='frappe.core.doctype.scheduled_job_type.scheduled_job_type.run_scheduled_jo..., kwargs={'job_type': 'frappe.deferred_insert.save_to_db', 'scheduled_job_type': '51..., method='frappe.core.doctype.scheduled_job_type.scheduled_job_type.run_scheduled_jo..., site='your-site-name.localhost', user='Administrator') job in 0:00:00.352821s on worker 6690b253a2fb47fa84f11715e5127fb4
2026-09-23 11:32:03,532 home-makara-frappe-bench:default: Job OK (your-site-name.localhost||scheduled_job||51umjnqrgr)
2026-09-23 11:32:03,532 Result is kept for 600 seconds
2026-09-23 11:32:03,538 home-makara-frappe-bench:default: frappe.utils.background_jobs.execute_job(event=None, is_async=True, job_name='frappe.core.doctype.scheduled_job_type.scheduled_job_type.run_scheduled_jo..., kwargs={'job_type': 'frappe.email.doctype.notification.notification.trigger_offset..., method='frappe.core.doctype.scheduled_job_type.scheduled_job_type.run_scheduled_jo..., site='your-site-name.localhost', user='Administrator') (your-site-name.localhost||scheduled_job||51ujdm2d34)
2026-09-23 11:32:03,839 Successfully completed frappe.utils.background_jobs.execute_job(event=None, is_async=True, job_name='frappe.core.doctype.scheduled_job_type.scheduled_job_type.run_scheduled_jo..., kwargs={'job_type': 'frappe.email.doctype.notification.notification.trigger_offset..., method='frappe.core.doctype.scheduled_job_type.scheduled_job_type.run_scheduled_jo..., site='your-site-name.localhost', user='Administrator') job in 0:00:00.294438s on worker 6690b253a2fb47fa84f11715e5127fb4
2026-09-23 11:32:03,839 home-makara-frappe-bench:default: Job OK (your-site-name.localhost||scheduled_job||51ujdm2d34)
2026-09-23 11:32:03,839 Result is kept for 600 seconds
2026-09-23 11:32:03,845 home-makara-frappe-bench:default: frappe.utils.background_jobs.execute_job(event=None, is_async=True, job_name='frappe.core.doctype.scheduled_job_type.scheduled_job_type.run_scheduled_jo..., kwargs={'job_type': 'frappe.email.queue.retry_sending_emails', 'scheduled_job_type..., method='frappe.core.doctype.scheduled_job_type.scheduled_job_type.run_scheduled_jo..., site='your-site-name.localhost', user='Administrator') (your-site-name.localhost||scheduled_job||51uv7phrm7)
2026-09-23 11:32:04,137 Successfully completed frappe.utils.background_jobs.execute_job(event=None, is_async=True, job_name='frappe.core.doctype.scheduled_job_type.scheduled_job_type.run_scheduled_jo..., kwargs={'job_type': 'frappe.email.queue.retry_sending_emails', 'scheduled_job_type..., method='frappe.core.doctype.scheduled_job_type.scheduled_job_type.run_scheduled_jo..., site='your-site-name.localhost', user='Administrator') job in 0:00:00.285104s on worker 6690b253a2fb47fa84f11715e5127fb4
2026-09-23 11:32:04,137 home-makara-frappe-bench:default: Job OK (your-site-name.localhost||scheduled_job||51uv7phrm7)
2026-09-23 11:32:04,137 Result is kept for 600 seconds
2026-09-23 11:32:04,143 home-makara-frappe-bench:default: frappe.utils.background_jobs.execute_job(event=None, is_async=True, job_name='frappe.core.doctype.scheduled_job_type.scheduled_job_type.run_scheduled_jo..., kwargs={'job_type': 'frappe.automation_engine.scheduler.process_cron', 'scheduled_..., method='frappe.core.doctype.scheduled_job_type.scheduled_job_type.run_scheduled_jo..., site='your-site-name.localhost', user='Administrator') (your-site-name.localhost||scheduled_job||51u6ep6oat)
2026-09-23 11:32:04,634 Successfully completed frappe.utils.background_jobs.execute_job(event=None, is_async=True, job_name='frappe.core.doctype.scheduled_job_type.scheduled_job_type.run_scheduled_jo..., kwargs={'job_type': 'frappe.automation_engine.scheduler.process_cron', 'scheduled_..., method='frappe.core.doctype.scheduled_job_type.scheduled_job_type.run_scheduled_jo..., site='your-site-name.localhost', user='Administrator') job in 0:00:00.484569s on worker 6690b253a2fb47fa84f11715e5127fb4
2026-09-23 11:32:04,634 home-makara-frappe-bench:default: Job OK (your-site-name.localhost||scheduled_job||51u6ep6oat)
2026-09-23 11:32:04,634 Result is kept for 600 seconds
2026-09-23 11:32:04,640 home-makara-frappe-bench:default: frappe.utils.background_jobs.execute_job(event=None, is_async=True, job_name='frappe.core.doctype.scheduled_job_type.scheduled_job_type.run_scheduled_jo..., kwargs={'job_type': 'frappe.automation.doctype.reminder.reminder.send_reminders', ..., method='frappe.core.doctype.scheduled_job_type.scheduled_job_type.run_scheduled_jo..., site='your-site-name.localhost', user='Administrator') (your-site-name.localhost||scheduled_job||51ujogtifi)
2026-09-23 11:32:04,922 Successfully completed frappe.utils.background_jobs.execute_job(event=None, is_async=True, job_name='frappe.core.doctype.scheduled_job_type.scheduled_job_type.run_scheduled_jo..., kwargs={'job_type': 'frappe.automation.doctype.reminder.reminder.send_reminders', ..., method='frappe.core.doctype.scheduled_job_type.scheduled_job_type.run_scheduled_jo..., site='your-site-name.localhost', user='Administrator') job in 0:00:00.276242s on worker 6690b253a2fb47fa84f11715e5127fb4
2026-09-23 11:32:04,923 home-makara-frappe-bench:default: Job OK (your-site-name.localhost||scheduled_job||51ujogtifi)
2026-09-23 11:32:04,923 Result is kept for 600 seconds
2026-09-23 11:32:04,931 home-makara-frappe-bench:default: frappe.utils.background_jobs.execute_job(event=None, is_async=True, job_name='frappe.core.doctype.scheduled_job_type.scheduled_job_type.run_scheduled_jo..., kwargs={'job_type': 'frappe.email.doctype.email_account.email_account.notify_unrep..., method='frappe.core.doctype.scheduled_job_type.scheduled_job_type.run_scheduled_jo..., site='your-site-name.localhost', user='Administrator') (your-site-name.localhost||scheduled_job||51utl79ueh)
2026-09-23 11:32:05,239 Successfully completed frappe.utils.background_jobs.execute_job(event=None, is_async=True, job_name='frappe.core.doctype.scheduled_job_type.scheduled_job_type.run_scheduled_jo..., kwargs={'job_type': 'frappe.email.doctype.email_account.email_account.notify_unrep..., method='frappe.core.doctype.scheduled_job_type.scheduled_job_type.run_scheduled_jo..., site='your-site-name.localhost', user='Administrator') job in 0:00:00.301325s on worker 6690b253a2fb47fa84f11715e5127fb4
2026-09-23 11:32:05,239 home-makara-frappe-bench:default: Job OK (your-site-name.localhost||scheduled_job||51utl79ueh)
2026-09-23 11:32:05,239 Result is kept for 600 seconds
2026-09-23 11:32:05,246 home-makara-frappe-bench:default: frappe.utils.background_jobs.execute_job(event=None, is_async=True, job_name='frappe.core.doctype.scheduled_job_type.scheduled_job_type.run_scheduled_jo..., kwargs={'job_type': 'frappe.email.doctype.email_account.email_account.pull', 'sche..., method='frappe.core.doctype.scheduled_job_type.scheduled_job_type.run_scheduled_jo..., site='your-site-name.localhost', user='Administrator') (your-site-name.localhost||scheduled_job||51u4simu78)
2026-09-23 11:32:05,547 Successfully completed frappe.utils.background_jobs.execute_job(event=None, is_async=True, job_name='frappe.core.doctype.scheduled_job_type.scheduled_job_type.run_scheduled_jo..., kwargs={'job_type': 'frappe.email.doctype.email_account.email_account.pull', 'sche..., method='frappe.core.doctype.scheduled_job_type.scheduled_job_type.run_scheduled_jo..., site='your-site-name.localhost', user='Administrator') job in 0:00:00.295579s on worker 6690b253a2fb47fa84f11715e5127fb4
2026-09-23 11:32:05,547 home-makara-frappe-bench:default: Job OK (your-site-name.localhost||scheduled_job||51u4simu78)
2026-09-23 11:32:05,547 Result is kept for 600 seconds
2026-09-23 11:32:05,554 home-makara-frappe-bench:default: frappe.utils.background_jobs.execute_job(event=None, is_async=True, job_name='frappe.core.doctype.scheduled_job_type.scheduled_job_type.run_scheduled_jo..., kwargs={'job_type': 'frappe.search.sqlite_search.index_docs_in_queue', 'scheduled_..., method='frappe.core.doctype.scheduled_job_type.scheduled_job_type.run_scheduled_jo..., site='your-site-name.localhost', user='Administrator') (your-site-name.localhost||scheduled_job||51ubu6l9cg)
2026-09-23 11:32:05,838 Successfully completed frappe.utils.background_jobs.execute_job(event=None, is_async=True, job_name='frappe.core.doctype.scheduled_job_type.scheduled_job_type.run_scheduled_jo..., kwargs={'job_type': 'frappe.search.sqlite_search.index_docs_in_queue', 'scheduled_..., method='frappe.core.doctype.scheduled_job_type.scheduled_job_type.run_scheduled_jo..., site='your-site-name.localhost', user='Administrator') job in 0:00:00.277841s on worker 6690b253a2fb47fa84f11715e5127fb4
2026-09-23 11:32:05,838 home-makara-frappe-bench:default: Job OK (your-site-name.localhost||scheduled_job||51ubu6l9cg)
2026-09-23 11:32:05,838 Result is kept for 600 seconds
2026-09-23 11:32:05,845 home-makara-frappe-bench:default: frappe.utils.background_jobs.execute_job(event=None, is_async=True, job_name='frappe.core.doctype.scheduled_job_type.scheduled_job_type.run_scheduled_jo..., kwargs={'job_type': 'frappe.monitor.flush', 'scheduled_job_type': '51u5l2o9pg'}, method='frappe.core.doctype.scheduled_job_type.scheduled_job_type.run_scheduled_jo..., site='your-site-name.localhost', user='Administrator') (your-site-name.localhost||scheduled_job||51u5l2o9pg)
2026-09-23 11:32:06,147 Successfully completed frappe.utils.background_jobs.execute_job(event=None, is_async=True, job_name='frappe.core.doctype.scheduled_job_type.scheduled_job_type.run_scheduled_jo..., kwargs={'job_type': 'frappe.monitor.flush', 'scheduled_job_type': '51u5l2o9pg'}, method='frappe.core.doctype.scheduled_job_type.scheduled_job_type.run_scheduled_jo..., site='your-site-name.localhost', user='Administrator') job in 0:00:00.293815s on worker 6690b253a2fb47fa84f11715e5127fb4
2026-09-23 11:32:06,147 home-makara-frappe-bench:default: Job OK (your-site-name.localhost||scheduled_job||51u5l2o9pg)
2026-09-23 11:32:06,147 Result is kept for 600 seconds
2026-09-23 11:36:00,945 home-makara-frappe-bench:default: frappe.utils.background_jobs.execute_job(event=None, is_async=True, job_name='frappe.core.doctype.scheduled_job_type.scheduled_job_type.run_scheduled_jo..., kwargs={'job_type': 'frappe.automation_engine.drainer.drain_due', 'scheduled_job_t..., method='frappe.core.doctype.scheduled_job_type.scheduled_job_type.run_scheduled_jo..., site='your-site-name.localhost', user='Administrator') (your-site-name.localhost||scheduled_job||51u0dpk9ai)
2026-09-23 11:36:01,561 Successfully completed frappe.utils.background_jobs.execute_job(event=None, is_async=True, job_name='frappe.core.doctype.scheduled_job_type.scheduled_job_type.run_scheduled_jo..., kwargs={'job_type': 'frappe.automation_engine.drainer.drain_due', 'scheduled_job_t..., method='frappe.core.doctype.scheduled_job_type.scheduled_job_type.run_scheduled_jo..., site='your-site-name.localhost', user='Administrator') job in 0:00:00.600119s on worker 6690b253a2fb47fa84f11715e5127fb4
2026-09-23 11:36:01,562 home-makara-frappe-bench:default: Job OK (your-site-name.localhost||scheduled_job||51u0dpk9ai)
2026-09-23 11:36:01,562 Result is kept for 600 seconds
2026-09-23 11:36:01,583 home-makara-frappe-bench:default: frappe.utils.background_jobs.execute_job(event=None, is_async=True, job_name='frappe.core.doctype.scheduled_job_type.scheduled_job_type.run_scheduled_jo..., kwargs={'job_type': 'frappe.integrations.doctype.google_calendar.google_calendar.s..., method='frappe.core.doctype.scheduled_job_type.scheduled_job_type.run_scheduled_jo..., site='your-site-name.localhost', user='Administrator') (your-site-name.localhost||scheduled_job||51u2s8slv0)
2026-09-23 11:36:02,074 Successfully completed frappe.utils.background_jobs.execute_job(event=None, is_async=True, job_name='frappe.core.doctype.scheduled_job_type.scheduled_job_type.run_scheduled_jo..., kwargs={'job_type': 'frappe.integrations.doctype.google_calendar.google_calendar.s..., method='frappe.core.doctype.scheduled_job_type.scheduled_job_type.run_scheduled_jo..., site='your-site-name.localhost', user='Administrator') job in 0:00:00.482317s on worker 6690b253a2fb47fa84f11715e5127fb4
2026-09-23 11:36:02,074 home-makara-frappe-bench:default: Job OK (your-site-name.localhost||scheduled_job||51u2s8slv0)
2026-09-23 11:36:02,074 Result is kept for 600 seconds
2026-09-23 11:36:02,082 home-makara-frappe-bench:default: frappe.utils.background_jobs.execute_job(event=None, is_async=True, job_name='frappe.core.doctype.scheduled_job_type.scheduled_job_type.run_scheduled_jo..., kwargs={'job_type': 'frappe.monitor.flush', 'scheduled_job_type': '51u5l2o9pg'}, method='frappe.core.doctype.scheduled_job_type.scheduled_job_type.run_scheduled_jo..., site='your-site-name.localhost', user='Administrator') (your-site-name.localhost||scheduled_job||51u5l2o9pg)
2026-09-23 11:36:02,406 Successfully completed frappe.utils.background_jobs.execute_job(event=None, is_async=True, job_name='frappe.core.doctype.scheduled_job_type.scheduled_job_type.run_scheduled_jo..., kwargs={'job_type': 'frappe.monitor.flush', 'scheduled_job_type': '51u5l2o9pg'}, method='frappe.core.doctype.scheduled_job_type.scheduled_job_type.run_scheduled_jo..., site='your-site-name.localhost', user='Administrator') job in 0:00:00.317213s on worker 6690b253a2fb47fa84f11715e5127fb4
2026-09-23 11:36:02,406 home-makara-frappe-bench:default: Job OK (your-site-name.localhost||scheduled_job||51u5l2o9pg)
2026-09-23 11:36:02,406 Result is kept for 600 seconds
2026-09-23 11:36:02,414 home-makara-frappe-bench:default: frappe.utils.background_jobs.execute_job(event=None, is_async=True, job_name='frappe.core.doctype.scheduled_job_type.scheduled_job_type.run_scheduled_jo..., kwargs={'job_type': 'frappe.email.queue.flush', 'scheduled_job_type': '51um9eeecb'..., method='frappe.core.doctype.scheduled_job_type.scheduled_job_type.run_scheduled_jo..., site='your-site-name.localhost', user='Administrator') (your-site-name.localhost||scheduled_job||51um9eeecb)
2026-09-23 11:36:02,743 Successfully completed frappe.utils.background_jobs.execute_job(event=None, is_async=True, job_name='frappe.core.doctype.scheduled_job_type.scheduled_job_type.run_scheduled_jo..., kwargs={'job_type': 'frappe.email.queue.flush', 'scheduled_job_type': '51um9eeecb'..., method='frappe.core.doctype.scheduled_job_type.scheduled_job_type.run_scheduled_jo..., site='your-site-name.localhost', user='Administrator') job in 0:00:00.320764s on worker 6690b253a2fb47fa84f11715e5127fb4
2026-09-23 11:36:02,743 home-makara-frappe-bench:default: Job OK (your-site-name.localhost||scheduled_job||51um9eeecb)
2026-09-23 11:36:02,743 Result is kept for 600 seconds
2026-09-23 11:36:02,752 home-makara-frappe-bench:default: frappe.utils.background_jobs.execute_job(event=None, is_async=True, job_name='frappe.core.doctype.scheduled_job_type.scheduled_job_type.run_scheduled_jo..., kwargs={'job_type': 'frappe.email.queue.retry_sending_emails', 'scheduled_job_type..., method='frappe.core.doctype.scheduled_job_type.scheduled_job_type.run_scheduled_jo..., site='your-site-name.localhost', user='Administrator') (your-site-name.localhost||scheduled_job||51uv7phrm7)
2026-09-23 11:36:03,068 Successfully completed frappe.utils.background_jobs.execute_job(event=None, is_async=True, job_name='frappe.core.doctype.scheduled_job_type.scheduled_job_type.run_scheduled_jo..., kwargs={'job_type': 'frappe.email.queue.retry_sending_emails', 'scheduled_job_type..., method='frappe.core.doctype.scheduled_job_type.scheduled_job_type.run_scheduled_jo..., site='your-site-name.localhost', user='Administrator') job in 0:00:00.308950s on worker 6690b253a2fb47fa84f11715e5127fb4
2026-09-23 11:36:03,069 home-makara-frappe-bench:default: Job OK (your-site-name.localhost||scheduled_job||51uv7phrm7)
2026-09-23 11:36:03,069 Result is kept for 600 seconds
2026-09-23 11:36:03,077 home-makara-frappe-bench:default: frappe.utils.background_jobs.execute_job(event=None, is_async=True, job_name='frappe.core.doctype.scheduled_job_type.scheduled_job_type.run_scheduled_jo..., kwargs={'job_type': 'frappe.automation_engine.scheduler.process_cron', 'scheduled_..., method='frappe.core.doctype.scheduled_job_type.scheduled_job_type.run_scheduled_jo..., site='your-site-name.localhost', user='Administrator') (your-site-name.localhost||scheduled_job||51u6ep6oat)
2026-09-23 11:36:03,390 Successfully completed frappe.utils.background_jobs.execute_job(event=None, is_async=True, job_name='frappe.core.doctype.scheduled_job_type.scheduled_job_type.run_scheduled_jo..., kwargs={'job_type': 'frappe.automation_engine.scheduler.process_cron', 'scheduled_..., method='frappe.core.doctype.scheduled_job_type.scheduled_job_type.run_scheduled_jo..., site='your-site-name.localhost', user='Administrator') job in 0:00:00.302730s on worker 6690b253a2fb47fa84f11715e5127fb4
2026-09-23 11:36:03,390 home-makara-frappe-bench:default: Job OK (your-site-name.localhost||scheduled_job||51u6ep6oat)
2026-09-23 11:36:03,390 Result is kept for 600 seconds
2026-09-23 11:36:03,397 home-makara-frappe-bench:default: frappe.utils.background_jobs.execute_job(event=None, is_async=True, job_name='frappe.core.doctype.scheduled_job_type.scheduled_job_type.run_scheduled_jo..., kwargs={'job_type': 'frappe.search.sqlite_search.index_docs_in_queue', 'scheduled_..., method='frappe.core.doctype.scheduled_job_type.scheduled_job_type.run_scheduled_jo..., site='your-site-name.localhost', user='Administrator') (your-site-name.localhost||scheduled_job||51ubu6l9cg)
2026-09-23 11:36:03,698 Successfully completed frappe.utils.background_jobs.execute_job(event=None, is_async=True, job_name='frappe.core.doctype.scheduled_job_type.scheduled_job_type.run_scheduled_jo..., kwargs={'job_type': 'frappe.search.sqlite_search.index_docs_in_queue', 'scheduled_..., method='frappe.core.doctype.scheduled_job_type.scheduled_job_type.run_scheduled_jo..., site='your-site-name.localhost', user='Administrator') job in 0:00:00.295594s on worker 6690b253a2fb47fa84f11715e5127fb4
2026-09-23 11:36:03,698 home-makara-frappe-bench:default: Job OK (your-site-name.localhost||scheduled_job||51ubu6l9cg)
2026-09-23 11:36:03,698 Result is kept for 600 seconds
2026-09-23 11:36:03,705 home-makara-frappe-bench:default: frappe.utils.background_jobs.execute_job(event=None, is_async=True, job_name='frappe.core.doctype.scheduled_job_type.scheduled_job_type.run_scheduled_jo..., kwargs={'job_type': 'frappe.email.doctype.notification.notification.trigger_offset..., method='frappe.core.doctype.scheduled_job_type.scheduled_job_type.run_scheduled_jo..., site='your-site-name.localhost', user='Administrator') (your-site-name.localhost||scheduled_job||51ujdm2d34)
2026-09-23 11:36:03,986 Successfully completed frappe.utils.background_jobs.execute_job(event=None, is_async=True, job_name='frappe.core.doctype.scheduled_job_type.scheduled_job_type.run_scheduled_jo..., kwargs={'job_type': 'frappe.email.doctype.notification.notification.trigger_offset..., method='frappe.core.doctype.scheduled_job_type.scheduled_job_type.run_scheduled_jo..., site='your-site-name.localhost', user='Administrator') job in 0:00:00.274638s on worker 6690b253a2fb47fa84f11715e5127fb4
2026-09-23 11:36:03,986 home-makara-frappe-bench:default: Job OK (your-site-name.localhost||scheduled_job||51ujdm2d34)
2026-09-23 11:36:03,986 Result is kept for 600 seconds
2026-09-23 11:36:03,992 home-makara-frappe-bench:default: frappe.utils.background_jobs.execute_job(event=None, is_async=True, job_name='frappe.core.doctype.scheduled_job_type.scheduled_job_type.run_scheduled_jo..., kwargs={'job_type': 'frappe.integrations.doctype.webhook.webhook.retry_failed_webh..., method='frappe.core.doctype.scheduled_job_type.scheduled_job_type.run_scheduled_jo..., site='your-site-name.localhost', user='Administrator') (your-site-name.localhost||scheduled_job||51ugekk04n)
2026-09-23 11:36:04,298 Successfully completed frappe.utils.background_jobs.execute_job(event=None, is_async=True, job_name='frappe.core.doctype.scheduled_job_type.scheduled_job_type.run_scheduled_jo..., kwargs={'job_type': 'frappe.integrations.doctype.webhook.webhook.retry_failed_webh..., method='frappe.core.doctype.scheduled_job_type.scheduled_job_type.run_scheduled_jo..., site='your-site-name.localhost', user='Administrator') job in 0:00:00.298879s on worker 6690b253a2fb47fa84f11715e5127fb4
2026-09-23 11:36:04,298 home-makara-frappe-bench:default: Job OK (your-site-name.localhost||scheduled_job||51ugekk04n)
2026-09-23 11:36:04,298 Result is kept for 600 seconds
2026-09-23 11:40:00,877 home-makara-frappe-bench:default: frappe.utils.background_jobs.execute_job(event=None, is_async=True, job_name='frappe.core.doctype.scheduled_job_type.scheduled_job_type.run_scheduled_jo..., kwargs={'job_type': 'frappe.integrations.doctype.webhook.webhook.retry_failed_webh..., method='frappe.core.doctype.scheduled_job_type.scheduled_job_type.run_scheduled_jo..., site='your-site-name.localhost', user='Administrator') (your-site-name.localhost||scheduled_job||51ugekk04n)
2026-09-23 11:40:01,561 Successfully completed frappe.utils.background_jobs.execute_job(event=None, is_async=True, job_name='frappe.core.doctype.scheduled_job_type.scheduled_job_type.run_scheduled_jo..., kwargs={'job_type': 'frappe.integrations.doctype.webhook.webhook.retry_failed_webh..., method='frappe.core.doctype.scheduled_job_type.scheduled_job_type.run_scheduled_jo..., site='your-site-name.localhost', user='Administrator') job in 0:00:00.655386s on worker 6690b253a2fb47fa84f11715e5127fb4
2026-09-23 11:40:01,561 home-makara-frappe-bench:default: Job OK (your-site-name.localhost||scheduled_job||51ugekk04n)
2026-09-23 11:40:01,562 Result is kept for 600 seconds
2026-09-23 11:40:01,572 Worker 6690b253a2fb47fa84f11715e5127fb4: cleaning registries for queue: home-makara-frappe-bench:short
2026-09-23 11:40:01,579 Worker 6690b253a2fb47fa84f11715e5127fb4: cleaning registries for queue: home-makara-frappe-bench:default
2026-09-23 11:40:01,581 Worker 6690b253a2fb47fa84f11715e5127fb4: cleaning registries for queue: home-makara-frappe-bench:long
2026-09-23 11:40:01,584 home-makara-frappe-bench:default: frappe.utils.background_jobs.execute_job(event=None, is_async=True, job_name='frappe.core.doctype.scheduled_job_type.scheduled_job_type.run_scheduled_jo..., kwargs={'job_type': 'frappe.automation_engine.drainer.drain_due', 'scheduled_job_t..., method='frappe.core.doctype.scheduled_job_type.scheduled_job_type.run_scheduled_jo..., site='your-site-name.localhost', user='Administrator') (your-site-name.localhost||scheduled_job||51u0dpk9ai)
2026-09-23 11:40:02,168 Successfully completed frappe.utils.background_jobs.execute_job(event=None, is_async=True, job_name='frappe.core.doctype.scheduled_job_type.scheduled_job_type.run_scheduled_jo..., kwargs={'job_type': 'frappe.automation_engine.drainer.drain_due', 'scheduled_job_t..., method='frappe.core.doctype.scheduled_job_type.scheduled_job_type.run_scheduled_jo..., site='your-site-name.localhost', user='Administrator') job in 0:00:00.550177s on worker 6690b253a2fb47fa84f11715e5127fb4
2026-09-23 11:40:02,169 home-makara-frappe-bench:default: Job OK (your-site-name.localhost||scheduled_job||51u0dpk9ai)
2026-09-23 11:40:02,169 Result is kept for 600 seconds
2026-09-23 11:40:02,182 home-makara-frappe-bench:default: frappe.utils.background_jobs.execute_job(event=None, is_async=True, job_name='frappe.core.doctype.scheduled_job_type.scheduled_job_type.run_scheduled_jo..., kwargs={'job_type': 'frappe.email.doctype.email_account.email_account.pull', 'sche..., method='frappe.core.doctype.scheduled_job_type.scheduled_job_type.run_scheduled_jo..., site='your-site-name.localhost', user='Administrator') (your-site-name.localhost||scheduled_job||51u4simu78)
2026-09-23 11:40:02,651 Successfully completed frappe.utils.background_jobs.execute_job(event=None, is_async=True, job_name='frappe.core.doctype.scheduled_job_type.scheduled_job_type.run_scheduled_jo..., kwargs={'job_type': 'frappe.email.doctype.email_account.email_account.pull', 'sche..., method='frappe.core.doctype.scheduled_job_type.scheduled_job_type.run_scheduled_jo..., site='your-site-name.localhost', user='Administrator') job in 0:00:00.462099s on worker 6690b253a2fb47fa84f11715e5127fb4
2026-09-23 11:40:02,651 home-makara-frappe-bench:default: Job OK (your-site-name.localhost||scheduled_job||51u4simu78)
2026-09-23 11:40:02,651 Result is kept for 600 seconds
2026-09-23 11:40:02,668 home-makara-frappe-bench:default: frappe.utils.background_jobs.execute_job(event=None, is_async=True, job_name='frappe.core.doctype.scheduled_job_type.scheduled_job_type.run_scheduled_jo..., kwargs={'job_type': 'frappe.monitor.flush', 'scheduled_job_type': '51u5l2o9pg'}, method='frappe.core.doctype.scheduled_job_type.scheduled_job_type.run_scheduled_jo..., site='your-site-name.localhost', user='Administrator') (your-site-name.localhost||scheduled_job||51u5l2o9pg)
2026-09-23 11:40:03,183 Successfully completed frappe.utils.background_jobs.execute_job(event=None, is_async=True, job_name='frappe.core.doctype.scheduled_job_type.scheduled_job_type.run_scheduled_jo..., kwargs={'job_type': 'frappe.monitor.flush', 'scheduled_job_type': '51u5l2o9pg'}, method='frappe.core.doctype.scheduled_job_type.scheduled_job_type.run_scheduled_jo..., site='your-site-name.localhost', user='Administrator') job in 0:00:00.500745s on worker 6690b253a2fb47fa84f11715e5127fb4
2026-09-23 11:40:03,183 home-makara-frappe-bench:default: Job OK (your-site-name.localhost||scheduled_job||51u5l2o9pg)
2026-09-23 11:40:03,183 Result is kept for 600 seconds
2026-09-23 11:40:03,192 home-makara-frappe-bench:default: frappe.utils.background_jobs.execute_job(event=None, is_async=True, job_name='frappe.core.doctype.scheduled_job_type.scheduled_job_type.run_scheduled_jo..., kwargs={'job_type': 'frappe.automation_engine.scheduler.process_cron', 'scheduled_..., method='frappe.core.doctype.scheduled_job_type.scheduled_job_type.run_scheduled_jo..., site='your-site-name.localhost', user='Administrator') (your-site-name.localhost||scheduled_job||51u6ep6oat)
2026-09-23 11:40:03,524 Successfully completed frappe.utils.background_jobs.execute_job(event=None, is_async=True, job_name='frappe.core.doctype.scheduled_job_type.scheduled_job_type.run_scheduled_jo..., kwargs={'job_type': 'frappe.automation_engine.scheduler.process_cron', 'scheduled_..., method='frappe.core.doctype.scheduled_job_type.scheduled_job_type.run_scheduled_jo..., site='your-site-name.localhost', user='Administrator') job in 0:00:00.323543s on worker 6690b253a2fb47fa84f11715e5127fb4
2026-09-23 11:40:03,525 home-makara-frappe-bench:default: Job OK (your-site-name.localhost||scheduled_job||51u6ep6oat)
2026-09-23 11:40:03,525 Result is kept for 600 seconds
2026-09-23 11:40:03,532 home-makara-frappe-bench:default: frappe.utils.background_jobs.execute_job(event=None, is_async=True, job_name='frappe.core.doctype.scheduled_job_type.scheduled_job_type.run_scheduled_jo..., kwargs={'job_type': 'frappe.search.sqlite_search.index_docs_in_queue', 'scheduled_..., method='frappe.core.doctype.scheduled_job_type.scheduled_job_type.run_scheduled_jo..., site='your-site-name.localhost', user='Administrator') (your-site-name.localhost||scheduled_job||51ubu6l9cg)
2026-09-23 11:40:04,028 Successfully completed frappe.utils.background_jobs.execute_job(event=None, is_async=True, job_name='frappe.core.doctype.scheduled_job_type.scheduled_job_type.run_scheduled_jo..., kwargs={'job_type': 'frappe.search.sqlite_search.index_docs_in_queue', 'scheduled_..., method='frappe.core.doctype.scheduled_job_type.scheduled_job_type.run_scheduled_jo..., site='your-site-name.localhost', user='Administrator') job in 0:00:00.488761s on worker 6690b253a2fb47fa84f11715e5127fb4
2026-09-23 11:40:04,028 home-makara-frappe-bench:default: Job OK (your-site-name.localhost||scheduled_job||51ubu6l9cg)
2026-09-23 11:40:04,028 Result is kept for 600 seconds
2026-09-23 11:40:04,038 home-makara-frappe-bench:default: frappe.utils.background_jobs.execute_job(event=None, is_async=True, job_name='frappe.core.doctype.scheduled_job_type.scheduled_job_type.run_scheduled_jo..., kwargs={'job_type': 'frappe.email.queue.flush', 'scheduled_job_type': '51um9eeecb'..., method='frappe.core.doctype.scheduled_job_type.scheduled_job_type.run_scheduled_jo..., site='your-site-name.localhost', user='Administrator') (your-site-name.localhost||scheduled_job||51um9eeecb)
2026-09-23 11:40:04,394 Successfully completed frappe.utils.background_jobs.execute_job(event=None, is_async=True, job_name='frappe.core.doctype.scheduled_job_type.scheduled_job_type.run_scheduled_jo..., kwargs={'job_type': 'frappe.email.queue.flush', 'scheduled_job_type': '51um9eeecb'..., method='frappe.core.doctype.scheduled_job_type.scheduled_job_type.run_scheduled_jo..., site='your-site-name.localhost', user='Administrator') job in 0:00:00.348774s on worker 6690b253a2fb47fa84f11715e5127fb4
2026-09-23 11:40:04,394 home-makara-frappe-bench:default: Job OK (your-site-name.localhost||scheduled_job||51um9eeecb)
2026-09-23 11:40:04,394 Result is kept for 600 seconds
2026-09-23 11:40:04,401 home-makara-frappe-bench:default: frappe.utils.background_jobs.execute_job(event=None, is_async=True, job_name='frappe.core.doctype.scheduled_job_type.scheduled_job_type.run_scheduled_jo..., kwargs={'job_type': 'frappe.email.doctype.notification.notification.trigger_offset..., method='frappe.core.doctype.scheduled_job_type.scheduled_job_type.run_scheduled_jo..., site='your-site-name.localhost', user='Administrator') (your-site-name.localhost||scheduled_job||51ujdm2d34)
2026-09-23 11:40:04,711 Successfully completed frappe.utils.background_jobs.execute_job(event=None, is_async=True, job_name='frappe.core.doctype.scheduled_job_type.scheduled_job_type.run_scheduled_jo..., kwargs={'job_type': 'frappe.email.doctype.notification.notification.trigger_offset..., method='frappe.core.doctype.scheduled_job_type.scheduled_job_type.run_scheduled_jo..., site='your-site-name.localhost', user='Administrator') job in 0:00:00.303065s on worker 6690b253a2fb47fa84f11715e5127fb4
2026-09-23 11:40:04,711 home-makara-frappe-bench:default: Job OK (your-site-name.localhost||scheduled_job||51ujdm2d34)
2026-09-23 11:40:04,711 Result is kept for 600 seconds
2026-09-23 11:40:04,719 home-makara-frappe-bench:default: frappe.utils.background_jobs.execute_job(event=None, is_async=True, job_name='frappe.core.doctype.scheduled_job_type.scheduled_job_type.run_scheduled_jo..., kwargs={'job_type': 'frappe.email.queue.retry_sending_emails', 'scheduled_job_type..., method='frappe.core.doctype.scheduled_job_type.scheduled_job_type.run_scheduled_jo..., site='your-site-name.localhost', user='Administrator') (your-site-name.localhost||scheduled_job||51uv7phrm7)
2026-09-23 11:40:05,078 Successfully completed frappe.utils.background_jobs.execute_job(event=None, is_async=True, job_name='frappe.core.doctype.scheduled_job_type.scheduled_job_type.run_scheduled_jo..., kwargs={'job_type': 'frappe.email.queue.retry_sending_emails', 'scheduled_job_type..., method='frappe.core.doctype.scheduled_job_type.scheduled_job_type.run_scheduled_jo..., site='your-site-name.localhost', user='Administrator') job in 0:00:00.352876s on worker 6690b253a2fb47fa84f11715e5127fb4
2026-09-23 11:40:05,078 home-makara-frappe-bench:default: Job OK (your-site-name.localhost||scheduled_job||51uv7phrm7)
2026-09-23 11:40:05,079 Result is kept for 600 seconds
2026-09-23 11:40:05,086 home-makara-frappe-bench:default: frappe.utils.background_jobs.execute_job(event=None, is_async=True, job_name='frappe.core.doctype.scheduled_job_type.scheduled_job_type.run_scheduled_jo..., kwargs={'job_type': 'frappe.integrations.doctype.google_calendar.google_calendar.s..., method='frappe.core.doctype.scheduled_job_type.scheduled_job_type.run_scheduled_jo..., site='your-site-name.localhost', user='Administrator') (your-site-name.localhost||scheduled_job||51u2s8slv0)
2026-09-23 11:40:05,423 Successfully completed frappe.utils.background_jobs.execute_job(event=None, is_async=True, job_name='frappe.core.doctype.scheduled_job_type.scheduled_job_type.run_scheduled_jo..., kwargs={'job_type': 'frappe.integrations.doctype.google_calendar.google_calendar.s..., method='frappe.core.doctype.scheduled_job_type.scheduled_job_type.run_scheduled_jo..., site='your-site-name.localhost', user='Administrator') job in 0:00:00.329678s on worker 6690b253a2fb47fa84f11715e5127fb4
2026-09-23 11:40:05,423 home-makara-frappe-bench:default: Job OK (your-site-name.localhost||scheduled_job||51u2s8slv0)
2026-09-23 11:40:05,423 Result is kept for 600 seconds
2026-09-23 11:44:00,912 home-makara-frappe-bench:default: frappe.utils.background_jobs.execute_job(event=None, is_async=True, job_name='frappe.core.doctype.scheduled_job_type.scheduled_job_type.run_scheduled_jo..., kwargs={'job_type': 'frappe.monitor.flush', 'scheduled_job_type': '51u5l2o9pg'}, method='frappe.core.doctype.scheduled_job_type.scheduled_job_type.run_scheduled_jo..., site='your-site-name.localhost', user='Administrator') (your-site-name.localhost||scheduled_job||51u5l2o9pg)
2026-09-23 11:44:01,223 Successfully completed frappe.utils.background_jobs.execute_job(event=None, is_async=True, job_name='frappe.core.doctype.scheduled_job_type.scheduled_job_type.run_scheduled_jo..., kwargs={'job_type': 'frappe.monitor.flush', 'scheduled_job_type': '51u5l2o9pg'}, method='frappe.core.doctype.scheduled_job_type.scheduled_job_type.run_scheduled_jo..., site='your-site-name.localhost', user='Administrator') job in 0:00:00.293310s on worker 6690b253a2fb47fa84f11715e5127fb4
2026-09-23 11:44:01,223 home-makara-frappe-bench:default: Job OK (your-site-name.localhost||scheduled_job||51u5l2o9pg)
2026-09-23 11:44:01,224 Result is kept for 600 seconds
2026-09-23 11:44:01,237 home-makara-frappe-bench:default: frappe.utils.background_jobs.execute_job(event=None, is_async=True, job_name='frappe.core.doctype.scheduled_job_type.scheduled_job_type.run_scheduled_jo..., kwargs={'job_type': 'frappe.email.queue.retry_sending_emails', 'scheduled_job_type..., method='frappe.core.doctype.scheduled_job_type.scheduled_job_type.run_scheduled_jo..., site='your-site-name.localhost', user='Administrator') (your-site-name.localhost||scheduled_job||51uv7phrm7)
2026-09-23 11:44:01,586 Successfully completed frappe.utils.background_jobs.execute_job(event=None, is_async=True, job_name='frappe.core.doctype.scheduled_job_type.scheduled_job_type.run_scheduled_jo..., kwargs={'job_type': 'frappe.email.queue.retry_sending_emails', 'scheduled_job_type..., method='frappe.core.doctype.scheduled_job_type.scheduled_job_type.run_scheduled_jo..., site='your-site-name.localhost', user='Administrator') job in 0:00:00.339181s on worker 6690b253a2fb47fa84f11715e5127fb4
2026-09-23 11:44:01,586 home-makara-frappe-bench:default: Job OK (your-site-name.localhost||scheduled_job||51uv7phrm7)
2026-09-23 11:44:01,586 Result is kept for 600 seconds
2026-09-23 11:44:01,594 home-makara-frappe-bench:default: frappe.utils.background_jobs.execute_job(event=None, is_async=True, job_name='frappe.core.doctype.scheduled_job_type.scheduled_job_type.run_scheduled_jo..., kwargs={'job_type': 'frappe.integrations.doctype.google_calendar.google_calendar.s..., method='frappe.core.doctype.scheduled_job_type.scheduled_job_type.run_scheduled_jo..., site='your-site-name.localhost', user='Administrator') (your-site-name.localhost||scheduled_job||51u2s8slv0)
2026-09-23 11:44:01,909 Successfully completed frappe.utils.background_jobs.execute_job(event=None, is_async=True, job_name='frappe.core.doctype.scheduled_job_type.scheduled_job_type.run_scheduled_jo..., kwargs={'job_type': 'frappe.integrations.doctype.google_calendar.google_calendar.s..., method='frappe.core.doctype.scheduled_job_type.scheduled_job_type.run_scheduled_jo..., site='your-site-name.localhost', user='Administrator') job in 0:00:00.308551s on worker 6690b253a2fb47fa84f11715e5127fb4
2026-09-23 11:44:01,910 home-makara-frappe-bench:default: Job OK (your-site-name.localhost||scheduled_job||51u2s8slv0)
2026-09-23 11:44:01,910 Result is kept for 600 seconds
2026-09-23 11:44:01,916 home-makara-frappe-bench:default: frappe.utils.background_jobs.execute_job(event=None, is_async=True, job_name='frappe.core.doctype.scheduled_job_type.scheduled_job_type.run_scheduled_jo..., kwargs={'job_type': 'frappe.email.queue.flush', 'scheduled_job_type': '51um9eeecb'..., method='frappe.core.doctype.scheduled_job_type.scheduled_job_type.run_scheduled_jo..., site='your-site-name.localhost', user='Administrator') (your-site-name.localhost||scheduled_job||51um9eeecb)
2026-09-23 11:44:02,270 Successfully completed frappe.utils.background_jobs.execute_job(event=None, is_async=True, job_name='frappe.core.doctype.scheduled_job_type.scheduled_job_type.run_scheduled_jo..., kwargs={'job_type': 'frappe.email.queue.flush', 'scheduled_job_type': '51um9eeecb'..., method='frappe.core.doctype.scheduled_job_type.scheduled_job_type.run_scheduled_jo..., site='your-site-name.localhost', user='Administrator') job in 0:00:00.346964s on worker 6690b253a2fb47fa84f11715e5127fb4
2026-09-23 11:44:02,271 home-makara-frappe-bench:default: Job OK (your-site-name.localhost||scheduled_job||51um9eeecb)
2026-09-23 11:44:02,271 Result is kept for 600 seconds
2026-09-23 11:48:00,961 home-makara-frappe-bench:default: frappe.utils.background_jobs.execute_job(event=None, is_async=True, job_name='frappe.core.doctype.scheduled_job_type.scheduled_job_type.run_scheduled_jo..., kwargs={'job_type': 'frappe.automation_engine.scheduler.process_cron', 'scheduled_..., method='frappe.core.doctype.scheduled_job_type.scheduled_job_type.run_scheduled_jo..., site='your-site-name.localhost', user='Administrator') (your-site-name.localhost||scheduled_job||51u6ep6oat)
2026-09-23 11:48:01,289 Successfully completed frappe.utils.background_jobs.execute_job(event=None, is_async=True, job_name='frappe.core.doctype.scheduled_job_type.scheduled_job_type.run_scheduled_jo..., kwargs={'job_type': 'frappe.automation_engine.scheduler.process_cron', 'scheduled_..., method='frappe.core.doctype.scheduled_job_type.scheduled_job_type.run_scheduled_jo..., site='your-site-name.localhost', user='Administrator') job in 0:00:00.318856s on worker 6690b253a2fb47fa84f11715e5127fb4
2026-09-23 11:48:01,290 home-makara-frappe-bench:default: Job OK (your-site-name.localhost||scheduled_job||51u6ep6oat)
2026-09-23 11:48:01,290 Result is kept for 600 seconds
2026-09-23 11:48:01,297 home-makara-frappe-bench:default: frappe.utils.background_jobs.execute_job(event=None, is_async=True, job_name='frappe.core.doctype.scheduled_job_type.scheduled_job_type.run_scheduled_jo..., kwargs={'job_type': 'frappe.utils.telemetry.pulse.client.send_queued_events', 'sch..., method='frappe.core.doctype.scheduled_job_type.scheduled_job_type.run_scheduled_jo..., site='your-site-name.localhost', user='Administrator') (your-site-name.localhost||scheduled_job||51ub742nv9)
2026-09-23 11:48:01,596 Successfully completed frappe.utils.background_jobs.execute_job(event=None, is_async=True, job_name='frappe.core.doctype.scheduled_job_type.scheduled_job_type.run_scheduled_jo..., kwargs={'job_type': 'frappe.utils.telemetry.pulse.client.send_queued_events', 'sch..., method='frappe.core.doctype.scheduled_job_type.scheduled_job_type.run_scheduled_jo..., site='your-site-name.localhost', user='Administrator') job in 0:00:00.292606s on worker 6690b253a2fb47fa84f11715e5127fb4
2026-09-23 11:48:01,597 home-makara-frappe-bench:default: Job OK (your-site-name.localhost||scheduled_job||51ub742nv9)
2026-09-23 11:48:01,597 Result is kept for 600 seconds
2026-09-23 11:48:01,605 home-makara-frappe-bench:default: frappe.utils.background_jobs.execute_job(event=None, is_async=True, job_name='frappe.core.doctype.scheduled_job_type.scheduled_job_type.run_scheduled_jo..., kwargs={'job_type': 'frappe.automation_engine.drainer.drain_due', 'scheduled_job_t..., method='frappe.core.doctype.scheduled_job_type.scheduled_job_type.run_scheduled_jo..., site='your-site-name.localhost', user='Administrator') (your-site-name.localhost||scheduled_job||51u0dpk9ai)
2026-09-23 11:48:01,884 Successfully completed frappe.utils.background_jobs.execute_job(event=None, is_async=True, job_name='frappe.core.doctype.scheduled_job_type.scheduled_job_type.run_scheduled_jo..., kwargs={'job_type': 'frappe.automation_engine.drainer.drain_due', 'scheduled_job_t..., method='frappe.core.doctype.scheduled_job_type.scheduled_job_type.run_scheduled_jo..., site='your-site-name.localhost', user='Administrator') job in 0:00:00.273045s on worker 6690b253a2fb47fa84f11715e5127fb4
2026-09-23 11:48:01,884 home-makara-frappe-bench:default: Job OK (your-site-name.localhost||scheduled_job||51u0dpk9ai)
2026-09-23 11:48:01,885 Result is kept for 600 seconds
2026-09-23 11:48:01,893 home-makara-frappe-bench:default: frappe.utils.background_jobs.execute_job(event=None, is_async=True, job_name='frappe.core.doctype.scheduled_job_type.scheduled_job_type.run_scheduled_jo..., kwargs={'job_type': 'frappe.integrations.doctype.webhook.webhook.retry_failed_webh..., method='frappe.core.doctype.scheduled_job_type.scheduled_job_type.run_scheduled_jo..., site='your-site-name.localhost', user='Administrator') (your-site-name.localhost||scheduled_job||51ugekk04n)
2026-09-23 11:48:02,175 Successfully completed frappe.utils.background_jobs.execute_job(event=None, is_async=True, job_name='frappe.core.doctype.scheduled_job_type.scheduled_job_type.run_scheduled_jo..., kwargs={'job_type': 'frappe.integrations.doctype.webhook.webhook.retry_failed_webh..., method='frappe.core.doctype.scheduled_job_type.scheduled_job_type.run_scheduled_jo..., site='your-site-name.localhost', user='Administrator') job in 0:00:00.276189s on worker 6690b253a2fb47fa84f11715e5127fb4
2026-09-23 11:48:02,176 home-makara-frappe-bench:default: Job OK (your-site-name.localhost||scheduled_job||51ugekk04n)
2026-09-23 11:48:02,176 Result is kept for 600 seconds
2026-09-23 11:48:02,184 home-makara-frappe-bench:default: frappe.utils.background_jobs.execute_job(event=None, is_async=True, job_name='frappe.core.doctype.scheduled_job_type.scheduled_job_type.run_scheduled_jo..., kwargs={'job_type': 'frappe.deferred_insert.save_to_db', 'scheduled_job_type': '51..., method='frappe.core.doctype.scheduled_job_type.scheduled_job_type.run_scheduled_jo..., site='your-site-name.localhost', user='Administrator') (your-site-name.localhost||scheduled_job||51umjnqrgr)
2026-09-23 11:48:02,515 Successfully completed frappe.utils.background_jobs.execute_job(event=None, is_async=True, job_name='frappe.core.doctype.scheduled_job_type.scheduled_job_type.run_scheduled_jo..., kwargs={'job_type': 'frappe.deferred_insert.save_to_db', 'scheduled_job_type': '51..., method='frappe.core.doctype.scheduled_job_type.scheduled_job_type.run_scheduled_jo..., site='your-site-name.localhost', user='Administrator') job in 0:00:00.324517s on worker 6690b253a2fb47fa84f11715e5127fb4
2026-09-23 11:48:02,516 home-makara-frappe-bench:default: Job OK (your-site-name.localhost||scheduled_job||51umjnqrgr)
2026-09-23 11:48:02,516 Result is kept for 600 seconds
2026-09-23 11:48:02,523 home-makara-frappe-bench:default: frappe.utils.background_jobs.execute_job(event=None, is_async=True, job_name='frappe.core.doctype.scheduled_job_type.scheduled_job_type.run_scheduled_jo..., kwargs={'job_type': 'frappe.monitor.flush', 'scheduled_job_type': '51u5l2o9pg'}, method='frappe.core.doctype.scheduled_job_type.scheduled_job_type.run_scheduled_jo..., site='your-site-name.localhost', user='Administrator') (your-site-name.localhost||scheduled_job||51u5l2o9pg)
2026-09-23 11:48:02,822 Successfully completed frappe.utils.background_jobs.execute_job(event=None, is_async=True, job_name='frappe.core.doctype.scheduled_job_type.scheduled_job_type.run_scheduled_jo..., kwargs={'job_type': 'frappe.monitor.flush', 'scheduled_job_type': '51u5l2o9pg'}, method='frappe.core.doctype.scheduled_job_type.scheduled_job_type.run_scheduled_jo..., site='your-site-name.localhost', user='Administrator') job in 0:00:00.292733s on worker 6690b253a2fb47fa84f11715e5127fb4
2026-09-23 11:48:02,822 home-makara-frappe-bench:default: Job OK (your-site-name.localhost||scheduled_job||51u5l2o9pg)
2026-09-23 11:48:02,822 Result is kept for 600 seconds
2026-09-23 11:48:02,829 home-makara-frappe-bench:default: frappe.utils.background_jobs.execute_job(event=None, is_async=True, job_name='frappe.core.doctype.scheduled_job_type.scheduled_job_type.run_scheduled_jo..., kwargs={'job_type': 'frappe.search.sqlite_search.index_docs_in_queue', 'scheduled_..., method='frappe.core.doctype.scheduled_job_type.scheduled_job_type.run_scheduled_jo..., site='your-site-name.localhost', user='Administrator') (your-site-name.localhost||scheduled_job||51ubu6l9cg)
2026-09-23 11:48:03,113 Successfully completed frappe.utils.background_jobs.execute_job(event=None, is_async=True, job_name='frappe.core.doctype.scheduled_job_type.scheduled_job_type.run_scheduled_jo..., kwargs={'job_type': 'frappe.search.sqlite_search.index_docs_in_queue', 'scheduled_..., method='frappe.core.doctype.scheduled_job_type.scheduled_job_type.run_scheduled_jo..., site='your-site-name.localhost', user='Administrator') job in 0:00:00.278151s on worker 6690b253a2fb47fa84f11715e5127fb4
2026-09-23 11:48:03,113 home-makara-frappe-bench:default: Job OK (your-site-name.localhost||scheduled_job||51ubu6l9cg)
2026-09-23 11:48:03,113 Result is kept for 600 seconds
2026-09-23 11:48:03,120 home-makara-frappe-bench:default: frappe.utils.background_jobs.execute_job(event=None, is_async=True, job_name='frappe.core.doctype.scheduled_job_type.scheduled_job_type.run_scheduled_jo..., kwargs={'job_type': 'frappe.email.doctype.email_account.email_account.notify_unrep..., method='frappe.core.doctype.scheduled_job_type.scheduled_job_type.run_scheduled_jo..., site='your-site-name.localhost', user='Administrator') (your-site-name.localhost||scheduled_job||51utl79ueh)
2026-09-23 11:48:03,437 Successfully completed frappe.utils.background_jobs.execute_job(event=None, is_async=True, job_name='frappe.core.doctype.scheduled_job_type.scheduled_job_type.run_scheduled_jo..., kwargs={'job_type': 'frappe.email.doctype.email_account.email_account.notify_unrep..., method='frappe.core.doctype.scheduled_job_type.scheduled_job_type.run_scheduled_jo..., site='your-site-name.localhost', user='Administrator') job in 0:00:00.309376s on worker 6690b253a2fb47fa84f11715e5127fb4
2026-09-23 11:48:03,437 home-makara-frappe-bench:default: Job OK (your-site-name.localhost||scheduled_job||51utl79ueh)
2026-09-23 11:48:03,437 Result is kept for 600 seconds
2026-09-23 11:48:03,445 home-makara-frappe-bench:default: frappe.utils.background_jobs.execute_job(event=None, is_async=True, job_name='frappe.core.doctype.scheduled_job_type.scheduled_job_type.run_scheduled_jo..., kwargs={'job_type': 'frappe.automation.doctype.reminder.reminder.send_reminders', ..., method='frappe.core.doctype.scheduled_job_type.scheduled_job_type.run_scheduled_jo..., site='your-site-name.localhost', user='Administrator') (your-site-name.localhost||scheduled_job||51ujogtifi)
2026-09-23 11:48:03,748 Successfully completed frappe.utils.background_jobs.execute_job(event=None, is_async=True, job_name='frappe.core.doctype.scheduled_job_type.scheduled_job_type.run_scheduled_jo..., kwargs={'job_type': 'frappe.automation.doctype.reminder.reminder.send_reminders', ..., method='frappe.core.doctype.scheduled_job_type.scheduled_job_type.run_scheduled_jo..., site='your-site-name.localhost', user='Administrator') job in 0:00:00.296443s on worker 6690b253a2fb47fa84f11715e5127fb4
2026-09-23 11:48:03,748 home-makara-frappe-bench:default: Job OK (your-site-name.localhost||scheduled_job||51ujogtifi)
2026-09-23 11:48:03,748 Result is kept for 600 seconds
2026-09-23 11:48:03,755 home-makara-frappe-bench:default: frappe.utils.background_jobs.execute_job(event=None, is_async=True, job_name='frappe.core.doctype.scheduled_job_type.scheduled_job_type.run_scheduled_jo..., kwargs={'job_type': 'frappe.utils.global_search.sync_global_search', 'scheduled_jo..., method='frappe.core.doctype.scheduled_job_type.scheduled_job_type.run_scheduled_jo..., site='your-site-name.localhost', user='Administrator') (your-site-name.localhost||scheduled_job||51ul1o6qkh)
2026-09-23 11:48:04,049 Successfully completed frappe.utils.background_jobs.execute_job(event=None, is_async=True, job_name='frappe.core.doctype.scheduled_job_type.scheduled_job_type.run_scheduled_jo..., kwargs={'job_type': 'frappe.utils.global_search.sync_global_search', 'scheduled_jo..., method='frappe.core.doctype.scheduled_job_type.scheduled_job_type.run_scheduled_jo..., site='your-site-name.localhost', user='Administrator') job in 0:00:00.287408s on worker 6690b253a2fb47fa84f11715e5127fb4
2026-09-23 11:48:04,050 home-makara-frappe-bench:default: Job OK (your-site-name.localhost||scheduled_job||51ul1o6qkh)
2026-09-23 11:48:04,050 Result is kept for 600 seconds
2026-09-23 11:48:04,057 home-makara-frappe-bench:default: frappe.utils.background_jobs.execute_job(event=None, is_async=True, job_name='frappe.core.doctype.scheduled_job_type.scheduled_job_type.run_scheduled_jo..., kwargs={'job_type': 'frappe.email.queue.retry_sending_emails', 'scheduled_job_type..., method='frappe.core.doctype.scheduled_job_type.scheduled_job_type.run_scheduled_jo..., site='your-site-name.localhost', user='Administrator') (your-site-name.localhost||scheduled_job||51uv7phrm7)
2026-09-23 11:48:04,358 Successfully completed frappe.utils.background_jobs.execute_job(event=None, is_async=True, job_name='frappe.core.doctype.scheduled_job_type.scheduled_job_type.run_scheduled_jo..., kwargs={'job_type': 'frappe.email.queue.retry_sending_emails', 'scheduled_job_type..., method='frappe.core.doctype.scheduled_job_type.scheduled_job_type.run_scheduled_jo..., site='your-site-name.localhost', user='Administrator') job in 0:00:00.295146s on worker 6690b253a2fb47fa84f11715e5127fb4
2026-09-23 11:48:04,358 home-makara-frappe-bench:default: Job OK (your-site-name.localhost||scheduled_job||51uv7phrm7)
2026-09-23 11:48:04,358 Result is kept for 600 seconds
2026-09-23 11:48:04,365 home-makara-frappe-bench:default: frappe.utils.background_jobs.execute_job(event=None, is_async=True, job_name='frappe.core.doctype.scheduled_job_type.scheduled_job_type.run_scheduled_jo..., kwargs={'job_type': 'frappe.model.utils.link_count.update_link_count', 'scheduled_..., method='frappe.core.doctype.scheduled_job_type.scheduled_job_type.run_scheduled_jo..., site='your-site-name.localhost', user='Administrator') (your-site-name.localhost||scheduled_job||51utqpe235)
2026-09-23 11:48:04,647 Successfully completed frappe.utils.background_jobs.execute_job(event=None, is_async=True, job_name='frappe.core.doctype.scheduled_job_type.scheduled_job_type.run_scheduled_jo..., kwargs={'job_type': 'frappe.model.utils.link_count.update_link_count', 'scheduled_..., method='frappe.core.doctype.scheduled_job_type.scheduled_job_type.run_scheduled_jo..., site='your-site-name.localhost', user='Administrator') job in 0:00:00.275662s on worker 6690b253a2fb47fa84f11715e5127fb4
2026-09-23 11:48:04,647 home-makara-frappe-bench:default: Job OK (your-site-name.localhost||scheduled_job||51utqpe235)
2026-09-23 11:48:04,647 Result is kept for 600 seconds
2026-09-23 11:48:04,656 home-makara-frappe-bench:default: frappe.utils.background_jobs.execute_job(event=None, is_async=True, job_name='frappe.core.doctype.scheduled_job_type.scheduled_job_type.run_scheduled_jo..., kwargs={'job_type': 'frappe.email.doctype.notification.notification.trigger_offset..., method='frappe.core.doctype.scheduled_job_type.scheduled_job_type.run_scheduled_jo..., site='your-site-name.localhost', user='Administrator') (your-site-name.localhost||scheduled_job||51ujdm2d34)
2026-09-23 11:48:04,955 Successfully completed frappe.utils.background_jobs.execute_job(event=None, is_async=True, job_name='frappe.core.doctype.scheduled_job_type.scheduled_job_type.run_scheduled_jo..., kwargs={'job_type': 'frappe.email.doctype.notification.notification.trigger_offset..., method='frappe.core.doctype.scheduled_job_type.scheduled_job_type.run_scheduled_jo..., site='your-site-name.localhost', user='Administrator') job in 0:00:00.292151s on worker 6690b253a2fb47fa84f11715e5127fb4
2026-09-23 11:48:04,955 home-makara-frappe-bench:default: Job OK (your-site-name.localhost||scheduled_job||51ujdm2d34)
2026-09-23 11:48:04,956 Result is kept for 600 seconds
2026-09-23 11:48:04,964 home-makara-frappe-bench:default: frappe.utils.background_jobs.execute_job(event=None, is_async=True, job_name='frappe.core.doctype.scheduled_job_type.scheduled_job_type.run_scheduled_jo..., kwargs={'job_type': 'frappe.integrations.doctype.google_calendar.google_calendar.s..., method='frappe.core.doctype.scheduled_job_type.scheduled_job_type.run_scheduled_jo..., site='your-site-name.localhost', user='Administrator') (your-site-name.localhost||scheduled_job||51u2s8slv0)
2026-09-23 11:48:05,272 Successfully completed frappe.utils.background_jobs.execute_job(event=None, is_async=True, job_name='frappe.core.doctype.scheduled_job_type.scheduled_job_type.run_scheduled_jo..., kwargs={'job_type': 'frappe.integrations.doctype.google_calendar.google_calendar.s..., method='frappe.core.doctype.scheduled_job_type.scheduled_job_type.run_scheduled_jo..., site='your-site-name.localhost', user='Administrator') job in 0:00:00.299684s on worker 6690b253a2fb47fa84f11715e5127fb4
2026-09-23 11:48:05,272 home-makara-frappe-bench:default: Job OK (your-site-name.localhost||scheduled_job||51u2s8slv0)
2026-09-23 11:48:05,272 Result is kept for 600 seconds
2026-09-23 11:48:05,281 home-makara-frappe-bench:default: frappe.utils.background_jobs.execute_job(event=None, is_async=True, job_name='frappe.core.doctype.scheduled_job_type.scheduled_job_type.run_scheduled_jo..., kwargs={'job_type': 'frappe.email.queue.flush', 'scheduled_job_type': '51um9eeecb'..., method='frappe.core.doctype.scheduled_job_type.scheduled_job_type.run_scheduled_jo..., site='your-site-name.localhost', user='Administrator') (your-site-name.localhost||scheduled_job||51um9eeecb)
2026-09-23 11:48:05,581 Successfully completed frappe.utils.background_jobs.execute_job(event=None, is_async=True, job_name='frappe.core.doctype.scheduled_job_type.scheduled_job_type.run_scheduled_jo..., kwargs={'job_type': 'frappe.email.queue.flush', 'scheduled_job_type': '51um9eeecb'..., method='frappe.core.doctype.scheduled_job_type.scheduled_job_type.run_scheduled_jo..., site='your-site-name.localhost', user='Administrator') job in 0:00:00.293810s on worker 6690b253a2fb47fa84f11715e5127fb4
2026-09-23 11:48:05,581 home-makara-frappe-bench:default: Job OK (your-site-name.localhost||scheduled_job||51um9eeecb)
2026-09-23 11:48:05,581 Result is kept for 600 seconds
2026-09-23 11:49:14,820 Worker 6690b253a2fb47fa84f11715e5127fb4 [PID 9974]: warm shut down requested
2026-09-23 11:49:14,822 Worker 6690b253a2fb47fa84f11715e5127fb4: unsubscribing from channel rq:pubsub:6690b253a2fb47fa84f11715e5127fb4
2026-09-23 11:49:31,348 Worker 01eab156789648db94edbb936f6980b5: started with PID 25795, version 2.6.1
2026-09-23 11:49:31,348 Worker 01eab156789648db94edbb936f6980b5: subscribing to channel rq:pubsub:01eab156789648db94edbb936f6980b5
2026-09-23 11:49:31,349 *** Listening on home-makara-frappe-bench:short, home-makara-frappe-bench:default, home-makara-frappe-bench:long...
2026-09-23 11:49:31,351 Worker 01eab156789648db94edbb936f6980b5: cleaning registries for queue: home-makara-frappe-bench:short
2026-09-23 11:49:31,354 Worker 01eab156789648db94edbb936f6980b5: cleaning registries for queue: home-makara-frappe-bench:default
2026-09-23 11:49:31,368 Worker 01eab156789648db94edbb936f6980b5: cleaning registries for queue: home-makara-frappe-bench:long
2026-09-23 11:52:00,535 home-makara-frappe-bench:default: frappe.utils.background_jobs.execute_job(event=None, is_async=True, job_name='frappe.core.doctype.scheduled_job_type.scheduled_job_type.run_scheduled_jo..., kwargs={'job_type': 'frappe.email.queue.retry_sending_emails', 'scheduled_job_type..., method='frappe.core.doctype.scheduled_job_type.scheduled_job_type.run_scheduled_jo..., site='your-site-name.localhost', user='Administrator') (your-site-name.localhost||scheduled_job||51uv7phrm7)
2026-09-23 11:52:00,962 Successfully completed frappe.utils.background_jobs.execute_job(event=None, is_async=True, job_name='frappe.core.doctype.scheduled_job_type.scheduled_job_type.run_scheduled_jo..., kwargs={'job_type': 'frappe.email.queue.retry_sending_emails', 'scheduled_job_type..., method='frappe.core.doctype.scheduled_job_type.scheduled_job_type.run_scheduled_jo..., site='your-site-name.localhost', user='Administrator') job in 0:00:00.397322s on worker 01eab156789648db94edbb936f6980b5
2026-09-23 11:52:00,963 home-makara-frappe-bench:default: Job OK (your-site-name.localhost||scheduled_job||51uv7phrm7)
2026-09-23 11:52:00,963 Result is kept for 600 seconds
2026-09-23 11:52:00,974 home-makara-frappe-bench:default: frappe.utils.background_jobs.execute_job(event=None, is_async=True, job_name='frappe.core.doctype.scheduled_job_type.scheduled_job_type.run_scheduled_jo..., kwargs={'job_type': 'frappe.integrations.doctype.google_calendar.google_calendar.s..., method='frappe.core.doctype.scheduled_job_type.scheduled_job_type.run_scheduled_jo..., site='your-site-name.localhost', user='Administrator') (your-site-name.localhost||scheduled_job||51u2s8slv0)
2026-09-23 11:52:01,327 Successfully completed frappe.utils.background_jobs.execute_job(event=None, is_async=True, job_name='frappe.core.doctype.scheduled_job_type.scheduled_job_type.run_scheduled_jo..., kwargs={'job_type': 'frappe.integrations.doctype.google_calendar.google_calendar.s..., method='frappe.core.doctype.scheduled_job_type.scheduled_job_type.run_scheduled_jo..., site='your-site-name.localhost', user='Administrator') job in 0:00:00.345347s on worker 01eab156789648db94edbb936f6980b5
2026-09-23 11:52:01,327 home-makara-frappe-bench:default: Job OK (your-site-name.localhost||scheduled_job||51u2s8slv0)
2026-09-23 11:52:01,327 Result is kept for 600 seconds
2026-09-23 11:52:01,335 home-makara-frappe-bench:default: frappe.utils.background_jobs.execute_job(event=None, is_async=True, job_name='frappe.core.doctype.scheduled_job_type.scheduled_job_type.run_scheduled_jo..., kwargs={'job_type': 'frappe.integrations.doctype.webhook.webhook.retry_failed_webh..., method='frappe.core.doctype.scheduled_job_type.scheduled_job_type.run_scheduled_jo..., site='your-site-name.localhost', user='Administrator') (your-site-name.localhost||scheduled_job||51ugekk04n)
2026-09-23 11:52:01,665 Successfully completed frappe.utils.background_jobs.execute_job(event=None, is_async=True, job_name='frappe.core.doctype.scheduled_job_type.scheduled_job_type.run_scheduled_jo..., kwargs={'job_type': 'frappe.integrations.doctype.webhook.webhook.retry_failed_webh..., method='frappe.core.doctype.scheduled_job_type.scheduled_job_type.run_scheduled_jo..., site='your-site-name.localhost', user='Administrator') job in 0:00:00.324212s on worker 01eab156789648db94edbb936f6980b5
2026-09-23 11:52:01,665 home-makara-frappe-bench:default: Job OK (your-site-name.localhost||scheduled_job||51ugekk04n)
2026-09-23 11:52:01,665 Result is kept for 600 seconds
2026-09-23 11:52:01,673 home-makara-frappe-bench:default: frappe.utils.background_jobs.execute_job(event=None, is_async=True, job_name='frappe.core.doctype.scheduled_job_type.scheduled_job_type.run_scheduled_jo..., kwargs={'job_type': 'frappe.automation_engine.drainer.drain_due', 'scheduled_job_t..., method='frappe.core.doctype.scheduled_job_type.scheduled_job_type.run_scheduled_jo..., site='your-site-name.localhost', user='Administrator') (your-site-name.localhost||scheduled_job||51u0dpk9ai)
2026-09-23 11:52:01,955 Successfully completed frappe.utils.background_jobs.execute_job(event=None, is_async=True, job_name='frappe.core.doctype.scheduled_job_type.scheduled_job_type.run_scheduled_jo..., kwargs={'job_type': 'frappe.automation_engine.drainer.drain_due', 'scheduled_job_t..., method='frappe.core.doctype.scheduled_job_type.scheduled_job_type.run_scheduled_jo..., site='your-site-name.localhost', user='Administrator') job in 0:00:00.274969s on worker 01eab156789648db94edbb936f6980b5
2026-09-23 11:52:01,955 home-makara-frappe-bench:default: Job OK (your-site-name.localhost||scheduled_job||51u0dpk9ai)
2026-09-23 11:52:01,955 Result is kept for 600 seconds
2026-09-23 11:52:01,963 home-makara-frappe-bench:default: frappe.utils.background_jobs.execute_job(event=None, is_async=True, job_name='frappe.core.doctype.scheduled_job_type.scheduled_job_type.run_scheduled_jo..., kwargs={'job_type': 'frappe.search.sqlite_search.index_docs_in_queue', 'scheduled_..., method='frappe.core.doctype.scheduled_job_type.scheduled_job_type.run_scheduled_jo..., site='your-site-name.localhost', user='Administrator') (your-site-name.localhost||scheduled_job||51ubu6l9cg)
2026-09-23 11:52:02,294 Successfully completed frappe.utils.background_jobs.execute_job(event=None, is_async=True, job_name='frappe.core.doctype.scheduled_job_type.scheduled_job_type.run_scheduled_jo..., kwargs={'job_type': 'frappe.search.sqlite_search.index_docs_in_queue', 'scheduled_..., method='frappe.core.doctype.scheduled_job_type.scheduled_job_type.run_scheduled_jo..., site='your-site-name.localhost', user='Administrator') job in 0:00:00.323171s on worker 01eab156789648db94edbb936f6980b5
2026-09-23 11:52:02,294 home-makara-frappe-bench:default: Job OK (your-site-name.localhost||scheduled_job||51ubu6l9cg)
2026-09-23 11:52:02,294 Result is kept for 600 seconds
2026-09-23 11:52:02,304 home-makara-frappe-bench:default: frappe.utils.background_jobs.execute_job(event=None, is_async=True, job_name='frappe.core.doctype.scheduled_job_type.scheduled_job_type.run_scheduled_jo..., kwargs={'job_type': 'frappe.email.doctype.notification.notification.trigger_offset..., method='frappe.core.doctype.scheduled_job_type.scheduled_job_type.run_scheduled_jo..., site='your-site-name.localhost', user='Administrator') (your-site-name.localhost||scheduled_job||51ujdm2d34)
2026-09-23 11:52:02,621 Successfully completed frappe.utils.background_jobs.execute_job(event=None, is_async=True, job_name='frappe.core.doctype.scheduled_job_type.scheduled_job_type.run_scheduled_jo..., kwargs={'job_type': 'frappe.email.doctype.notification.notification.trigger_offset..., method='frappe.core.doctype.scheduled_job_type.scheduled_job_type.run_scheduled_jo..., site='your-site-name.localhost', user='Administrator') job in 0:00:00.307991s on worker 01eab156789648db94edbb936f6980b5
2026-09-23 11:52:02,621 home-makara-frappe-bench:default: Job OK (your-site-name.localhost||scheduled_job||51ujdm2d34)
2026-09-23 11:52:02,621 Result is kept for 600 seconds
2026-09-23 11:52:02,628 home-makara-frappe-bench:default: frappe.utils.background_jobs.execute_job(event=None, is_async=True, job_name='frappe.core.doctype.scheduled_job_type.scheduled_job_type.run_scheduled_jo..., kwargs={'job_type': 'frappe.automation_engine.scheduler.process_cron', 'scheduled_..., method='frappe.core.doctype.scheduled_job_type.scheduled_job_type.run_scheduled_jo..., site='your-site-name.localhost', user='Administrator') (your-site-name.localhost||scheduled_job||51u6ep6oat)
2026-09-23 11:52:02,937 Successfully completed frappe.utils.background_jobs.execute_job(event=None, is_async=True, job_name='frappe.core.doctype.scheduled_job_type.scheduled_job_type.run_scheduled_jo..., kwargs={'job_type': 'frappe.automation_engine.scheduler.process_cron', 'scheduled_..., method='frappe.core.doctype.scheduled_job_type.scheduled_job_type.run_scheduled_jo..., site='your-site-name.localhost', user='Administrator') job in 0:00:00.300095s on worker 01eab156789648db94edbb936f6980b5
2026-09-23 11:52:02,937 home-makara-frappe-bench:default: Job OK (your-site-name.localhost||scheduled_job||51u6ep6oat)
2026-09-23 11:52:02,937 Result is kept for 600 seconds
2026-09-23 11:52:02,944 home-makara-frappe-bench:default: frappe.utils.background_jobs.execute_job(event=None, is_async=True, job_name='frappe.core.doctype.scheduled_job_type.scheduled_job_type.run_scheduled_jo..., kwargs={'job_type': 'frappe.email.queue.flush', 'scheduled_job_type': '51um9eeecb'..., method='frappe.core.doctype.scheduled_job_type.scheduled_job_type.run_scheduled_jo..., site='your-site-name.localhost', user='Administrator') (your-site-name.localhost||scheduled_job||51um9eeecb)
2026-09-23 11:52:03,263 Successfully completed frappe.utils.background_jobs.execute_job(event=None, is_async=True, job_name='frappe.core.doctype.scheduled_job_type.scheduled_job_type.run_scheduled_jo..., kwargs={'job_type': 'frappe.email.queue.flush', 'scheduled_job_type': '51um9eeecb'..., method='frappe.core.doctype.scheduled_job_type.scheduled_job_type.run_scheduled_jo..., site='your-site-name.localhost', user='Administrator') job in 0:00:00.312978s on worker 01eab156789648db94edbb936f6980b5
2026-09-23 11:52:03,263 home-makara-frappe-bench:default: Job OK (your-site-name.localhost||scheduled_job||51um9eeecb)
2026-09-23 11:52:03,263 Result is kept for 600 seconds
2026-09-23 11:52:03,271 home-makara-frappe-bench:default: frappe.utils.background_jobs.execute_job(event=None, is_async=True, job_name='frappe.core.doctype.scheduled_job_type.scheduled_job_type.run_scheduled_jo..., kwargs={'job_type': 'frappe.monitor.flush', 'scheduled_job_type': '51u5l2o9pg'}, method='frappe.core.doctype.scheduled_job_type.scheduled_job_type.run_scheduled_jo..., site='your-site-name.localhost', user='Administrator') (your-site-name.localhost||scheduled_job||51u5l2o9pg)
2026-09-23 11:52:03,555 Successfully completed frappe.utils.background_jobs.execute_job(event=None, is_async=True, job_name='frappe.core.doctype.scheduled_job_type.scheduled_job_type.run_scheduled_jo..., kwargs={'job_type': 'frappe.monitor.flush', 'scheduled_job_type': '51u5l2o9pg'}, method='frappe.core.doctype.scheduled_job_type.scheduled_job_type.run_scheduled_jo..., site='your-site-name.localhost', user='Administrator') job in 0:00:00.276072s on worker 01eab156789648db94edbb936f6980b5
2026-09-23 11:52:03,555 home-makara-frappe-bench:default: Job OK (your-site-name.localhost||scheduled_job||51u5l2o9pg)
2026-09-23 11:52:03,555 Result is kept for 600 seconds
2026-09-23 11:52:03,572 home-makara-frappe-bench:default: frappe.utils.background_jobs.execute_job(event=None, is_async=True, job_name='frappe.core.doctype.scheduled_job_type.scheduled_job_type.run_scheduled_jo..., kwargs={'job_type': 'frappe.email.doctype.email_account.email_account.pull', 'sche..., method='frappe.core.doctype.scheduled_job_type.scheduled_job_type.run_scheduled_jo..., site='your-site-name.localhost', user='Administrator') (your-site-name.localhost||scheduled_job||51u4simu78)
2026-09-23 11:52:04,014 Successfully completed frappe.utils.background_jobs.execute_job(event=None, is_async=True, job_name='frappe.core.doctype.scheduled_job_type.scheduled_job_type.run_scheduled_jo..., kwargs={'job_type': 'frappe.email.doctype.email_account.email_account.pull', 'sche..., method='frappe.core.doctype.scheduled_job_type.scheduled_job_type.run_scheduled_jo..., site='your-site-name.localhost', user='Administrator') job in 0:00:00.433187s on worker 01eab156789648db94edbb936f6980b5
2026-09-23 11:52:04,015 home-makara-frappe-bench:default: Job OK (your-site-name.localhost||scheduled_job||51u4simu78)
2026-09-23 11:52:04,015 Result is kept for 600 seconds
2026-09-23 11:54:53,716 Worker 01eab156789648db94edbb936f6980b5 [PID 25795]: warm shut down requested
2026-09-23 11:54:53,720 Worker 01eab156789648db94edbb936f6980b5: unsubscribing from channel rq:pubsub:01eab156789648db94edbb936f6980b5
2026-09-23 12:54:19,505 Worker 228423810cd64f3eb1e30d05f24b86b0: started with PID 30614, version 2.6.1
2026-09-23 12:54:19,506 Worker 228423810cd64f3eb1e30d05f24b86b0: subscribing to channel rq:pubsub:228423810cd64f3eb1e30d05f24b86b0
2026-09-23 12:54:19,507 *** Listening on home-makara-frappe-bench:short, home-makara-frappe-bench:default, home-makara-frappe-bench:long...
2026-09-23 12:54:19,508 Worker 228423810cd64f3eb1e30d05f24b86b0: cleaning registries for queue: home-makara-frappe-bench:short
2026-09-23 12:54:19,510 Worker 228423810cd64f3eb1e30d05f24b86b0: cleaning registries for queue: home-makara-frappe-bench:default
2026-09-23 12:54:19,511 Worker 228423810cd64f3eb1e30d05f24b86b0: cleaning registries for queue: home-makara-frappe-bench:long
2026-09-23 12:56:01,511 home-makara-frappe-bench:long: frappe.utils.background_jobs.execute_job(event=None, is_async=True, job_name='frappe.core.doctype.scheduled_job_type.scheduled_job_type.run_scheduled_jo..., kwargs={'job_type': 'frappe.website.doctype.web_page.web_page.check_publish_status..., method='frappe.core.doctype.scheduled_job_type.scheduled_job_type.run_scheduled_jo..., site='your-site-name.localhost', user='Administrator') (your-site-name.localhost||scheduled_job||51ulukm94n)
2026-09-23 12:56:02,164 Successfully completed frappe.utils.background_jobs.execute_job(event=None, is_async=True, job_name='frappe.core.doctype.scheduled_job_type.scheduled_job_type.run_scheduled_jo..., kwargs={'job_type': 'frappe.website.doctype.web_page.web_page.check_publish_status..., method='frappe.core.doctype.scheduled_job_type.scheduled_job_type.run_scheduled_jo..., site='your-site-name.localhost', user='Administrator') job in 0:00:00.625434s on worker 228423810cd64f3eb1e30d05f24b86b0
2026-09-23 12:56:02,164 home-makara-frappe-bench:long: Job OK (your-site-name.localhost||scheduled_job||51ulukm94n)
2026-09-23 12:56:02,164 Result is kept for 600 seconds
2026-09-23 12:56:02,174 home-makara-frappe-bench:default: frappe.utils.background_jobs.execute_job(event=None, is_async=True, job_name='frappe.core.doctype.scheduled_job_type.scheduled_job_type.run_scheduled_jo..., kwargs={'job_type': 'frappe.email.doctype.email_account.email_account.notify_unrep..., method='frappe.core.doctype.scheduled_job_type.scheduled_job_type.run_scheduled_jo..., site='your-site-name.localhost', user='Administrator') (your-site-name.localhost||scheduled_job||51utl79ueh)
2026-09-23 12:56:02,549 Successfully completed frappe.utils.background_jobs.execute_job(event=None, is_async=True, job_name='frappe.core.doctype.scheduled_job_type.scheduled_job_type.run_scheduled_jo..., kwargs={'job_type': 'frappe.email.doctype.email_account.email_account.notify_unrep..., method='frappe.core.doctype.scheduled_job_type.scheduled_job_type.run_scheduled_jo..., site='your-site-name.localhost', user='Administrator') job in 0:00:00.363330s on worker 228423810cd64f3eb1e30d05f24b86b0
2026-09-23 12:56:02,549 home-makara-frappe-bench:default: Job OK (your-site-name.localhost||scheduled_job||51utl79ueh)
2026-09-23 12:56:02,549 Result is kept for 600 seconds
2026-09-23 12:56:02,556 home-makara-frappe-bench:default: frappe.utils.background_jobs.execute_job(event=None, is_async=True, job_name='frappe.core.doctype.scheduled_job_type.scheduled_job_type.run_scheduled_jo..., kwargs={'job_type': 'frappe.automation_engine.scheduler.process_cron', 'scheduled_..., method='frappe.core.doctype.scheduled_job_type.scheduled_job_type.run_scheduled_jo..., site='your-site-name.localhost', user='Administrator') (your-site-name.localhost||scheduled_job||51u6ep6oat)
2026-09-23 12:56:02,834 Successfully completed frappe.utils.background_jobs.execute_job(event=None, is_async=True, job_name='frappe.core.doctype.scheduled_job_type.scheduled_job_type.run_scheduled_jo..., kwargs={'job_type': 'frappe.automation_engine.scheduler.process_cron', 'scheduled_..., method='frappe.core.doctype.scheduled_job_type.scheduled_job_type.run_scheduled_jo..., site='your-site-name.localhost', user='Administrator') job in 0:00:00.271465s on worker 228423810cd64f3eb1e30d05f24b86b0
2026-09-23 12:56:02,834 home-makara-frappe-bench:default: Job OK (your-site-name.localhost||scheduled_job||51u6ep6oat)
2026-09-23 12:56:02,834 Result is kept for 600 seconds
2026-09-23 12:56:02,848 home-makara-frappe-bench:default: frappe.utils.background_jobs.execute_job(event=None, is_async=True, job_name='frappe.core.doctype.scheduled_job_type.scheduled_job_type.run_scheduled_jo..., kwargs={'job_type': 'frappe.automation.doctype.reminder.reminder.send_reminders', ..., method='frappe.core.doctype.scheduled_job_type.scheduled_job_type.run_scheduled_jo..., site='your-site-name.localhost', user='Administrator') (your-site-name.localhost||scheduled_job||51ujogtifi)
2026-09-23 12:56:03,183 Successfully completed frappe.utils.background_jobs.execute_job(event=None, is_async=True, job_name='frappe.core.doctype.scheduled_job_type.scheduled_job_type.run_scheduled_jo..., kwargs={'job_type': 'frappe.automation.doctype.reminder.reminder.send_reminders', ..., method='frappe.core.doctype.scheduled_job_type.scheduled_job_type.run_scheduled_jo..., site='your-site-name.localhost', user='Administrator') job in 0:00:00.328423s on worker 228423810cd64f3eb1e30d05f24b86b0
2026-09-23 12:56:03,184 home-makara-frappe-bench:default: Job OK (your-site-name.localhost||scheduled_job||51ujogtifi)
2026-09-23 12:56:03,184 Result is kept for 600 seconds
2026-09-23 12:56:03,191 home-makara-frappe-bench:default: frappe.utils.background_jobs.execute_job(event=None, is_async=True, job_name='frappe.core.doctype.scheduled_job_type.scheduled_job_type.run_scheduled_jo..., kwargs={'job_type': 'frappe.email.queue.retry_sending_emails', 'scheduled_job_type..., method='frappe.core.doctype.scheduled_job_type.scheduled_job_type.run_scheduled_jo..., site='your-site-name.localhost', user='Administrator') (your-site-name.localhost||scheduled_job||51uv7phrm7)
2026-09-23 12:56:03,495 Successfully completed frappe.utils.background_jobs.execute_job(event=None, is_async=True, job_name='frappe.core.doctype.scheduled_job_type.scheduled_job_type.run_scheduled_jo..., kwargs={'job_type': 'frappe.email.queue.retry_sending_emails', 'scheduled_job_type..., method='frappe.core.doctype.scheduled_job_type.scheduled_job_type.run_scheduled_jo..., site='your-site-name.localhost', user='Administrator') job in 0:00:00.298241s on worker 228423810cd64f3eb1e30d05f24b86b0
2026-09-23 12:56:03,495 home-makara-frappe-bench:default: Job OK (your-site-name.localhost||scheduled_job||51uv7phrm7)
2026-09-23 12:56:03,495 Result is kept for 600 seconds
2026-09-23 12:56:03,503 home-makara-frappe-bench:default: frappe.utils.background_jobs.execute_job(event=None, is_async=True, job_name='frappe.core.doctype.scheduled_job_type.scheduled_job_type.run_scheduled_jo..., kwargs={'job_type': 'frappe.utils.telemetry.pulse.client.send_queued_events', 'sch..., method='frappe.core.doctype.scheduled_job_type.scheduled_job_type.run_scheduled_jo..., site='your-site-name.localhost', user='Administrator') (your-site-name.localhost||scheduled_job||51ub742nv9)
2026-09-23 12:56:03,799 Successfully completed frappe.utils.background_jobs.execute_job(event=None, is_async=True, job_name='frappe.core.doctype.scheduled_job_type.scheduled_job_type.run_scheduled_jo..., kwargs={'job_type': 'frappe.utils.telemetry.pulse.client.send_queued_events', 'sch..., method='frappe.core.doctype.scheduled_job_type.scheduled_job_type.run_scheduled_jo..., site='your-site-name.localhost', user='Administrator') job in 0:00:00.288843s on worker 228423810cd64f3eb1e30d05f24b86b0
2026-09-23 12:56:03,799 home-makara-frappe-bench:default: Job OK (your-site-name.localhost||scheduled_job||51ub742nv9)
2026-09-23 12:56:03,799 Result is kept for 600 seconds
2026-09-23 12:56:03,806 home-makara-frappe-bench:default: frappe.utils.background_jobs.execute_job(event=None, is_async=True, job_name='frappe.core.doctype.scheduled_job_type.scheduled_job_type.run_scheduled_jo..., kwargs={'job_type': 'frappe.utils.global_search.sync_global_search', 'scheduled_jo..., method='frappe.core.doctype.scheduled_job_type.scheduled_job_type.run_scheduled_jo..., site='your-site-name.localhost', user='Administrator') (your-site-name.localhost||scheduled_job||51ul1o6qkh)
2026-09-23 12:56:04,075 Successfully completed frappe.utils.background_jobs.execute_job(event=None, is_async=True, job_name='frappe.core.doctype.scheduled_job_type.scheduled_job_type.run_scheduled_jo..., kwargs={'job_type': 'frappe.utils.global_search.sync_global_search', 'scheduled_jo..., method='frappe.core.doctype.scheduled_job_type.scheduled_job_type.run_scheduled_jo..., site='your-site-name.localhost', user='Administrator') job in 0:00:00.262221s on worker 228423810cd64f3eb1e30d05f24b86b0
2026-09-23 12:56:04,075 home-makara-frappe-bench:default: Job OK (your-site-name.localhost||scheduled_job||51ul1o6qkh)
2026-09-23 12:56:04,075 Result is kept for 600 seconds
2026-09-23 12:56:04,083 home-makara-frappe-bench:default: frappe.utils.background_jobs.execute_job(event=None, is_async=True, job_name='frappe.core.doctype.scheduled_job_type.scheduled_job_type.run_scheduled_jo..., kwargs={'job_type': 'frappe.deferred_insert.save_to_db', 'scheduled_job_type': '51..., method='frappe.core.doctype.scheduled_job_type.scheduled_job_type.run_scheduled_jo..., site='your-site-name.localhost', user='Administrator') (your-site-name.localhost||scheduled_job||51umjnqrgr)
2026-09-23 12:56:04,413 Successfully completed frappe.utils.background_jobs.execute_job(event=None, is_async=True, job_name='frappe.core.doctype.scheduled_job_type.scheduled_job_type.run_scheduled_jo..., kwargs={'job_type': 'frappe.deferred_insert.save_to_db', 'scheduled_job_type': '51..., method='frappe.core.doctype.scheduled_job_type.scheduled_job_type.run_scheduled_jo..., site='your-site-name.localhost', user='Administrator') job in 0:00:00.323876s on worker 228423810cd64f3eb1e30d05f24b86b0
2026-09-23 12:56:04,414 home-makara-frappe-bench:default: Job OK (your-site-name.localhost||scheduled_job||51umjnqrgr)
2026-09-23 12:56:04,414 Result is kept for 600 seconds
2026-09-23 12:56:04,422 home-makara-frappe-bench:default: frappe.utils.background_jobs.execute_job(event=None, is_async=True, job_name='frappe.core.doctype.scheduled_job_type.scheduled_job_type.run_scheduled_jo..., kwargs={'job_type': 'frappe.model.utils.link_count.update_link_count', 'scheduled_..., method='frappe.core.doctype.scheduled_job_type.scheduled_job_type.run_scheduled_jo..., site='your-site-name.localhost', user='Administrator') (your-site-name.localhost||scheduled_job||51utqpe235)
2026-09-23 12:56:04,717 Successfully completed frappe.utils.background_jobs.execute_job(event=None, is_async=True, job_name='frappe.core.doctype.scheduled_job_type.scheduled_job_type.run_scheduled_jo..., kwargs={'job_type': 'frappe.model.utils.link_count.update_link_count', 'scheduled_..., method='frappe.core.doctype.scheduled_job_type.scheduled_job_type.run_scheduled_jo..., site='your-site-name.localhost', user='Administrator') job in 0:00:00.288634s on worker 228423810cd64f3eb1e30d05f24b86b0
2026-09-23 12:56:04,717 home-makara-frappe-bench:default: Job OK (your-site-name.localhost||scheduled_job||51utqpe235)
2026-09-23 12:56:04,717 Result is kept for 600 seconds
2026-09-23 12:56:04,725 home-makara-frappe-bench:default: frappe.utils.background_jobs.execute_job(event=None, is_async=True, job_name='frappe.core.doctype.scheduled_job_type.scheduled_job_type.run_scheduled_jo..., kwargs={'job_type': 'frappe.monitor.flush', 'scheduled_job_type': '51u5l2o9pg'}, method='frappe.core.doctype.scheduled_job_type.scheduled_job_type.run_scheduled_jo..., site='your-site-name.localhost', user='Administrator') (your-site-name.localhost||scheduled_job||51u5l2o9pg)
2026-09-23 12:56:04,991 Successfully completed frappe.utils.background_jobs.execute_job(event=None, is_async=True, job_name='frappe.core.doctype.scheduled_job_type.scheduled_job_type.run_scheduled_jo..., kwargs={'job_type': 'frappe.monitor.flush', 'scheduled_job_type': '51u5l2o9pg'}, method='frappe.core.doctype.scheduled_job_type.scheduled_job_type.run_scheduled_jo..., site='your-site-name.localhost', user='Administrator') job in 0:00:00.259751s on worker 228423810cd64f3eb1e30d05f24b86b0
2026-09-23 12:56:04,991 home-makara-frappe-bench:default: Job OK (your-site-name.localhost||scheduled_job||51u5l2o9pg)
2026-09-23 12:56:04,991 Result is kept for 600 seconds
2026-09-23 12:56:04,998 home-makara-frappe-bench:default: frappe.utils.background_jobs.execute_job(event=None, is_async=True, job_name='frappe.core.doctype.scheduled_job_type.scheduled_job_type.run_scheduled_jo..., kwargs={'job_type': 'frappe.automation_engine.drainer.drain_due', 'scheduled_job_t..., method='frappe.core.doctype.scheduled_job_type.scheduled_job_type.run_scheduled_jo..., site='your-site-name.localhost', user='Administrator') (your-site-name.localhost||scheduled_job||51u0dpk9ai)
2026-09-23 12:56:05,281 Successfully completed frappe.utils.background_jobs.execute_job(event=None, is_async=True, job_name='frappe.core.doctype.scheduled_job_type.scheduled_job_type.run_scheduled_jo..., kwargs={'job_type': 'frappe.automation_engine.drainer.drain_due', 'scheduled_job_t..., method='frappe.core.doctype.scheduled_job_type.scheduled_job_type.run_scheduled_jo..., site='your-site-name.localhost', user='Administrator') job in 0:00:00.276772s on worker 228423810cd64f3eb1e30d05f24b86b0
2026-09-23 12:56:05,281 home-makara-frappe-bench:default: Job OK (your-site-name.localhost||scheduled_job||51u0dpk9ai)
2026-09-23 12:56:05,281 Result is kept for 600 seconds
2026-09-23 12:56:05,288 home-makara-frappe-bench:default: frappe.utils.background_jobs.execute_job(event=None, is_async=True, job_name='frappe.core.doctype.scheduled_job_type.scheduled_job_type.run_scheduled_jo..., kwargs={'job_type': 'frappe.search.sqlite_search.index_docs_in_queue', 'scheduled_..., method='frappe.core.doctype.scheduled_job_type.scheduled_job_type.run_scheduled_jo..., site='your-site-name.localhost', user='Administrator') (your-site-name.localhost||scheduled_job||51ubu6l9cg)
2026-09-23 12:56:05,574 Successfully completed frappe.utils.background_jobs.execute_job(event=None, is_async=True, job_name='frappe.core.doctype.scheduled_job_type.scheduled_job_type.run_scheduled_jo..., kwargs={'job_type': 'frappe.search.sqlite_search.index_docs_in_queue', 'scheduled_..., method='frappe.core.doctype.scheduled_job_type.scheduled_job_type.run_scheduled_jo..., site='your-site-name.localhost', user='Administrator') job in 0:00:00.279915s on worker 228423810cd64f3eb1e30d05f24b86b0
2026-09-23 12:56:05,574 home-makara-frappe-bench:default: Job OK (your-site-name.localhost||scheduled_job||51ubu6l9cg)
2026-09-23 12:56:05,574 Result is kept for 600 seconds
2026-09-23 12:56:05,581 home-makara-frappe-bench:default: frappe.utils.background_jobs.execute_job(event=None, is_async=True, job_name='frappe.core.doctype.scheduled_job_type.scheduled_job_type.run_scheduled_jo..., kwargs={'job_type': 'frappe.email.doctype.email_account.email_account.pull', 'sche..., method='frappe.core.doctype.scheduled_job_type.scheduled_job_type.run_scheduled_jo..., site='your-site-name.localhost', user='Administrator') (your-site-name.localhost||scheduled_job||51u4simu78)
2026-09-23 12:56:05,924 Successfully completed frappe.utils.background_jobs.execute_job(event=None, is_async=True, job_name='frappe.core.doctype.scheduled_job_type.scheduled_job_type.run_scheduled_jo..., kwargs={'job_type': 'frappe.email.doctype.email_account.email_account.pull', 'sche..., method='frappe.core.doctype.scheduled_job_type.scheduled_job_type.run_scheduled_jo..., site='your-site-name.localhost', user='Administrator') job in 0:00:00.335952s on worker 228423810cd64f3eb1e30d05f24b86b0
2026-09-23 12:56:05,924 home-makara-frappe-bench:default: Job OK (your-site-name.localhost||scheduled_job||51u4simu78)
2026-09-23 12:56:05,924 Result is kept for 600 seconds
2026-09-23 12:56:05,931 home-makara-frappe-bench:default: frappe.utils.background_jobs.execute_job(event=None, is_async=True, job_name='frappe.core.doctype.scheduled_job_type.scheduled_job_type.run_scheduled_jo..., kwargs={'job_type': 'frappe.integrations.doctype.webhook.webhook.retry_failed_webh..., method='frappe.core.doctype.scheduled_job_type.scheduled_job_type.run_scheduled_jo..., site='your-site-name.localhost', user='Administrator') (your-site-name.localhost||scheduled_job||51ugekk04n)
2026-09-23 12:56:06,211 Successfully completed frappe.utils.background_jobs.execute_job(event=None, is_async=True, job_name='frappe.core.doctype.scheduled_job_type.scheduled_job_type.run_scheduled_jo..., kwargs={'job_type': 'frappe.integrations.doctype.webhook.webhook.retry_failed_webh..., method='frappe.core.doctype.scheduled_job_type.scheduled_job_type.run_scheduled_jo..., site='your-site-name.localhost', user='Administrator') job in 0:00:00.273970s on worker 228423810cd64f3eb1e30d05f24b86b0
2026-09-23 12:56:06,212 home-makara-frappe-bench:default: Job OK (your-site-name.localhost||scheduled_job||51ugekk04n)
2026-09-23 12:56:06,212 Result is kept for 600 seconds
2026-09-23 12:56:06,219 home-makara-frappe-bench:default: frappe.utils.background_jobs.execute_job(event=None, is_async=True, job_name='frappe.core.doctype.scheduled_job_type.scheduled_job_type.run_scheduled_jo..., kwargs={'job_type': 'frappe.search.sqlite_search.build_index_if_not_exists', 'sche..., method='frappe.core.doctype.scheduled_job_type.scheduled_job_type.run_scheduled_jo..., site='your-site-name.localhost', user='Administrator') (your-site-name.localhost||scheduled_job||51uph3fnmd)
2026-09-23 12:56:06,486 Successfully completed frappe.utils.background_jobs.execute_job(event=None, is_async=True, job_name='frappe.core.doctype.scheduled_job_type.scheduled_job_type.run_scheduled_jo..., kwargs={'job_type': 'frappe.search.sqlite_search.build_index_if_not_exists', 'sche..., method='frappe.core.doctype.scheduled_job_type.scheduled_job_type.run_scheduled_jo..., site='your-site-name.localhost', user='Administrator') job in 0:00:00.261091s on worker 228423810cd64f3eb1e30d05f24b86b0
2026-09-23 12:56:06,486 home-makara-frappe-bench:default: Job OK (your-site-name.localhost||scheduled_job||51uph3fnmd)
2026-09-23 12:56:06,486 Result is kept for 600 seconds
2026-09-23 12:56:06,493 home-makara-frappe-bench:default: frappe.utils.background_jobs.execute_job(event=None, is_async=True, job_name='frappe.core.doctype.scheduled_job_type.scheduled_job_type.run_scheduled_jo..., kwargs={'job_type': 'frappe.email.queue.flush', 'scheduled_job_type': '51um9eeecb'..., method='frappe.core.doctype.scheduled_job_type.scheduled_job_type.run_scheduled_jo..., site='your-site-name.localhost', user='Administrator') (your-site-name.localhost||scheduled_job||51um9eeecb)
2026-09-23 12:56:06,793 Successfully completed frappe.utils.background_jobs.execute_job(event=None, is_async=True, job_name='frappe.core.doctype.scheduled_job_type.scheduled_job_type.run_scheduled_jo..., kwargs={'job_type': 'frappe.email.queue.flush', 'scheduled_job_type': '51um9eeecb'..., method='frappe.core.doctype.scheduled_job_type.scheduled_job_type.run_scheduled_jo..., site='your-site-name.localhost', user='Administrator') job in 0:00:00.293999s on worker 228423810cd64f3eb1e30d05f24b86b0
2026-09-23 12:56:06,794 home-makara-frappe-bench:default: Job OK (your-site-name.localhost||scheduled_job||51um9eeecb)
2026-09-23 12:56:06,794 Result is kept for 600 seconds
2026-09-23 12:56:06,802 home-makara-frappe-bench:default: frappe.utils.background_jobs.execute_job(event=None, is_async=True, job_name='frappe.core.doctype.scheduled_job_type.scheduled_job_type.run_scheduled_jo..., kwargs={'job_type': 'frappe.email.doctype.notification.notification.trigger_offset..., method='frappe.core.doctype.scheduled_job_type.scheduled_job_type.run_scheduled_jo..., site='your-site-name.localhost', user='Administrator') (your-site-name.localhost||scheduled_job||51ujdm2d34)
2026-09-23 12:56:07,074 Successfully completed frappe.utils.background_jobs.execute_job(event=None, is_async=True, job_name='frappe.core.doctype.scheduled_job_type.scheduled_job_type.run_scheduled_jo..., kwargs={'job_type': 'frappe.email.doctype.notification.notification.trigger_offset..., method='frappe.core.doctype.scheduled_job_type.scheduled_job_type.run_scheduled_jo..., site='your-site-name.localhost', user='Administrator') job in 0:00:00.265679s on worker 228423810cd64f3eb1e30d05f24b86b0
2026-09-23 12:56:07,074 home-makara-frappe-bench:default: Job OK (your-site-name.localhost||scheduled_job||51ujdm2d34)
2026-09-23 12:56:07,074 Result is kept for 600 seconds
2026-09-23 12:56:07,083 home-makara-frappe-bench:default: frappe.utils.background_jobs.execute_job(event=None, is_async=True, job_name='frappe.core.doctype.scheduled_job_type.scheduled_job_type.run_scheduled_jo..., kwargs={'job_type': 'frappe.integrations.doctype.google_calendar.google_calendar.s..., method='frappe.core.doctype.scheduled_job_type.scheduled_job_type.run_scheduled_jo..., site='your-site-name.localhost', user='Administrator') (your-site-name.localhost||scheduled_job||51u2s8slv0)
2026-09-23 12:56:07,489 Successfully completed frappe.utils.background_jobs.execute_job(event=None, is_async=True, job_name='frappe.core.doctype.scheduled_job_type.scheduled_job_type.run_scheduled_jo..., kwargs={'job_type': 'frappe.integrations.doctype.google_calendar.google_calendar.s..., method='frappe.core.doctype.scheduled_job_type.scheduled_job_type.run_scheduled_jo..., site='your-site-name.localhost', user='Administrator') job in 0:00:00.388701s on worker 228423810cd64f3eb1e30d05f24b86b0
2026-09-23 12:56:07,489 home-makara-frappe-bench:default: Job OK (your-site-name.localhost||scheduled_job||51u2s8slv0)
2026-09-23 12:56:07,489 Result is kept for 600 seconds
2026-09-23 12:56:07,498 home-makara-frappe-bench:default: frappe.utils.background_jobs.execute_job(event=None, is_async=True, job_name='frappe.core.doctype.scheduled_job_type.scheduled_job_type.run_scheduled_jo..., kwargs={'job_type': 'frappe.automation_engine.scheduler.process_date_based', 'sche..., method='frappe.core.doctype.scheduled_job_type.scheduled_job_type.run_scheduled_jo..., site='your-site-name.localhost', user='Administrator') (your-site-name.localhost||scheduled_job||51u4fqnc3o)
2026-09-23 12:56:07,855 Successfully completed frappe.utils.background_jobs.execute_job(event=None, is_async=True, job_name='frappe.core.doctype.scheduled_job_type.scheduled_job_type.run_scheduled_jo..., kwargs={'job_type': 'frappe.automation_engine.scheduler.process_date_based', 'sche..., method='frappe.core.doctype.scheduled_job_type.scheduled_job_type.run_scheduled_jo..., site='your-site-name.localhost', user='Administrator') job in 0:00:00.350744s on worker 228423810cd64f3eb1e30d05f24b86b0
2026-09-23 12:56:07,855 home-makara-frappe-bench:default: Job OK (your-site-name.localhost||scheduled_job||51u4fqnc3o)
2026-09-23 12:56:07,855 Result is kept for 600 seconds
2026-09-23 12:56:07,865 home-makara-frappe-bench:long: frappe.utils.background_jobs.execute_job(event=None, is_async=True, job_name='frappe.core.doctype.scheduled_job_type.scheduled_job_type.run_scheduled_jo..., kwargs={'job_type': 'frappe.desk.utils.delete_old_exported_report_files', 'schedul..., method='frappe.core.doctype.scheduled_job_type.scheduled_job_type.run_scheduled_jo..., site='your-site-name.localhost', user='Administrator') (your-site-name.localhost||scheduled_job||51uejdm0v2)
2026-09-23 12:56:08,228 Successfully completed frappe.utils.background_jobs.execute_job(event=None, is_async=True, job_name='frappe.core.doctype.scheduled_job_type.scheduled_job_type.run_scheduled_jo..., kwargs={'job_type': 'frappe.desk.utils.delete_old_exported_report_files', 'schedul..., method='frappe.core.doctype.scheduled_job_type.scheduled_job_type.run_scheduled_jo..., site='your-site-name.localhost', user='Administrator') job in 0:00:00.356043s on worker 228423810cd64f3eb1e30d05f24b86b0
2026-09-23 12:56:08,228 home-makara-frappe-bench:long: Job OK (your-site-name.localhost||scheduled_job||51uejdm0v2)
2026-09-23 12:56:08,228 Result is kept for 600 seconds
2026-09-23 12:56:08,238 home-makara-frappe-bench:long: frappe.utils.background_jobs.execute_job(event=None, is_async=True, job_name='frappe.core.doctype.scheduled_job_type.scheduled_job_type.run_scheduled_jo..., kwargs={'job_type': 'frappe.core.doctype.prepared_report.prepared_report.expire_st..., method='frappe.core.doctype.scheduled_job_type.scheduled_job_type.run_scheduled_jo..., site='your-site-name.localhost', user='Administrator') (your-site-name.localhost||scheduled_job||51u450j6fg)
2026-09-23 12:56:08,703 Successfully completed frappe.utils.background_jobs.execute_job(event=None, is_async=True, job_name='frappe.core.doctype.scheduled_job_type.scheduled_job_type.run_scheduled_jo..., kwargs={'job_type': 'frappe.core.doctype.prepared_report.prepared_report.expire_st..., method='frappe.core.doctype.scheduled_job_type.scheduled_job_type.run_scheduled_jo..., site='your-site-name.localhost', user='Administrator') job in 0:00:00.456454s on worker 228423810cd64f3eb1e30d05f24b86b0
2026-09-23 12:56:08,703 home-makara-frappe-bench:long: Job OK (your-site-name.localhost||scheduled_job||51u450j6fg)
2026-09-23 12:56:08,703 Result is kept for 600 seconds
2026-09-23 12:56:08,711 home-makara-frappe-bench:long: frappe.utils.background_jobs.execute_job(event=None, is_async=True, job_name='frappe.core.doctype.scheduled_job_type.scheduled_job_type.run_scheduled_jo..., kwargs={'job_type': 'frappe.twofactor.delete_all_barcodes_for_users', 'scheduled_j..., method='frappe.core.doctype.scheduled_job_type.scheduled_job_type.run_scheduled_jo..., site='your-site-name.localhost', user='Administrator') (your-site-name.localhost||scheduled_job||51uj9u8spk)
2026-09-23 12:56:09,041 Successfully completed frappe.utils.background_jobs.execute_job(event=None, is_async=True, job_name='frappe.core.doctype.scheduled_job_type.scheduled_job_type.run_scheduled_jo..., kwargs={'job_type': 'frappe.twofactor.delete_all_barcodes_for_users', 'scheduled_j..., method='frappe.core.doctype.scheduled_job_type.scheduled_job_type.run_scheduled_jo..., site='your-site-name.localhost', user='Administrator') job in 0:00:00.323339s on worker 228423810cd64f3eb1e30d05f24b86b0
2026-09-23 12:56:09,042 home-makara-frappe-bench:long: Job OK (your-site-name.localhost||scheduled_job||51uj9u8spk)
2026-09-23 12:56:09,042 Result is kept for 600 seconds
2026-09-23 12:56:09,051 home-makara-frappe-bench:long: frappe.utils.background_jobs.execute_job(event=None, is_async=True, job_name='frappe.core.doctype.scheduled_job_type.scheduled_job_type.run_scheduled_jo..., kwargs={'job_type': 'frappe.website.doctype.personal_data_deletion_request.persona..., method='frappe.core.doctype.scheduled_job_type.scheduled_job_type.run_scheduled_jo..., site='your-site-name.localhost', user='Administrator') (your-site-name.localhost||scheduled_job||51urrhaejr)
2026-09-23 12:56:09,388 Successfully completed frappe.utils.background_jobs.execute_job(event=None, is_async=True, job_name='frappe.core.doctype.scheduled_job_type.scheduled_job_type.run_scheduled_jo..., kwargs={'job_type': 'frappe.website.doctype.personal_data_deletion_request.persona..., method='frappe.core.doctype.scheduled_job_type.scheduled_job_type.run_scheduled_jo..., site='your-site-name.localhost', user='Administrator') job in 0:00:00.330582s on worker 228423810cd64f3eb1e30d05f24b86b0
2026-09-23 12:56:09,389 home-makara-frappe-bench:long: Job OK (your-site-name.localhost||scheduled_job||51urrhaejr)
2026-09-23 12:56:09,389 Result is kept for 600 seconds
2026-09-23 12:56:09,396 home-makara-frappe-bench:long: frappe.utils.background_jobs.execute_job(event=None, is_async=True, job_name='frappe.core.doctype.scheduled_job_type.scheduled_job_type.run_scheduled_jo..., kwargs={'job_type': 'frappe.desk.form.document_follow.send_hourly_updates', 'sched..., method='frappe.core.doctype.scheduled_job_type.scheduled_job_type.run_scheduled_jo..., site='your-site-name.localhost', user='Administrator') (your-site-name.localhost||scheduled_job||51u2gsb445)
2026-09-23 12:56:09,702 Successfully completed frappe.utils.background_jobs.execute_job(event=None, is_async=True, job_name='frappe.core.doctype.scheduled_job_type.scheduled_job_type.run_scheduled_jo..., kwargs={'job_type': 'frappe.desk.form.document_follow.send_hourly_updates', 'sched..., method='frappe.core.doctype.scheduled_job_type.scheduled_job_type.run_scheduled_jo..., site='your-site-name.localhost', user='Administrator') job in 0:00:00.299390s on worker 228423810cd64f3eb1e30d05f24b86b0
2026-09-23 12:56:09,702 home-makara-frappe-bench:long: Job OK (your-site-name.localhost||scheduled_job||51u2gsb445)
2026-09-23 12:56:09,702 Result is kept for 600 seconds
2026-09-23 12:56:09,709 home-makara-frappe-bench:long: frappe.utils.background_jobs.execute_job(event=None, is_async=True, job_name='frappe.core.doctype.scheduled_job_type.scheduled_job_type.run_scheduled_jo..., kwargs={'job_type': 'frappe.oauth.delete_oauth2_data', 'scheduled_job_type': '51up..., method='frappe.core.doctype.scheduled_job_type.scheduled_job_type.run_scheduled_jo..., site='your-site-name.localhost', user='Administrator') (your-site-name.localhost||scheduled_job||51up6djr17)
2026-09-23 12:56:10,038 Successfully completed frappe.utils.background_jobs.execute_job(event=None, is_async=True, job_name='frappe.core.doctype.scheduled_job_type.scheduled_job_type.run_scheduled_jo..., kwargs={'job_type': 'frappe.oauth.delete_oauth2_data', 'scheduled_job_type': '51up..., method='frappe.core.doctype.scheduled_job_type.scheduled_job_type.run_scheduled_jo..., site='your-site-name.localhost', user='Administrator') job in 0:00:00.322630s on worker 228423810cd64f3eb1e30d05f24b86b0
2026-09-23 12:56:10,038 home-makara-frappe-bench:long: Job OK (your-site-name.localhost||scheduled_job||51up6djr17)
2026-09-23 12:56:10,038 Result is kept for 600 seconds
2026-09-23 12:56:10,045 home-makara-frappe-bench:long: frappe.utils.background_jobs.execute_job(event=None, is_async=True, job_name='frappe.core.doctype.scheduled_job_type.scheduled_job_type.run_scheduled_jo..., kwargs={'job_type': 'frappe.model.utils.user_settings.sync_user_settings', 'schedu..., method='frappe.core.doctype.scheduled_job_type.scheduled_job_type.run_scheduled_jo..., site='your-site-name.localhost', user='Administrator') (your-site-name.localhost||scheduled_job||51uint1mto)
2026-09-23 12:56:10,392 Successfully completed frappe.utils.background_jobs.execute_job(event=None, is_async=True, job_name='frappe.core.doctype.scheduled_job_type.scheduled_job_type.run_scheduled_jo..., kwargs={'job_type': 'frappe.model.utils.user_settings.sync_user_settings', 'schedu..., method='frappe.core.doctype.scheduled_job_type.scheduled_job_type.run_scheduled_jo..., site='your-site-name.localhost', user='Administrator') job in 0:00:00.338093s on worker 228423810cd64f3eb1e30d05f24b86b0
2026-09-23 12:56:10,392 home-makara-frappe-bench:long: Job OK (your-site-name.localhost||scheduled_job||51uint1mto)
2026-09-23 12:56:10,392 Result is kept for 600 seconds
2026-09-23 12:56:10,401 home-makara-frappe-bench:long: frappe.utils.background_jobs.execute_job(event=None, is_async=True, job_name='frappe.core.doctype.scheduled_job_type.scheduled_job_type.run_scheduled_jo..., kwargs={'job_type': 'frappe.desk.page.backups.backups.delete_downloadable_backups'..., method='frappe.core.doctype.scheduled_job_type.scheduled_job_type.run_scheduled_jo..., site='your-site-name.localhost', user='Administrator') (your-site-name.localhost||scheduled_job||51u294fn7o)
2026-09-23 12:56:10,721 Successfully completed frappe.utils.background_jobs.execute_job(event=None, is_async=True, job_name='frappe.core.doctype.scheduled_job_type.scheduled_job_type.run_scheduled_jo..., kwargs={'job_type': 'frappe.desk.page.backups.backups.delete_downloadable_backups'..., method='frappe.core.doctype.scheduled_job_type.scheduled_job_type.run_scheduled_jo..., site='your-site-name.localhost', user='Administrator') job in 0:00:00.313626s on worker 228423810cd64f3eb1e30d05f24b86b0
2026-09-23 12:56:10,721 home-makara-frappe-bench:long: Job OK (your-site-name.localhost||scheduled_job||51u294fn7o)
2026-09-23 12:56:10,721 Result is kept for 600 seconds
2026-09-23 13:00:00,566 home-makara-frappe-bench:default: frappe.utils.background_jobs.execute_job(event=None, is_async=True, job_name='frappe.core.doctype.scheduled_job_type.scheduled_job_type.run_scheduled_jo..., kwargs={'job_type': 'frappe.automation_engine.scheduler.process_cron', 'scheduled_..., method='frappe.core.doctype.scheduled_job_type.scheduled_job_type.run_scheduled_jo..., site='your-site-name.localhost', user='Administrator') (your-site-name.localhost||scheduled_job||51u6ep6oat)
2026-09-23 13:00:00,948 Successfully completed frappe.utils.background_jobs.execute_job(event=None, is_async=True, job_name='frappe.core.doctype.scheduled_job_type.scheduled_job_type.run_scheduled_jo..., kwargs={'job_type': 'frappe.automation_engine.scheduler.process_cron', 'scheduled_..., method='frappe.core.doctype.scheduled_job_type.scheduled_job_type.run_scheduled_jo..., site='your-site-name.localhost', user='Administrator') job in 0:00:00.355033s on worker 228423810cd64f3eb1e30d05f24b86b0
2026-09-23 13:00:00,948 home-makara-frappe-bench:default: Job OK (your-site-name.localhost||scheduled_job||51u6ep6oat)
2026-09-23 13:00:00,948 Result is kept for 600 seconds
2026-09-23 13:00:00,959 home-makara-frappe-bench:default: frappe.utils.background_jobs.execute_job(event=None, is_async=True, job_name='frappe.core.doctype.scheduled_job_type.scheduled_job_type.run_scheduled_jo..., kwargs={'job_type': 'frappe.email.doctype.email_account.email_account.pull', 'sche..., method='frappe.core.doctype.scheduled_job_type.scheduled_job_type.run_scheduled_jo..., site='your-site-name.localhost', user='Administrator') (your-site-name.localhost||scheduled_job||51u4simu78)
2026-09-23 13:00:01,323 Successfully completed frappe.utils.background_jobs.execute_job(event=None, is_async=True, job_name='frappe.core.doctype.scheduled_job_type.scheduled_job_type.run_scheduled_jo..., kwargs={'job_type': 'frappe.email.doctype.email_account.email_account.pull', 'sche..., method='frappe.core.doctype.scheduled_job_type.scheduled_job_type.run_scheduled_jo..., site='your-site-name.localhost', user='Administrator') job in 0:00:00.354620s on worker 228423810cd64f3eb1e30d05f24b86b0
2026-09-23 13:00:01,323 home-makara-frappe-bench:default: Job OK (your-site-name.localhost||scheduled_job||51u4simu78)
2026-09-23 13:00:01,323 Result is kept for 600 seconds
2026-09-23 13:00:01,334 home-makara-frappe-bench:default: frappe.utils.background_jobs.execute_job(event=None, is_async=True, job_name='frappe.core.doctype.scheduled_job_type.scheduled_job_type.run_scheduled_jo..., kwargs={'job_type': 'frappe.integrations.doctype.google_calendar.google_calendar.s..., method='frappe.core.doctype.scheduled_job_type.scheduled_job_type.run_scheduled_jo..., site='your-site-name.localhost', user='Administrator') (your-site-name.localhost||scheduled_job||51u2s8slv0)
2026-09-23 13:00:01,697 Successfully completed frappe.utils.background_jobs.execute_job(event=None, is_async=True, job_name='frappe.core.doctype.scheduled_job_type.scheduled_job_type.run_scheduled_jo..., kwargs={'job_type': 'frappe.integrations.doctype.google_calendar.google_calendar.s..., method='frappe.core.doctype.scheduled_job_type.scheduled_job_type.run_scheduled_jo..., site='your-site-name.localhost', user='Administrator') job in 0:00:00.356416s on worker 228423810cd64f3eb1e30d05f24b86b0
2026-09-23 13:00:01,698 home-makara-frappe-bench:default: Job OK (your-site-name.localhost||scheduled_job||51u2s8slv0)
2026-09-23 13:00:01,698 Result is kept for 600 seconds
2026-09-23 13:00:01,706 home-makara-frappe-bench:default: frappe.utils.background_jobs.execute_job(event=None, is_async=True, job_name='frappe.core.doctype.scheduled_job_type.scheduled_job_type.run_scheduled_jo..., kwargs={'job_type': 'frappe.automation.doctype.reminder.reminder.send_reminders', ..., method='frappe.core.doctype.scheduled_job_type.scheduled_job_type.run_scheduled_jo..., site='your-site-name.localhost', user='Administrator') (your-site-name.localhost||scheduled_job||51ujogtifi)
2026-09-23 13:00:02,050 Successfully completed frappe.utils.background_jobs.execute_job(event=None, is_async=True, job_name='frappe.core.doctype.scheduled_job_type.scheduled_job_type.run_scheduled_jo..., kwargs={'job_type': 'frappe.automation.doctype.reminder.reminder.send_reminders', ..., method='frappe.core.doctype.scheduled_job_type.scheduled_job_type.run_scheduled_jo..., site='your-site-name.localhost', user='Administrator') job in 0:00:00.337113s on worker 228423810cd64f3eb1e30d05f24b86b0
2026-09-23 13:00:02,050 home-makara-frappe-bench:default: Job OK (your-site-name.localhost||scheduled_job||51ujogtifi)
2026-09-23 13:00:02,050 Result is kept for 600 seconds
2026-09-23 13:00:02,058 home-makara-frappe-bench:default: frappe.utils.background_jobs.execute_job(event=None, is_async=True, job_name='frappe.core.doctype.scheduled_job_type.scheduled_job_type.run_scheduled_jo..., kwargs={'job_type': 'frappe.model.utils.link_count.update_link_count', 'scheduled_..., method='frappe.core.doctype.scheduled_job_type.scheduled_job_type.run_scheduled_jo..., site='your-site-name.localhost', user='Administrator') (your-site-name.localhost||scheduled_job||51utqpe235)
2026-09-23 13:00:02,392 Successfully completed frappe.utils.background_jobs.execute_job(event=None, is_async=True, job_name='frappe.core.doctype.scheduled_job_type.scheduled_job_type.run_scheduled_jo..., kwargs={'job_type': 'frappe.model.utils.link_count.update_link_count', 'scheduled_..., method='frappe.core.doctype.scheduled_job_type.scheduled_job_type.run_scheduled_jo..., site='your-site-name.localhost', user='Administrator') job in 0:00:00.326521s on worker 228423810cd64f3eb1e30d05f24b86b0
2026-09-23 13:00:02,392 home-makara-frappe-bench:default: Job OK (your-site-name.localhost||scheduled_job||51utqpe235)
2026-09-23 13:00:02,393 Result is kept for 600 seconds
2026-09-23 13:00:02,405 home-makara-frappe-bench:default: frappe.utils.background_jobs.execute_job(event=None, is_async=True, job_name='frappe.core.doctype.scheduled_job_type.scheduled_job_type.run_scheduled_jo..., kwargs={'job_type': 'frappe.email.doctype.notification.notification.trigger_offset..., method='frappe.core.doctype.scheduled_job_type.scheduled_job_type.run_scheduled_jo..., site='your-site-name.localhost', user='Administrator') (your-site-name.localhost||scheduled_job||51ujdm2d34)
2026-09-23 13:00:02,735 Successfully completed frappe.utils.background_jobs.execute_job(event=None, is_async=True, job_name='frappe.core.doctype.scheduled_job_type.scheduled_job_type.run_scheduled_jo..., kwargs={'job_type': 'frappe.email.doctype.notification.notification.trigger_offset..., method='frappe.core.doctype.scheduled_job_type.scheduled_job_type.run_scheduled_jo..., site='your-site-name.localhost', user='Administrator') job in 0:00:00.317784s on worker 228423810cd64f3eb1e30d05f24b86b0
2026-09-23 13:00:02,735 home-makara-frappe-bench:default: Job OK (your-site-name.localhost||scheduled_job||51ujdm2d34)
2026-09-23 13:00:02,735 Result is kept for 600 seconds
2026-09-23 13:00:02,748 home-makara-frappe-bench:default: frappe.utils.background_jobs.execute_job(event=None, is_async=True, job_name='frappe.core.doctype.scheduled_job_type.scheduled_job_type.run_scheduled_jo..., kwargs={'job_type': 'frappe.monitor.flush', 'scheduled_job_type': '51u5l2o9pg'}, method='frappe.core.doctype.scheduled_job_type.scheduled_job_type.run_scheduled_jo..., site='your-site-name.localhost', user='Administrator') (your-site-name.localhost||scheduled_job||51u5l2o9pg)
2026-09-23 13:00:03,065 Successfully completed frappe.utils.background_jobs.execute_job(event=None, is_async=True, job_name='frappe.core.doctype.scheduled_job_type.scheduled_job_type.run_scheduled_jo..., kwargs={'job_type': 'frappe.monitor.flush', 'scheduled_job_type': '51u5l2o9pg'}, method='frappe.core.doctype.scheduled_job_type.scheduled_job_type.run_scheduled_jo..., site='your-site-name.localhost', user='Administrator') job in 0:00:00.310110s on worker 228423810cd64f3eb1e30d05f24b86b0
2026-09-23 13:00:03,065 home-makara-frappe-bench:default: Job OK (your-site-name.localhost||scheduled_job||51u5l2o9pg)
2026-09-23 13:00:03,065 Result is kept for 600 seconds
2026-09-23 13:00:03,074 home-makara-frappe-bench:default: frappe.utils.background_jobs.execute_job(event=None, is_async=True, job_name='frappe.core.doctype.scheduled_job_type.scheduled_job_type.run_scheduled_jo..., kwargs={'job_type': 'frappe.automation_engine.scheduler.process_date_based', 'sche..., method='frappe.core.doctype.scheduled_job_type.scheduled_job_type.run_scheduled_jo..., site='your-site-name.localhost', user='Administrator') (your-site-name.localhost||scheduled_job||51u4fqnc3o)
2026-09-23 13:00:03,421 Successfully completed frappe.utils.background_jobs.execute_job(event=None, is_async=True, job_name='frappe.core.doctype.scheduled_job_type.scheduled_job_type.run_scheduled_jo..., kwargs={'job_type': 'frappe.automation_engine.scheduler.process_date_based', 'sche..., method='frappe.core.doctype.scheduled_job_type.scheduled_job_type.run_scheduled_jo..., site='your-site-name.localhost', user='Administrator') job in 0:00:00.340513s on worker 228423810cd64f3eb1e30d05f24b86b0
2026-09-23 13:00:03,421 home-makara-frappe-bench:default: Job OK (your-site-name.localhost||scheduled_job||51u4fqnc3o)
2026-09-23 13:00:03,421 Result is kept for 600 seconds
2026-09-23 13:00:03,429 home-makara-frappe-bench:default: frappe.utils.background_jobs.execute_job(event=None, is_async=True, job_name='frappe.core.doctype.scheduled_job_type.scheduled_job_type.run_scheduled_jo..., kwargs={'job_type': 'frappe.deferred_insert.save_to_db', 'scheduled_job_type': '51..., method='frappe.core.doctype.scheduled_job_type.scheduled_job_type.run_scheduled_jo..., site='your-site-name.localhost', user='Administrator') (your-site-name.localhost||scheduled_job||51umjnqrgr)
2026-09-23 13:00:03,779 Successfully completed frappe.utils.background_jobs.execute_job(event=None, is_async=True, job_name='frappe.core.doctype.scheduled_job_type.scheduled_job_type.run_scheduled_jo..., kwargs={'job_type': 'frappe.deferred_insert.save_to_db', 'scheduled_job_type': '51..., method='frappe.core.doctype.scheduled_job_type.scheduled_job_type.run_scheduled_jo..., site='your-site-name.localhost', user='Administrator') job in 0:00:00.343490s on worker 228423810cd64f3eb1e30d05f24b86b0
2026-09-23 13:00:03,780 home-makara-frappe-bench:default: Job OK (your-site-name.localhost||scheduled_job||51umjnqrgr)
2026-09-23 13:00:03,780 Result is kept for 600 seconds
2026-09-23 13:00:03,788 home-makara-frappe-bench:default: frappe.utils.background_jobs.execute_job(event=None, is_async=True, job_name='frappe.core.doctype.scheduled_job_type.scheduled_job_type.run_scheduled_jo..., kwargs={'job_type': 'frappe.automation_engine.drainer.drain_due', 'scheduled_job_t..., method='frappe.core.doctype.scheduled_job_type.scheduled_job_type.run_scheduled_jo..., site='your-site-name.localhost', user='Administrator') (your-site-name.localhost||scheduled_job||51u0dpk9ai)
2026-09-23 13:00:04,106 Successfully completed frappe.utils.background_jobs.execute_job(event=None, is_async=True, job_name='frappe.core.doctype.scheduled_job_type.scheduled_job_type.run_scheduled_jo..., kwargs={'job_type': 'frappe.automation_engine.drainer.drain_due', 'scheduled_job_t..., method='frappe.core.doctype.scheduled_job_type.scheduled_job_type.run_scheduled_jo..., site='your-site-name.localhost', user='Administrator') job in 0:00:00.300687s on worker 228423810cd64f3eb1e30d05f24b86b0
2026-09-23 13:00:04,106 home-makara-frappe-bench:default: Job OK (your-site-name.localhost||scheduled_job||51u0dpk9ai)
2026-09-23 13:00:04,106 Result is kept for 600 seconds
2026-09-23 13:00:04,115 home-makara-frappe-bench:default: frappe.utils.background_jobs.execute_job(event=None, is_async=True, job_name='frappe.core.doctype.scheduled_job_type.scheduled_job_type.run_scheduled_jo..., kwargs={'job_type': 'frappe.email.doctype.email_account.email_account.notify_unrep..., method='frappe.core.doctype.scheduled_job_type.scheduled_job_type.run_scheduled_jo..., site='your-site-name.localhost', user='Administrator') (your-site-name.localhost||scheduled_job||51utl79ueh)
2026-09-23 13:00:04,457 Successfully completed frappe.utils.background_jobs.execute_job(event=None, is_async=True, job_name='frappe.core.doctype.scheduled_job_type.scheduled_job_type.run_scheduled_jo..., kwargs={'job_type': 'frappe.email.doctype.email_account.email_account.notify_unrep..., method='frappe.core.doctype.scheduled_job_type.scheduled_job_type.run_scheduled_jo..., site='your-site-name.localhost', user='Administrator') job in 0:00:00.330564s on worker 228423810cd64f3eb1e30d05f24b86b0
2026-09-23 13:00:04,457 home-makara-frappe-bench:default: Job OK (your-site-name.localhost||scheduled_job||51utl79ueh)
2026-09-23 13:00:04,457 Result is kept for 600 seconds
2026-09-23 13:00:04,468 home-makara-frappe-bench:default: frappe.utils.background_jobs.execute_job(event=None, is_async=True, job_name='frappe.core.doctype.scheduled_job_type.scheduled_job_type.run_scheduled_jo..., kwargs={'job_type': 'frappe.search.sqlite_search.index_docs_in_queue', 'scheduled_..., method='frappe.core.doctype.scheduled_job_type.scheduled_job_type.run_scheduled_jo..., site='your-site-name.localhost', user='Administrator') (your-site-name.localhost||scheduled_job||51ubu6l9cg)
2026-09-23 13:00:04,768 Successfully completed frappe.utils.background_jobs.execute_job(event=None, is_async=True, job_name='frappe.core.doctype.scheduled_job_type.scheduled_job_type.run_scheduled_jo..., kwargs={'job_type': 'frappe.search.sqlite_search.index_docs_in_queue', 'scheduled_..., method='frappe.core.doctype.scheduled_job_type.scheduled_job_type.run_scheduled_jo..., site='your-site-name.localhost', user='Administrator') job in 0:00:00.292400s on worker 228423810cd64f3eb1e30d05f24b86b0
2026-09-23 13:00:04,768 home-makara-frappe-bench:default: Job OK (your-site-name.localhost||scheduled_job||51ubu6l9cg)
2026-09-23 13:00:04,768 Result is kept for 600 seconds
2026-09-23 13:00:04,777 home-makara-frappe-bench:default: frappe.utils.background_jobs.execute_job(event=None, is_async=True, job_name='frappe.core.doctype.scheduled_job_type.scheduled_job_type.run_scheduled_jo..., kwargs={'job_type': 'frappe.utils.global_search.sync_global_search', 'scheduled_jo..., method='frappe.core.doctype.scheduled_job_type.scheduled_job_type.run_scheduled_jo..., site='your-site-name.localhost', user='Administrator') (your-site-name.localhost||scheduled_job||51ul1o6qkh)
2026-09-23 13:00:05,066 Successfully completed frappe.utils.background_jobs.execute_job(event=None, is_async=True, job_name='frappe.core.doctype.scheduled_job_type.scheduled_job_type.run_scheduled_jo..., kwargs={'job_type': 'frappe.utils.global_search.sync_global_search', 'scheduled_jo..., method='frappe.core.doctype.scheduled_job_type.scheduled_job_type.run_scheduled_jo..., site='your-site-name.localhost', user='Administrator') job in 0:00:00.280671s on worker 228423810cd64f3eb1e30d05f24b86b0
2026-09-23 13:00:05,066 home-makara-frappe-bench:default: Job OK (your-site-name.localhost||scheduled_job||51ul1o6qkh)
2026-09-23 13:00:05,066 Result is kept for 600 seconds
2026-09-23 13:00:05,074 home-makara-frappe-bench:default: frappe.utils.background_jobs.execute_job(event=None, is_async=True, job_name='frappe.core.doctype.scheduled_job_type.scheduled_job_type.run_scheduled_jo..., kwargs={'job_type': 'frappe.utils.telemetry.pulse.client.send_queued_events', 'sch..., method='frappe.core.doctype.scheduled_job_type.scheduled_job_type.run_scheduled_jo..., site='your-site-name.localhost', user='Administrator') (your-site-name.localhost||scheduled_job||51ub742nv9)
2026-09-23 13:00:05,415 Successfully completed frappe.utils.background_jobs.execute_job(event=None, is_async=True, job_name='frappe.core.doctype.scheduled_job_type.scheduled_job_type.run_scheduled_jo..., kwargs={'job_type': 'frappe.utils.telemetry.pulse.client.send_queued_events', 'sch..., method='frappe.core.doctype.scheduled_job_type.scheduled_job_type.run_scheduled_jo..., site='your-site-name.localhost', user='Administrator') job in 0:00:00.331703s on worker 228423810cd64f3eb1e30d05f24b86b0
2026-09-23 13:00:05,415 home-makara-frappe-bench:default: Job OK (your-site-name.localhost||scheduled_job||51ub742nv9)
2026-09-23 13:00:05,415 Result is kept for 600 seconds
2026-09-23 13:00:05,423 home-makara-frappe-bench:default: frappe.utils.background_jobs.execute_job(event=None, is_async=True, job_name='frappe.core.doctype.scheduled_job_type.scheduled_job_type.run_scheduled_jo..., kwargs={'job_type': 'frappe.email.queue.flush', 'scheduled_job_type': '51um9eeecb'..., method='frappe.core.doctype.scheduled_job_type.scheduled_job_type.run_scheduled_jo..., site='your-site-name.localhost', user='Administrator') (your-site-name.localhost||scheduled_job||51um9eeecb)
2026-09-23 13:00:05,823 Successfully completed frappe.utils.background_jobs.execute_job(event=None, is_async=True, job_name='frappe.core.doctype.scheduled_job_type.scheduled_job_type.run_scheduled_jo..., kwargs={'job_type': 'frappe.email.queue.flush', 'scheduled_job_type': '51um9eeecb'..., method='frappe.core.doctype.scheduled_job_type.scheduled_job_type.run_scheduled_jo..., site='your-site-name.localhost', user='Administrator') job in 0:00:00.391122s on worker 228423810cd64f3eb1e30d05f24b86b0
2026-09-23 13:00:05,823 home-makara-frappe-bench:default: Job OK (your-site-name.localhost||scheduled_job||51um9eeecb)
2026-09-23 13:00:05,823 Result is kept for 600 seconds
2026-09-23 13:00:05,831 home-makara-frappe-bench:default: frappe.utils.background_jobs.execute_job(event=None, is_async=True, job_name='frappe.core.doctype.scheduled_job_type.scheduled_job_type.run_scheduled_jo..., kwargs={'job_type': 'frappe.integrations.doctype.webhook.webhook.retry_failed_webh..., method='frappe.core.doctype.scheduled_job_type.scheduled_job_type.run_scheduled_jo..., site='your-site-name.localhost', user='Administrator') (your-site-name.localhost||scheduled_job||51ugekk04n)
2026-09-23 13:00:06,125 Successfully completed frappe.utils.background_jobs.execute_job(event=None, is_async=True, job_name='frappe.core.doctype.scheduled_job_type.scheduled_job_type.run_scheduled_jo..., kwargs={'job_type': 'frappe.integrations.doctype.webhook.webhook.retry_failed_webh..., method='frappe.core.doctype.scheduled_job_type.scheduled_job_type.run_scheduled_jo..., site='your-site-name.localhost', user='Administrator') job in 0:00:00.287436s on worker 228423810cd64f3eb1e30d05f24b86b0
2026-09-23 13:00:06,126 home-makara-frappe-bench:default: Job OK (your-site-name.localhost||scheduled_job||51ugekk04n)
2026-09-23 13:00:06,126 Result is kept for 600 seconds
2026-09-23 13:00:06,133 home-makara-frappe-bench:default: frappe.utils.background_jobs.execute_job(event=None, is_async=True, job_name='frappe.core.doctype.scheduled_job_type.scheduled_job_type.run_scheduled_jo..., kwargs={'job_type': 'frappe.email.queue.retry_sending_emails', 'scheduled_job_type..., method='frappe.core.doctype.scheduled_job_type.scheduled_job_type.run_scheduled_jo..., site='your-site-name.localhost', user='Administrator') (your-site-name.localhost||scheduled_job||51uv7phrm7)
2026-09-23 13:00:06,456 Successfully completed frappe.utils.background_jobs.execute_job(event=None, is_async=True, job_name='frappe.core.doctype.scheduled_job_type.scheduled_job_type.run_scheduled_jo..., kwargs={'job_type': 'frappe.email.queue.retry_sending_emails', 'scheduled_job_type..., method='frappe.core.doctype.scheduled_job_type.scheduled_job_type.run_scheduled_jo..., site='your-site-name.localhost', user='Administrator') job in 0:00:00.317050s on worker 228423810cd64f3eb1e30d05f24b86b0
2026-09-23 13:00:06,456 home-makara-frappe-bench:default: Job OK (your-site-name.localhost||scheduled_job||51uv7phrm7)
2026-09-23 13:00:06,456 Result is kept for 600 seconds
2026-09-23 13:00:06,464 home-makara-frappe-bench:long: frappe.utils.background_jobs.execute_job(event=None, is_async=True, job_name='frappe.core.doctype.scheduled_job_type.scheduled_job_type.run_scheduled_jo..., kwargs={'job_type': 'frappe.model.utils.user_settings.sync_user_settings', 'schedu..., method='frappe.core.doctype.scheduled_job_type.scheduled_job_type.run_scheduled_jo..., site='your-site-name.localhost', user='Administrator') (your-site-name.localhost||scheduled_job||51uint1mto)
2026-09-23 13:00:06,771 Successfully completed frappe.utils.background_jobs.execute_job(event=None, is_async=True, job_name='frappe.core.doctype.scheduled_job_type.scheduled_job_type.run_scheduled_jo..., kwargs={'job_type': 'frappe.model.utils.user_settings.sync_user_settings', 'schedu..., method='frappe.core.doctype.scheduled_job_type.scheduled_job_type.run_scheduled_jo..., site='your-site-name.localhost', user='Administrator') job in 0:00:00.299651s on worker 228423810cd64f3eb1e30d05f24b86b0
2026-09-23 13:00:06,771 home-makara-frappe-bench:long: Job OK (your-site-name.localhost||scheduled_job||51uint1mto)
2026-09-23 13:00:06,771 Result is kept for 600 seconds
2026-09-23 13:00:06,781 home-makara-frappe-bench:long: frappe.utils.background_jobs.execute_job(event=None, is_async=True, job_name='frappe.core.doctype.scheduled_job_type.scheduled_job_type.run_scheduled_jo..., kwargs={'job_type': 'frappe.desk.utils.delete_old_exported_report_files', 'schedul..., method='frappe.core.doctype.scheduled_job_type.scheduled_job_type.run_scheduled_jo..., site='your-site-name.localhost', user='Administrator') (your-site-name.localhost||scheduled_job||51uejdm0v2)
2026-09-23 13:00:07,131 Successfully completed frappe.utils.background_jobs.execute_job(event=None, is_async=True, job_name='frappe.core.doctype.scheduled_job_type.scheduled_job_type.run_scheduled_jo..., kwargs={'job_type': 'frappe.desk.utils.delete_old_exported_report_files', 'schedul..., method='frappe.core.doctype.scheduled_job_type.scheduled_job_type.run_scheduled_jo..., site='your-site-name.localhost', user='Administrator') job in 0:00:00.340833s on worker 228423810cd64f3eb1e30d05f24b86b0
2026-09-23 13:00:07,132 home-makara-frappe-bench:long: Job OK (your-site-name.localhost||scheduled_job||51uejdm0v2)
2026-09-23 13:00:07,132 Result is kept for 600 seconds
2026-09-23 13:00:07,140 home-makara-frappe-bench:long: frappe.utils.background_jobs.execute_job(event=None, is_async=True, job_name='frappe.core.doctype.scheduled_job_type.scheduled_job_type.run_scheduled_jo..., kwargs={'job_type': 'frappe.twofactor.delete_all_barcodes_for_users', 'scheduled_j..., method='frappe.core.doctype.scheduled_job_type.scheduled_job_type.run_scheduled_jo..., site='your-site-name.localhost', user='Administrator') (your-site-name.localhost||scheduled_job||51uj9u8spk)
2026-09-23 13:00:07,469 Successfully completed frappe.utils.background_jobs.execute_job(event=None, is_async=True, job_name='frappe.core.doctype.scheduled_job_type.scheduled_job_type.run_scheduled_jo..., kwargs={'job_type': 'frappe.twofactor.delete_all_barcodes_for_users', 'scheduled_j..., method='frappe.core.doctype.scheduled_job_type.scheduled_job_type.run_scheduled_jo..., site='your-site-name.localhost', user='Administrator') job in 0:00:00.322268s on worker 228423810cd64f3eb1e30d05f24b86b0
2026-09-23 13:00:07,469 home-makara-frappe-bench:long: Job OK (your-site-name.localhost||scheduled_job||51uj9u8spk)
2026-09-23 13:00:07,470 Result is kept for 600 seconds
2026-09-23 13:00:07,477 home-makara-frappe-bench:long: frappe.utils.background_jobs.execute_job(event=None, is_async=True, job_name='frappe.core.doctype.scheduled_job_type.scheduled_job_type.run_scheduled_jo..., kwargs={'job_type': 'frappe.desk.form.document_follow.send_hourly_updates', 'sched..., method='frappe.core.doctype.scheduled_job_type.scheduled_job_type.run_scheduled_jo..., site='your-site-name.localhost', user='Administrator') (your-site-name.localhost||scheduled_job||51u2gsb445)
2026-09-23 13:00:07,793 Successfully completed frappe.utils.background_jobs.execute_job(event=None, is_async=True, job_name='frappe.core.doctype.scheduled_job_type.scheduled_job_type.run_scheduled_jo..., kwargs={'job_type': 'frappe.desk.form.document_follow.send_hourly_updates', 'sched..., method='frappe.core.doctype.scheduled_job_type.scheduled_job_type.run_scheduled_jo..., site='your-site-name.localhost', user='Administrator') job in 0:00:00.309445s on worker 228423810cd64f3eb1e30d05f24b86b0
2026-09-23 13:00:07,794 home-makara-frappe-bench:long: Job OK (your-site-name.localhost||scheduled_job||51u2gsb445)
2026-09-23 13:00:07,794 Result is kept for 600 seconds
2026-09-23 13:00:07,802 home-makara-frappe-bench:long: frappe.utils.background_jobs.execute_job(event=None, is_async=True, job_name='frappe.core.doctype.scheduled_job_type.scheduled_job_type.run_scheduled_jo..., kwargs={'job_type': 'frappe.oauth.delete_oauth2_data', 'scheduled_job_type': '51up..., method='frappe.core.doctype.scheduled_job_type.scheduled_job_type.run_scheduled_jo..., site='your-site-name.localhost', user='Administrator') (your-site-name.localhost||scheduled_job||51up6djr17)
2026-09-23 13:00:08,139 Successfully completed frappe.utils.background_jobs.execute_job(event=None, is_async=True, job_name='frappe.core.doctype.scheduled_job_type.scheduled_job_type.run_scheduled_jo..., kwargs={'job_type': 'frappe.oauth.delete_oauth2_data', 'scheduled_job_type': '51up..., method='frappe.core.doctype.scheduled_job_type.scheduled_job_type.run_scheduled_jo..., site='your-site-name.localhost', user='Administrator') job in 0:00:00.330526s on worker 228423810cd64f3eb1e30d05f24b86b0
2026-09-23 13:00:08,139 home-makara-frappe-bench:long: Job OK (your-site-name.localhost||scheduled_job||51up6djr17)
2026-09-23 13:00:08,139 Result is kept for 600 seconds
2026-09-23 13:00:08,148 home-makara-frappe-bench:long: frappe.utils.background_jobs.execute_job(event=None, is_async=True, job_name='frappe.core.doctype.scheduled_job_type.scheduled_job_type.run_scheduled_jo..., kwargs={'job_type': 'frappe.website.doctype.personal_data_deletion_request.persona..., method='frappe.core.doctype.scheduled_job_type.scheduled_job_type.run_scheduled_jo..., site='your-site-name.localhost', user='Administrator') (your-site-name.localhost||scheduled_job||51urrhaejr)
2026-09-23 13:00:08,503 Successfully completed frappe.utils.background_jobs.execute_job(event=None, is_async=True, job_name='frappe.core.doctype.scheduled_job_type.scheduled_job_type.run_scheduled_jo..., kwargs={'job_type': 'frappe.website.doctype.personal_data_deletion_request.persona..., method='frappe.core.doctype.scheduled_job_type.scheduled_job_type.run_scheduled_jo..., site='your-site-name.localhost', user='Administrator') job in 0:00:00.347145s on worker 228423810cd64f3eb1e30d05f24b86b0
2026-09-23 13:00:08,504 home-makara-frappe-bench:long: Job OK (your-site-name.localhost||scheduled_job||51urrhaejr)
2026-09-23 13:00:08,504 Result is kept for 600 seconds
2026-09-23 13:00:08,513 home-makara-frappe-bench:long: frappe.utils.background_jobs.execute_job(event=None, is_async=True, job_name='frappe.core.doctype.scheduled_job_type.scheduled_job_type.run_scheduled_jo..., kwargs={'job_type': 'frappe.website.doctype.web_page.web_page.check_publish_status..., method='frappe.core.doctype.scheduled_job_type.scheduled_job_type.run_scheduled_jo..., site='your-site-name.localhost', user='Administrator') (your-site-name.localhost||scheduled_job||51ulukm94n)
2026-09-23 13:00:08,879 Successfully completed frappe.utils.background_jobs.execute_job(event=None, is_async=True, job_name='frappe.core.doctype.scheduled_job_type.scheduled_job_type.run_scheduled_jo..., kwargs={'job_type': 'frappe.website.doctype.web_page.web_page.check_publish_status..., method='frappe.core.doctype.scheduled_job_type.scheduled_job_type.run_scheduled_jo..., site='your-site-name.localhost', user='Administrator') job in 0:00:00.358424s on worker 228423810cd64f3eb1e30d05f24b86b0
2026-09-23 13:00:08,879 home-makara-frappe-bench:long: Job OK (your-site-name.localhost||scheduled_job||51ulukm94n)
2026-09-23 13:00:08,879 Result is kept for 600 seconds
2026-09-23 13:00:08,888 home-makara-frappe-bench:long: frappe.utils.background_jobs.execute_job(event=None, is_async=True, job_name='frappe.core.doctype.scheduled_job_type.scheduled_job_type.run_scheduled_jo..., kwargs={'job_type': 'frappe.desk.page.backups.backups.delete_downloadable_backups'..., method='frappe.core.doctype.scheduled_job_type.scheduled_job_type.run_scheduled_jo..., site='your-site-name.localhost', user='Administrator') (your-site-name.localhost||scheduled_job||51u294fn7o)
2026-09-23 13:00:09,209 Successfully completed frappe.utils.background_jobs.execute_job(event=None, is_async=True, job_name='frappe.core.doctype.scheduled_job_type.scheduled_job_type.run_scheduled_jo..., kwargs={'job_type': 'frappe.desk.page.backups.backups.delete_downloadable_backups'..., method='frappe.core.doctype.scheduled_job_type.scheduled_job_type.run_scheduled_jo..., site='your-site-name.localhost', user='Administrator') job in 0:00:00.314644s on worker 228423810cd64f3eb1e30d05f24b86b0
2026-09-23 13:00:09,209 home-makara-frappe-bench:long: Job OK (your-site-name.localhost||scheduled_job||51u294fn7o)
2026-09-23 13:00:09,209 Result is kept for 600 seconds
2026-09-23 13:00:09,217 home-makara-frappe-bench:long: frappe.utils.background_jobs.execute_job(event=None, is_async=True, job_name='frappe.core.doctype.scheduled_job_type.scheduled_job_type.run_scheduled_jo..., kwargs={'job_type': 'frappe.core.doctype.prepared_report.prepared_report.expire_st..., method='frappe.core.doctype.scheduled_job_type.scheduled_job_type.run_scheduled_jo..., site='your-site-name.localhost', user='Administrator') (your-site-name.localhost||scheduled_job||51u450j6fg)
2026-09-23 13:00:09,550 Successfully completed frappe.utils.background_jobs.execute_job(event=None, is_async=True, job_name='frappe.core.doctype.scheduled_job_type.scheduled_job_type.run_scheduled_jo..., kwargs={'job_type': 'frappe.core.doctype.prepared_report.prepared_report.expire_st..., method='frappe.core.doctype.scheduled_job_type.scheduled_job_type.run_scheduled_jo..., site='your-site-name.localhost', user='Administrator') job in 0:00:00.327346s on worker 228423810cd64f3eb1e30d05f24b86b0
2026-09-23 13:00:09,550 home-makara-frappe-bench:long: Job OK (your-site-name.localhost||scheduled_job||51u450j6fg)
2026-09-23 13:00:09,550 Result is kept for 600 seconds
2026-09-23 13:04:00,611 home-makara-frappe-bench:default: frappe.utils.background_jobs.execute_job(event=None, is_async=True, job_name='frappe.core.doctype.scheduled_job_type.scheduled_job_type.run_scheduled_jo..., kwargs={'job_type': 'frappe.integrations.doctype.google_calendar.google_calendar.s..., method='frappe.core.doctype.scheduled_job_type.scheduled_job_type.run_scheduled_jo..., site='your-site-name.localhost', user='Administrator') (your-site-name.localhost||scheduled_job||51u2s8slv0)
2026-09-23 13:04:00,924 Successfully completed frappe.utils.background_jobs.execute_job(event=None, is_async=True, job_name='frappe.core.doctype.scheduled_job_type.scheduled_job_type.run_scheduled_jo..., kwargs={'job_type': 'frappe.integrations.doctype.google_calendar.google_calendar.s..., method='frappe.core.doctype.scheduled_job_type.scheduled_job_type.run_scheduled_jo..., site='your-site-name.localhost', user='Administrator') job in 0:00:00.303578s on worker 228423810cd64f3eb1e30d05f24b86b0
2026-09-23 13:04:00,924 home-makara-frappe-bench:default: Job OK (your-site-name.localhost||scheduled_job||51u2s8slv0)
2026-09-23 13:04:00,924 Result is kept for 600 seconds
2026-09-23 13:04:00,931 home-makara-frappe-bench:default: frappe.utils.background_jobs.execute_job(event=None, is_async=True, job_name='frappe.core.doctype.scheduled_job_type.scheduled_job_type.run_scheduled_jo..., kwargs={'job_type': 'frappe.email.queue.flush', 'scheduled_job_type': '51um9eeecb'..., method='frappe.core.doctype.scheduled_job_type.scheduled_job_type.run_scheduled_jo..., site='your-site-name.localhost', user='Administrator') (your-site-name.localhost||scheduled_job||51um9eeecb)
2026-09-23 13:04:01,243 Successfully completed frappe.utils.background_jobs.execute_job(event=None, is_async=True, job_name='frappe.core.doctype.scheduled_job_type.scheduled_job_type.run_scheduled_jo..., kwargs={'job_type': 'frappe.email.queue.flush', 'scheduled_job_type': '51um9eeecb'..., method='frappe.core.doctype.scheduled_job_type.scheduled_job_type.run_scheduled_jo..., site='your-site-name.localhost', user='Administrator') job in 0:00:00.305860s on worker 228423810cd64f3eb1e30d05f24b86b0
2026-09-23 13:04:01,244 home-makara-frappe-bench:default: Job OK (your-site-name.localhost||scheduled_job||51um9eeecb)
2026-09-23 13:04:01,244 Result is kept for 600 seconds
2026-09-23 13:04:01,251 home-makara-frappe-bench:default: frappe.utils.background_jobs.execute_job(event=None, is_async=True, job_name='frappe.core.doctype.scheduled_job_type.scheduled_job_type.run_scheduled_jo..., kwargs={'job_type': 'frappe.email.queue.retry_sending_emails', 'scheduled_job_type..., method='frappe.core.doctype.scheduled_job_type.scheduled_job_type.run_scheduled_jo..., site='your-site-name.localhost', user='Administrator') (your-site-name.localhost||scheduled_job||51uv7phrm7)
2026-09-23 13:04:01,609 Successfully completed frappe.utils.background_jobs.execute_job(event=None, is_async=True, job_name='frappe.core.doctype.scheduled_job_type.scheduled_job_type.run_scheduled_jo..., kwargs={'job_type': 'frappe.email.queue.retry_sending_emails', 'scheduled_job_type..., method='frappe.core.doctype.scheduled_job_type.scheduled_job_type.run_scheduled_jo..., site='your-site-name.localhost', user='Administrator') job in 0:00:00.346690s on worker 228423810cd64f3eb1e30d05f24b86b0
2026-09-23 13:04:01,610 home-makara-frappe-bench:default: Job OK (your-site-name.localhost||scheduled_job||51uv7phrm7)
2026-09-23 13:04:01,610 Result is kept for 600 seconds
2026-09-23 13:04:01,620 home-makara-frappe-bench:default: frappe.utils.background_jobs.execute_job(event=None, is_async=True, job_name='frappe.core.doctype.scheduled_job_type.scheduled_job_type.run_scheduled_jo..., kwargs={'job_type': 'frappe.monitor.flush', 'scheduled_job_type': '51u5l2o9pg'}, method='frappe.core.doctype.scheduled_job_type.scheduled_job_type.run_scheduled_jo..., site='your-site-name.localhost', user='Administrator') (your-site-name.localhost||scheduled_job||51u5l2o9pg)
2026-09-23 13:04:01,923 Successfully completed frappe.utils.background_jobs.execute_job(event=None, is_async=True, job_name='frappe.core.doctype.scheduled_job_type.scheduled_job_type.run_scheduled_jo..., kwargs={'job_type': 'frappe.monitor.flush', 'scheduled_job_type': '51u5l2o9pg'}, method='frappe.core.doctype.scheduled_job_type.scheduled_job_type.run_scheduled_jo..., site='your-site-name.localhost', user='Administrator') job in 0:00:00.294027s on worker 228423810cd64f3eb1e30d05f24b86b0
2026-09-23 13:04:01,923 home-makara-frappe-bench:default: Job OK (your-site-name.localhost||scheduled_job||51u5l2o9pg)
2026-09-23 13:04:01,923 Result is kept for 600 seconds
2026-09-23 13:08:00,628 home-makara-frappe-bench:default: frappe.utils.background_jobs.execute_job(event=None, is_async=True, job_name='frappe.core.doctype.scheduled_job_type.scheduled_job_type.run_scheduled_jo..., kwargs={'job_type': 'frappe.search.sqlite_search.index_docs_in_queue', 'scheduled_..., method='frappe.core.doctype.scheduled_job_type.scheduled_job_type.run_scheduled_jo..., site='your-site-name.localhost', user='Administrator') (your-site-name.localhost||scheduled_job||51ubu6l9cg)
2026-09-23 13:08:00,949 Successfully completed frappe.utils.background_jobs.execute_job(event=None, is_async=True, job_name='frappe.core.doctype.scheduled_job_type.scheduled_job_type.run_scheduled_jo..., kwargs={'job_type': 'frappe.search.sqlite_search.index_docs_in_queue', 'scheduled_..., method='frappe.core.doctype.scheduled_job_type.scheduled_job_type.run_scheduled_jo..., site='your-site-name.localhost', user='Administrator') job in 0:00:00.314844s on worker 228423810cd64f3eb1e30d05f24b86b0
2026-09-23 13:08:00,950 home-makara-frappe-bench:default: Job OK (your-site-name.localhost||scheduled_job||51ubu6l9cg)
2026-09-23 13:08:00,950 Result is kept for 600 seconds
2026-09-23 13:08:00,957 Worker 228423810cd64f3eb1e30d05f24b86b0: cleaning registries for queue: home-makara-frappe-bench:short
2026-09-23 13:08:00,959 Worker 228423810cd64f3eb1e30d05f24b86b0: cleaning registries for queue: home-makara-frappe-bench:default
2026-09-23 13:08:00,961 Worker 228423810cd64f3eb1e30d05f24b86b0: cleaning registries for queue: home-makara-frappe-bench:long
2026-09-23 13:08:00,965 home-makara-frappe-bench:default: frappe.utils.background_jobs.execute_job(event=None, is_async=True, job_name='frappe.core.doctype.scheduled_job_type.scheduled_job_type.run_scheduled_jo..., kwargs={'job_type': 'frappe.monitor.flush', 'scheduled_job_type': '51u5l2o9pg'}, method='frappe.core.doctype.scheduled_job_type.scheduled_job_type.run_scheduled_jo..., site='your-site-name.localhost', user='Administrator') (your-site-name.localhost||scheduled_job||51u5l2o9pg)
2026-09-23 13:08:01,261 Successfully completed frappe.utils.background_jobs.execute_job(event=None, is_async=True, job_name='frappe.core.doctype.scheduled_job_type.scheduled_job_type.run_scheduled_jo..., kwargs={'job_type': 'frappe.monitor.flush', 'scheduled_job_type': '51u5l2o9pg'}, method='frappe.core.doctype.scheduled_job_type.scheduled_job_type.run_scheduled_jo..., site='your-site-name.localhost', user='Administrator') job in 0:00:00.289933s on worker 228423810cd64f3eb1e30d05f24b86b0
2026-09-23 13:08:01,261 home-makara-frappe-bench:default: Job OK (your-site-name.localhost||scheduled_job||51u5l2o9pg)
2026-09-23 13:08:01,261 Result is kept for 600 seconds
2026-09-23 13:08:01,269 home-makara-frappe-bench:default: frappe.utils.background_jobs.execute_job(event=None, is_async=True, job_name='frappe.core.doctype.scheduled_job_type.scheduled_job_type.run_scheduled_jo..., kwargs={'job_type': 'frappe.email.queue.flush', 'scheduled_job_type': '51um9eeecb'..., method='frappe.core.doctype.scheduled_job_type.scheduled_job_type.run_scheduled_jo..., site='your-site-name.localhost', user='Administrator') (your-site-name.localhost||scheduled_job||51um9eeecb)
2026-09-23 13:08:01,584 Successfully completed frappe.utils.background_jobs.execute_job(event=None, is_async=True, job_name='frappe.core.doctype.scheduled_job_type.scheduled_job_type.run_scheduled_jo..., kwargs={'job_type': 'frappe.email.queue.flush', 'scheduled_job_type': '51um9eeecb'..., method='frappe.core.doctype.scheduled_job_type.scheduled_job_type.run_scheduled_jo..., site='your-site-name.localhost', user='Administrator') job in 0:00:00.308060s on worker 228423810cd64f3eb1e30d05f24b86b0
2026-09-23 13:08:01,584 home-makara-frappe-bench:default: Job OK (your-site-name.localhost||scheduled_job||51um9eeecb)
2026-09-23 13:08:01,584 Result is kept for 600 seconds
2026-09-23 13:08:01,592 home-makara-frappe-bench:default: frappe.utils.background_jobs.execute_job(event=None, is_async=True, job_name='frappe.core.doctype.scheduled_job_type.scheduled_job_type.run_scheduled_jo..., kwargs={'job_type': 'frappe.automation_engine.drainer.drain_due', 'scheduled_job_t..., method='frappe.core.doctype.scheduled_job_type.scheduled_job_type.run_scheduled_jo..., site='your-site-name.localhost', user='Administrator') (your-site-name.localhost||scheduled_job||51u0dpk9ai)
2026-09-23 13:08:01,940 Successfully completed frappe.utils.background_jobs.execute_job(event=None, is_async=True, job_name='frappe.core.doctype.scheduled_job_type.scheduled_job_type.run_scheduled_jo..., kwargs={'job_type': 'frappe.automation_engine.drainer.drain_due', 'scheduled_job_t..., method='frappe.core.doctype.scheduled_job_type.scheduled_job_type.run_scheduled_jo..., site='your-site-name.localhost', user='Administrator') job in 0:00:00.341483s on worker 228423810cd64f3eb1e30d05f24b86b0
2026-09-23 13:08:01,940 home-makara-frappe-bench:default: Job OK (your-site-name.localhost||scheduled_job||51u0dpk9ai)
2026-09-23 13:08:01,940 Result is kept for 600 seconds
2026-09-23 13:08:01,953 home-makara-frappe-bench:default: frappe.utils.background_jobs.execute_job(event=None, is_async=True, job_name='frappe.core.doctype.scheduled_job_type.scheduled_job_type.run_scheduled_jo..., kwargs={'job_type': 'frappe.integrations.doctype.webhook.webhook.retry_failed_webh..., method='frappe.core.doctype.scheduled_job_type.scheduled_job_type.run_scheduled_jo..., site='your-site-name.localhost', user='Administrator') (your-site-name.localhost||scheduled_job||51ugekk04n)
2026-09-23 13:08:02,292 Successfully completed frappe.utils.background_jobs.execute_job(event=None, is_async=True, job_name='frappe.core.doctype.scheduled_job_type.scheduled_job_type.run_scheduled_jo..., kwargs={'job_type': 'frappe.integrations.doctype.webhook.webhook.retry_failed_webh..., method='frappe.core.doctype.scheduled_job_type.scheduled_job_type.run_scheduled_jo..., site='your-site-name.localhost', user='Administrator') job in 0:00:00.328205s on worker 228423810cd64f3eb1e30d05f24b86b0
2026-09-23 13:08:02,293 home-makara-frappe-bench:default: Job OK (your-site-name.localhost||scheduled_job||51ugekk04n)
2026-09-23 13:08:02,293 Result is kept for 600 seconds
2026-09-23 13:08:02,300 home-makara-frappe-bench:default: frappe.utils.background_jobs.execute_job(event=None, is_async=True, job_name='frappe.core.doctype.scheduled_job_type.scheduled_job_type.run_scheduled_jo..., kwargs={'job_type': 'frappe.integrations.doctype.google_calendar.google_calendar.s..., method='frappe.core.doctype.scheduled_job_type.scheduled_job_type.run_scheduled_jo..., site='your-site-name.localhost', user='Administrator') (your-site-name.localhost||scheduled_job||51u2s8slv0)
2026-09-23 13:08:02,612 Successfully completed frappe.utils.background_jobs.execute_job(event=None, is_async=True, job_name='frappe.core.doctype.scheduled_job_type.scheduled_job_type.run_scheduled_jo..., kwargs={'job_type': 'frappe.integrations.doctype.google_calendar.google_calendar.s..., method='frappe.core.doctype.scheduled_job_type.scheduled_job_type.run_scheduled_jo..., site='your-site-name.localhost', user='Administrator') job in 0:00:00.305176s on worker 228423810cd64f3eb1e30d05f24b86b0
2026-09-23 13:08:02,612 home-makara-frappe-bench:default: Job OK (your-site-name.localhost||scheduled_job||51u2s8slv0)
2026-09-23 13:08:02,612 Result is kept for 600 seconds
2026-09-23 13:08:02,623 home-makara-frappe-bench:default: frappe.utils.background_jobs.execute_job(event=None, is_async=True, job_name='frappe.core.doctype.scheduled_job_type.scheduled_job_type.run_scheduled_jo..., kwargs={'job_type': 'frappe.email.doctype.notification.notification.trigger_offset..., method='frappe.core.doctype.scheduled_job_type.scheduled_job_type.run_scheduled_jo..., site='your-site-name.localhost', user='Administrator') (your-site-name.localhost||scheduled_job||51ujdm2d34)
2026-09-23 13:08:02,956 Successfully completed frappe.utils.background_jobs.execute_job(event=None, is_async=True, job_name='frappe.core.doctype.scheduled_job_type.scheduled_job_type.run_scheduled_jo..., kwargs={'job_type': 'frappe.email.doctype.notification.notification.trigger_offset..., method='frappe.core.doctype.scheduled_job_type.scheduled_job_type.run_scheduled_jo..., site='your-site-name.localhost', user='Administrator') job in 0:00:00.322902s on worker 228423810cd64f3eb1e30d05f24b86b0
2026-09-23 13:08:02,957 home-makara-frappe-bench:default: Job OK (your-site-name.localhost||scheduled_job||51ujdm2d34)
2026-09-23 13:08:02,957 Result is kept for 600 seconds
2026-09-23 13:08:02,966 home-makara-frappe-bench:default: frappe.utils.background_jobs.execute_job(event=None, is_async=True, job_name='frappe.core.doctype.scheduled_job_type.scheduled_job_type.run_scheduled_jo..., kwargs={'job_type': 'frappe.email.queue.retry_sending_emails', 'scheduled_job_type..., method='frappe.core.doctype.scheduled_job_type.scheduled_job_type.run_scheduled_jo..., site='your-site-name.localhost', user='Administrator') (your-site-name.localhost||scheduled_job||51uv7phrm7)
2026-09-23 13:08:03,340 Successfully completed frappe.utils.background_jobs.execute_job(event=None, is_async=True, job_name='frappe.core.doctype.scheduled_job_type.scheduled_job_type.run_scheduled_jo..., kwargs={'job_type': 'frappe.email.queue.retry_sending_emails', 'scheduled_job_type..., method='frappe.core.doctype.scheduled_job_type.scheduled_job_type.run_scheduled_jo..., site='your-site-name.localhost', user='Administrator') job in 0:00:00.366967s on worker 228423810cd64f3eb1e30d05f24b86b0
2026-09-23 13:08:03,341 home-makara-frappe-bench:default: Job OK (your-site-name.localhost||scheduled_job||51uv7phrm7)
2026-09-23 13:08:03,341 Result is kept for 600 seconds
2026-09-23 13:08:03,350 home-makara-frappe-bench:default: frappe.utils.background_jobs.execute_job(event=None, is_async=True, job_name='frappe.core.doctype.scheduled_job_type.scheduled_job_type.run_scheduled_jo..., kwargs={'job_type': 'frappe.automation_engine.scheduler.process_cron', 'scheduled_..., method='frappe.core.doctype.scheduled_job_type.scheduled_job_type.run_scheduled_jo..., site='your-site-name.localhost', user='Administrator') (your-site-name.localhost||scheduled_job||51u6ep6oat)
2026-09-23 13:08:03,636 Successfully completed frappe.utils.background_jobs.execute_job(event=None, is_async=True, job_name='frappe.core.doctype.scheduled_job_type.scheduled_job_type.run_scheduled_jo..., kwargs={'job_type': 'frappe.automation_engine.scheduler.process_cron', 'scheduled_..., method='frappe.core.doctype.scheduled_job_type.scheduled_job_type.run_scheduled_jo..., site='your-site-name.localhost', user='Administrator') job in 0:00:00.279218s on worker 228423810cd64f3eb1e30d05f24b86b0
2026-09-23 13:08:03,636 home-makara-frappe-bench:default: Job OK (your-site-name.localhost||scheduled_job||51u6ep6oat)
2026-09-23 13:08:03,636 Result is kept for 600 seconds
2026-09-23 13:12:00,650 home-makara-frappe-bench:default: frappe.utils.background_jobs.execute_job(event=None, is_async=True, job_name='frappe.core.doctype.scheduled_job_type.scheduled_job_type.run_scheduled_jo..., kwargs={'job_type': 'frappe.search.sqlite_search.index_docs_in_queue', 'scheduled_..., method='frappe.core.doctype.scheduled_job_type.scheduled_job_type.run_scheduled_jo..., site='your-site-name.localhost', user='Administrator') (your-site-name.localhost||scheduled_job||51ubu6l9cg)
2026-09-23 13:12:00,985 Successfully completed frappe.utils.background_jobs.execute_job(event=None, is_async=True, job_name='frappe.core.doctype.scheduled_job_type.scheduled_job_type.run_scheduled_jo..., kwargs={'job_type': 'frappe.search.sqlite_search.index_docs_in_queue', 'scheduled_..., method='frappe.core.doctype.scheduled_job_type.scheduled_job_type.run_scheduled_jo..., site='your-site-name.localhost', user='Administrator') job in 0:00:00.325941s on worker 228423810cd64f3eb1e30d05f24b86b0
2026-09-23 13:12:00,985 home-makara-frappe-bench:default: Job OK (your-site-name.localhost||scheduled_job||51ubu6l9cg)
2026-09-23 13:12:00,985 Result is kept for 600 seconds
2026-09-23 13:12:00,993 home-makara-frappe-bench:default: frappe.utils.background_jobs.execute_job(event=None, is_async=True, job_name='frappe.core.doctype.scheduled_job_type.scheduled_job_type.run_scheduled_jo..., kwargs={'job_type': 'frappe.integrations.doctype.google_calendar.google_calendar.s..., method='frappe.core.doctype.scheduled_job_type.scheduled_job_type.run_scheduled_jo..., site='your-site-name.localhost', user='Administrator') (your-site-name.localhost||scheduled_job||51u2s8slv0)
2026-09-23 13:12:01,310 Successfully completed frappe.utils.background_jobs.execute_job(event=None, is_async=True, job_name='frappe.core.doctype.scheduled_job_type.scheduled_job_type.run_scheduled_jo..., kwargs={'job_type': 'frappe.integrations.doctype.google_calendar.google_calendar.s..., method='frappe.core.doctype.scheduled_job_type.scheduled_job_type.run_scheduled_jo..., site='your-site-name.localhost', user='Administrator') job in 0:00:00.310391s on worker 228423810cd64f3eb1e30d05f24b86b0
2026-09-23 13:12:01,310 home-makara-frappe-bench:default: Job OK (your-site-name.localhost||scheduled_job||51u2s8slv0)
2026-09-23 13:12:01,311 Result is kept for 600 seconds
2026-09-23 13:12:01,321 home-makara-frappe-bench:default: frappe.utils.background_jobs.execute_job(event=None, is_async=True, job_name='frappe.core.doctype.scheduled_job_type.scheduled_job_type.run_scheduled_jo..., kwargs={'job_type': 'frappe.email.doctype.email_account.email_account.pull', 'sche..., method='frappe.core.doctype.scheduled_job_type.scheduled_job_type.run_scheduled_jo..., site='your-site-name.localhost', user='Administrator') (your-site-name.localhost||scheduled_job||51u4simu78)
2026-09-23 13:12:01,652 Successfully completed frappe.utils.background_jobs.execute_job(event=None, is_async=True, job_name='frappe.core.doctype.scheduled_job_type.scheduled_job_type.run_scheduled_jo..., kwargs={'job_type': 'frappe.email.doctype.email_account.email_account.pull', 'sche..., method='frappe.core.doctype.scheduled_job_type.scheduled_job_type.run_scheduled_jo..., site='your-site-name.localhost', user='Administrator') job in 0:00:00.322165s on worker 228423810cd64f3eb1e30d05f24b86b0
2026-09-23 13:12:01,653 home-makara-frappe-bench:default: Job OK (your-site-name.localhost||scheduled_job||51u4simu78)
2026-09-23 13:12:01,653 Result is kept for 600 seconds
2026-09-23 13:12:01,660 home-makara-frappe-bench:default: frappe.utils.background_jobs.execute_job(event=None, is_async=True, job_name='frappe.core.doctype.scheduled_job_type.scheduled_job_type.run_scheduled_jo..., kwargs={'job_type': 'frappe.automation_engine.scheduler.process_cron', 'scheduled_..., method='frappe.core.doctype.scheduled_job_type.scheduled_job_type.run_scheduled_jo..., site='your-site-name.localhost', user='Administrator') (your-site-name.localhost||scheduled_job||51u6ep6oat)
2026-09-23 13:12:01,967 Successfully completed frappe.utils.background_jobs.execute_job(event=None, is_async=True, job_name='frappe.core.doctype.scheduled_job_type.scheduled_job_type.run_scheduled_jo..., kwargs={'job_type': 'frappe.automation_engine.scheduler.process_cron', 'scheduled_..., method='frappe.core.doctype.scheduled_job_type.scheduled_job_type.run_scheduled_jo..., site='your-site-name.localhost', user='Administrator') job in 0:00:00.298137s on worker 228423810cd64f3eb1e30d05f24b86b0
2026-09-23 13:12:01,967 home-makara-frappe-bench:default: Job OK (your-site-name.localhost||scheduled_job||51u6ep6oat)
2026-09-23 13:12:01,967 Result is kept for 600 seconds
2026-09-23 13:12:01,976 home-makara-frappe-bench:default: frappe.utils.background_jobs.execute_job(event=None, is_async=True, job_name='frappe.core.doctype.scheduled_job_type.scheduled_job_type.run_scheduled_jo..., kwargs={'job_type': 'frappe.email.queue.flush', 'scheduled_job_type': '51um9eeecb'..., method='frappe.core.doctype.scheduled_job_type.scheduled_job_type.run_scheduled_jo..., site='your-site-name.localhost', user='Administrator') (your-site-name.localhost||scheduled_job||51um9eeecb)
2026-09-23 13:12:02,286 Successfully completed frappe.utils.background_jobs.execute_job(event=None, is_async=True, job_name='frappe.core.doctype.scheduled_job_type.scheduled_job_type.run_scheduled_jo..., kwargs={'job_type': 'frappe.email.queue.flush', 'scheduled_job_type': '51um9eeecb'..., method='frappe.core.doctype.scheduled_job_type.scheduled_job_type.run_scheduled_jo..., site='your-site-name.localhost', user='Administrator') job in 0:00:00.302991s on worker 228423810cd64f3eb1e30d05f24b86b0
2026-09-23 13:12:02,287 home-makara-frappe-bench:default: Job OK (your-site-name.localhost||scheduled_job||51um9eeecb)
2026-09-23 13:12:02,287 Result is kept for 600 seconds
2026-09-23 13:12:02,296 home-makara-frappe-bench:default: frappe.utils.background_jobs.execute_job(event=None, is_async=True, job_name='frappe.core.doctype.scheduled_job_type.scheduled_job_type.run_scheduled_jo..., kwargs={'job_type': 'frappe.email.queue.retry_sending_emails', 'scheduled_job_type..., method='frappe.core.doctype.scheduled_job_type.scheduled_job_type.run_scheduled_jo..., site='your-site-name.localhost', user='Administrator') (your-site-name.localhost||scheduled_job||51uv7phrm7)
2026-09-23 13:12:02,618 Successfully completed frappe.utils.background_jobs.execute_job(event=None, is_async=True, job_name='frappe.core.doctype.scheduled_job_type.scheduled_job_type.run_scheduled_jo..., kwargs={'job_type': 'frappe.email.queue.retry_sending_emails', 'scheduled_job_type..., method='frappe.core.doctype.scheduled_job_type.scheduled_job_type.run_scheduled_jo..., site='your-site-name.localhost', user='Administrator') job in 0:00:00.315105s on worker 228423810cd64f3eb1e30d05f24b86b0
2026-09-23 13:12:02,618 home-makara-frappe-bench:default: Job OK (your-site-name.localhost||scheduled_job||51uv7phrm7)
2026-09-23 13:12:02,618 Result is kept for 600 seconds
2026-09-23 13:12:02,625 home-makara-frappe-bench:default: frappe.utils.background_jobs.execute_job(event=None, is_async=True, job_name='frappe.core.doctype.scheduled_job_type.scheduled_job_type.run_scheduled_jo..., kwargs={'job_type': 'frappe.automation_engine.drainer.drain_due', 'scheduled_job_t..., method='frappe.core.doctype.scheduled_job_type.scheduled_job_type.run_scheduled_jo..., site='your-site-name.localhost', user='Administrator') (your-site-name.localhost||scheduled_job||51u0dpk9ai)
2026-09-23 13:12:02,930 Successfully completed frappe.utils.background_jobs.execute_job(event=None, is_async=True, job_name='frappe.core.doctype.scheduled_job_type.scheduled_job_type.run_scheduled_jo..., kwargs={'job_type': 'frappe.automation_engine.drainer.drain_due', 'scheduled_job_t..., method='frappe.core.doctype.scheduled_job_type.scheduled_job_type.run_scheduled_jo..., site='your-site-name.localhost', user='Administrator') job in 0:00:00.297683s on worker 228423810cd64f3eb1e30d05f24b86b0
2026-09-23 13:12:02,931 home-makara-frappe-bench:default: Job OK (your-site-name.localhost||scheduled_job||51u0dpk9ai)
2026-09-23 13:12:02,931 Result is kept for 600 seconds
2026-09-23 13:12:02,939 home-makara-frappe-bench:default: frappe.utils.background_jobs.execute_job(event=None, is_async=True, job_name='frappe.core.doctype.scheduled_job_type.scheduled_job_type.run_scheduled_jo..., kwargs={'job_type': 'frappe.monitor.flush', 'scheduled_job_type': '51u5l2o9pg'}, method='frappe.core.doctype.scheduled_job_type.scheduled_job_type.run_scheduled_jo..., site='your-site-name.localhost', user='Administrator') (your-site-name.localhost||scheduled_job||51u5l2o9pg)
2026-09-23 13:12:03,228 Successfully completed frappe.utils.background_jobs.execute_job(event=None, is_async=True, job_name='frappe.core.doctype.scheduled_job_type.scheduled_job_type.run_scheduled_jo..., kwargs={'job_type': 'frappe.monitor.flush', 'scheduled_job_type': '51u5l2o9pg'}, method='frappe.core.doctype.scheduled_job_type.scheduled_job_type.run_scheduled_jo..., site='your-site-name.localhost', user='Administrator') job in 0:00:00.281560s on worker 228423810cd64f3eb1e30d05f24b86b0
2026-09-23 13:12:03,228 home-makara-frappe-bench:default: Job OK (your-site-name.localhost||scheduled_job||51u5l2o9pg)
2026-09-23 13:12:03,228 Result is kept for 600 seconds
2026-09-23 13:12:03,235 home-makara-frappe-bench:default: frappe.utils.background_jobs.execute_job(event=None, is_async=True, job_name='frappe.core.doctype.scheduled_job_type.scheduled_job_type.run_scheduled_jo..., kwargs={'job_type': 'frappe.email.doctype.notification.notification.trigger_offset..., method='frappe.core.doctype.scheduled_job_type.scheduled_job_type.run_scheduled_jo..., site='your-site-name.localhost', user='Administrator') (your-site-name.localhost||scheduled_job||51ujdm2d34)
2026-09-23 13:12:03,571 Successfully completed frappe.utils.background_jobs.execute_job(event=None, is_async=True, job_name='frappe.core.doctype.scheduled_job_type.scheduled_job_type.run_scheduled_jo..., kwargs={'job_type': 'frappe.email.doctype.notification.notification.trigger_offset..., method='frappe.core.doctype.scheduled_job_type.scheduled_job_type.run_scheduled_jo..., site='your-site-name.localhost', user='Administrator') job in 0:00:00.328858s on worker 228423810cd64f3eb1e30d05f24b86b0
2026-09-23 13:12:03,572 home-makara-frappe-bench:default: Job OK (your-site-name.localhost||scheduled_job||51ujdm2d34)
2026-09-23 13:12:03,572 Result is kept for 600 seconds
2026-09-23 13:12:03,579 home-makara-frappe-bench:default: frappe.utils.background_jobs.execute_job(event=None, is_async=True, job_name='frappe.core.doctype.scheduled_job_type.scheduled_job_type.run_scheduled_jo..., kwargs={'job_type': 'frappe.integrations.doctype.webhook.webhook.retry_failed_webh..., method='frappe.core.doctype.scheduled_job_type.scheduled_job_type.run_scheduled_jo..., site='your-site-name.localhost', user='Administrator') (your-site-name.localhost||scheduled_job||51ugekk04n)
2026-09-23 13:12:03,895 Successfully completed frappe.utils.background_jobs.execute_job(event=None, is_async=True, job_name='frappe.core.doctype.scheduled_job_type.scheduled_job_type.run_scheduled_jo..., kwargs={'job_type': 'frappe.integrations.doctype.webhook.webhook.retry_failed_webh..., method='frappe.core.doctype.scheduled_job_type.scheduled_job_type.run_scheduled_jo..., site='your-site-name.localhost', user='Administrator') job in 0:00:00.310010s on worker 228423810cd64f3eb1e30d05f24b86b0
2026-09-23 13:12:03,895 home-makara-frappe-bench:default: Job OK (your-site-name.localhost||scheduled_job||51ugekk04n)
2026-09-23 13:12:03,895 Result is kept for 600 seconds
2026-09-23 13:16:00,707 home-makara-frappe-bench:default: frappe.utils.background_jobs.execute_job(event=None, is_async=True, job_name='frappe.core.doctype.scheduled_job_type.scheduled_job_type.run_scheduled_jo..., kwargs={'job_type': 'frappe.integrations.doctype.webhook.webhook.retry_failed_webh..., method='frappe.core.doctype.scheduled_job_type.scheduled_job_type.run_scheduled_jo..., site='your-site-name.localhost', user='Administrator') (your-site-name.localhost||scheduled_job||51ugekk04n)
2026-09-23 13:16:01,125 Successfully completed frappe.utils.background_jobs.execute_job(event=None, is_async=True, job_name='frappe.core.doctype.scheduled_job_type.scheduled_job_type.run_scheduled_jo..., kwargs={'job_type': 'frappe.integrations.doctype.webhook.webhook.retry_failed_webh..., method='frappe.core.doctype.scheduled_job_type.scheduled_job_type.run_scheduled_jo..., site='your-site-name.localhost', user='Administrator') job in 0:00:00.407100s on worker 228423810cd64f3eb1e30d05f24b86b0
2026-09-23 13:16:01,125 home-makara-frappe-bench:default: Job OK (your-site-name.localhost||scheduled_job||51ugekk04n)
2026-09-23 13:16:01,126 Result is kept for 600 seconds
2026-09-23 13:16:01,133 home-makara-frappe-bench:default: frappe.utils.background_jobs.execute_job(event=None, is_async=True, job_name='frappe.core.doctype.scheduled_job_type.scheduled_job_type.run_scheduled_jo..., kwargs={'job_type': 'frappe.email.queue.retry_sending_emails', 'scheduled_job_type..., method='frappe.core.doctype.scheduled_job_type.scheduled_job_type.run_scheduled_jo..., site='your-site-name.localhost', user='Administrator') (your-site-name.localhost||scheduled_job||51uv7phrm7)
2026-09-23 13:16:01,491 Successfully completed frappe.utils.background_jobs.execute_job(event=None, is_async=True, job_name='frappe.core.doctype.scheduled_job_type.scheduled_job_type.run_scheduled_jo..., kwargs={'job_type': 'frappe.email.queue.retry_sending_emails', 'scheduled_job_type..., method='frappe.core.doctype.scheduled_job_type.scheduled_job_type.run_scheduled_jo..., site='your-site-name.localhost', user='Administrator') job in 0:00:00.350161s on worker 228423810cd64f3eb1e30d05f24b86b0
2026-09-23 13:16:01,491 home-makara-frappe-bench:default: Job OK (your-site-name.localhost||scheduled_job||51uv7phrm7)
2026-09-23 13:16:01,491 Result is kept for 600 seconds
2026-09-23 13:16:01,497 home-makara-frappe-bench:default: frappe.utils.background_jobs.execute_job(event=None, is_async=True, job_name='frappe.core.doctype.scheduled_job_type.scheduled_job_type.run_scheduled_jo..., kwargs={'job_type': 'frappe.email.queue.flush', 'scheduled_job_type': '51um9eeecb'..., method='frappe.core.doctype.scheduled_job_type.scheduled_job_type.run_scheduled_jo..., site='your-site-name.localhost', user='Administrator') (your-site-name.localhost||scheduled_job||51um9eeecb)
2026-09-23 13:16:01,809 Successfully completed frappe.utils.background_jobs.execute_job(event=None, is_async=True, job_name='frappe.core.doctype.scheduled_job_type.scheduled_job_type.run_scheduled_jo..., kwargs={'job_type': 'frappe.email.queue.flush', 'scheduled_job_type': '51um9eeecb'..., method='frappe.core.doctype.scheduled_job_type.scheduled_job_type.run_scheduled_jo..., site='your-site-name.localhost', user='Administrator') job in 0:00:00.303547s on worker 228423810cd64f3eb1e30d05f24b86b0
2026-09-23 13:16:01,809 home-makara-frappe-bench:default: Job OK (your-site-name.localhost||scheduled_job||51um9eeecb)
2026-09-23 13:16:01,809 Result is kept for 600 seconds
2026-09-23 13:16:01,817 home-makara-frappe-bench:default: frappe.utils.background_jobs.execute_job(event=None, is_async=True, job_name='frappe.core.doctype.scheduled_job_type.scheduled_job_type.run_scheduled_jo..., kwargs={'job_type': 'frappe.utils.telemetry.pulse.client.send_queued_events', 'sch..., method='frappe.core.doctype.scheduled_job_type.scheduled_job_type.run_scheduled_jo..., site='your-site-name.localhost', user='Administrator') (your-site-name.localhost||scheduled_job||51ub742nv9)
2026-09-23 13:16:02,150 Successfully completed frappe.utils.background_jobs.execute_job(event=None, is_async=True, job_name='frappe.core.doctype.scheduled_job_type.scheduled_job_type.run_scheduled_jo..., kwargs={'job_type': 'frappe.utils.telemetry.pulse.client.send_queued_events', 'sch..., method='frappe.core.doctype.scheduled_job_type.scheduled_job_type.run_scheduled_jo..., site='your-site-name.localhost', user='Administrator') job in 0:00:00.325332s on worker 228423810cd64f3eb1e30d05f24b86b0
2026-09-23 13:16:02,150 home-makara-frappe-bench:default: Job OK (your-site-name.localhost||scheduled_job||51ub742nv9)
2026-09-23 13:16:02,150 Result is kept for 600 seconds
2026-09-23 13:16:02,158 home-makara-frappe-bench:default: frappe.utils.background_jobs.execute_job(event=None, is_async=True, job_name='frappe.core.doctype.scheduled_job_type.scheduled_job_type.run_scheduled_jo..., kwargs={'job_type': 'frappe.automation.doctype.reminder.reminder.send_reminders', ..., method='frappe.core.doctype.scheduled_job_type.scheduled_job_type.run_scheduled_jo..., site='your-site-name.localhost', user='Administrator') (your-site-name.localhost||scheduled_job||51ujogtifi)
2026-09-23 13:16:02,473 Successfully completed frappe.utils.background_jobs.execute_job(event=None, is_async=True, job_name='frappe.core.doctype.scheduled_job_type.scheduled_job_type.run_scheduled_jo..., kwargs={'job_type': 'frappe.automation.doctype.reminder.reminder.send_reminders', ..., method='frappe.core.doctype.scheduled_job_type.scheduled_job_type.run_scheduled_jo..., site='your-site-name.localhost', user='Administrator') job in 0:00:00.308915s on worker 228423810cd64f3eb1e30d05f24b86b0
2026-09-23 13:16:02,473 home-makara-frappe-bench:default: Job OK (your-site-name.localhost||scheduled_job||51ujogtifi)
2026-09-23 13:16:02,473 Result is kept for 600 seconds
2026-09-23 13:16:02,480 home-makara-frappe-bench:default: frappe.utils.background_jobs.execute_job(event=None, is_async=True, job_name='frappe.core.doctype.scheduled_job_type.scheduled_job_type.run_scheduled_jo..., kwargs={'job_type': 'frappe.model.utils.link_count.update_link_count', 'scheduled_..., method='frappe.core.doctype.scheduled_job_type.scheduled_job_type.run_scheduled_jo..., site='your-site-name.localhost', user='Administrator') (your-site-name.localhost||scheduled_job||51utqpe235)
2026-09-23 13:16:02,809 Successfully completed frappe.utils.background_jobs.execute_job(event=None, is_async=True, job_name='frappe.core.doctype.scheduled_job_type.scheduled_job_type.run_scheduled_jo..., kwargs={'job_type': 'frappe.model.utils.link_count.update_link_count', 'scheduled_..., method='frappe.core.doctype.scheduled_job_type.scheduled_job_type.run_scheduled_jo..., site='your-site-name.localhost', user='Administrator') job in 0:00:00.322292s on worker 228423810cd64f3eb1e30d05f24b86b0
2026-09-23 13:16:02,809 home-makara-frappe-bench:default: Job OK (your-site-name.localhost||scheduled_job||51utqpe235)
2026-09-23 13:16:02,809 Result is kept for 600 seconds
2026-09-23 13:16:02,817 home-makara-frappe-bench:default: frappe.utils.background_jobs.execute_job(event=None, is_async=True, job_name='frappe.core.doctype.scheduled_job_type.scheduled_job_type.run_scheduled_jo..., kwargs={'job_type': 'frappe.email.doctype.notification.notification.trigger_offset..., method='frappe.core.doctype.scheduled_job_type.scheduled_job_type.run_scheduled_jo..., site='your-site-name.localhost', user='Administrator') (your-site-name.localhost||scheduled_job||51ujdm2d34)
2026-09-23 13:16:03,146 Successfully completed frappe.utils.background_jobs.execute_job(event=None, is_async=True, job_name='frappe.core.doctype.scheduled_job_type.scheduled_job_type.run_scheduled_jo..., kwargs={'job_type': 'frappe.email.doctype.notification.notification.trigger_offset..., method='frappe.core.doctype.scheduled_job_type.scheduled_job_type.run_scheduled_jo..., site='your-site-name.localhost', user='Administrator') job in 0:00:00.321629s on worker 228423810cd64f3eb1e30d05f24b86b0
2026-09-23 13:16:03,146 home-makara-frappe-bench:default: Job OK (your-site-name.localhost||scheduled_job||51ujdm2d34)
2026-09-23 13:16:03,146 Result is kept for 600 seconds
2026-09-23 13:16:03,154 home-makara-frappe-bench:default: frappe.utils.background_jobs.execute_job(event=None, is_async=True, job_name='frappe.core.doctype.scheduled_job_type.scheduled_job_type.run_scheduled_jo..., kwargs={'job_type': 'frappe.deferred_insert.save_to_db', 'scheduled_job_type': '51..., method='frappe.core.doctype.scheduled_job_type.scheduled_job_type.run_scheduled_jo..., site='your-site-name.localhost', user='Administrator') (your-site-name.localhost||scheduled_job||51umjnqrgr)
2026-09-23 13:16:03,522 Successfully completed frappe.utils.background_jobs.execute_job(event=None, is_async=True, job_name='frappe.core.doctype.scheduled_job_type.scheduled_job_type.run_scheduled_jo..., kwargs={'job_type': 'frappe.deferred_insert.save_to_db', 'scheduled_job_type': '51..., method='frappe.core.doctype.scheduled_job_type.scheduled_job_type.run_scheduled_jo..., site='your-site-name.localhost', user='Administrator') job in 0:00:00.360987s on worker 228423810cd64f3eb1e30d05f24b86b0
2026-09-23 13:16:03,522 home-makara-frappe-bench:default: Job OK (your-site-name.localhost||scheduled_job||51umjnqrgr)
2026-09-23 13:16:03,522 Result is kept for 600 seconds
2026-09-23 13:16:03,530 home-makara-frappe-bench:default: frappe.utils.background_jobs.execute_job(event=None, is_async=True, job_name='frappe.core.doctype.scheduled_job_type.scheduled_job_type.run_scheduled_jo..., kwargs={'job_type': 'frappe.monitor.flush', 'scheduled_job_type': '51u5l2o9pg'}, method='frappe.core.doctype.scheduled_job_type.scheduled_job_type.run_scheduled_jo..., site='your-site-name.localhost', user='Administrator') (your-site-name.localhost||scheduled_job||51u5l2o9pg)
2026-09-23 13:16:03,806 Successfully completed frappe.utils.background_jobs.execute_job(event=None, is_async=True, job_name='frappe.core.doctype.scheduled_job_type.scheduled_job_type.run_scheduled_jo..., kwargs={'job_type': 'frappe.monitor.flush', 'scheduled_job_type': '51u5l2o9pg'}, method='frappe.core.doctype.scheduled_job_type.scheduled_job_type.run_scheduled_jo..., site='your-site-name.localhost', user='Administrator') job in 0:00:00.270288s on worker 228423810cd64f3eb1e30d05f24b86b0
2026-09-23 13:16:03,807 home-makara-frappe-bench:default: Job OK (your-site-name.localhost||scheduled_job||51u5l2o9pg)
2026-09-23 13:16:03,807 Result is kept for 600 seconds
2026-09-23 13:16:03,831 home-makara-frappe-bench:default: frappe.utils.background_jobs.execute_job(event=None, is_async=True, job_name='frappe.core.doctype.scheduled_job_type.scheduled_job_type.run_scheduled_jo..., kwargs={'job_type': 'frappe.automation_engine.scheduler.process_cron', 'scheduled_..., method='frappe.core.doctype.scheduled_job_type.scheduled_job_type.run_scheduled_jo..., site='your-site-name.localhost', user='Administrator') (your-site-name.localhost||scheduled_job||51u6ep6oat)
2026-09-23 13:16:04,324 Successfully completed frappe.utils.background_jobs.execute_job(event=None, is_async=True, job_name='frappe.core.doctype.scheduled_job_type.scheduled_job_type.run_scheduled_jo..., kwargs={'job_type': 'frappe.automation_engine.scheduler.process_cron', 'scheduled_..., method='frappe.core.doctype.scheduled_job_type.scheduled_job_type.run_scheduled_jo..., site='your-site-name.localhost', user='Administrator') job in 0:00:00.482895s on worker 228423810cd64f3eb1e30d05f24b86b0
2026-09-23 13:16:04,325 home-makara-frappe-bench:default: Job OK (your-site-name.localhost||scheduled_job||51u6ep6oat)
2026-09-23 13:16:04,325 Result is kept for 600 seconds
2026-09-23 13:16:04,337 home-makara-frappe-bench:default: frappe.utils.background_jobs.execute_job(event=None, is_async=True, job_name='frappe.core.doctype.scheduled_job_type.scheduled_job_type.run_scheduled_jo..., kwargs={'job_type': 'frappe.automation_engine.drainer.drain_due', 'scheduled_job_t..., method='frappe.core.doctype.scheduled_job_type.scheduled_job_type.run_scheduled_jo..., site='your-site-name.localhost', user='Administrator') (your-site-name.localhost||scheduled_job||51u0dpk9ai)
2026-09-23 13:16:04,658 Successfully completed frappe.utils.background_jobs.execute_job(event=None, is_async=True, job_name='frappe.core.doctype.scheduled_job_type.scheduled_job_type.run_scheduled_jo..., kwargs={'job_type': 'frappe.automation_engine.drainer.drain_due', 'scheduled_job_t..., method='frappe.core.doctype.scheduled_job_type.scheduled_job_type.run_scheduled_jo..., site='your-site-name.localhost', user='Administrator') job in 0:00:00.307351s on worker 228423810cd64f3eb1e30d05f24b86b0
2026-09-23 13:16:04,658 home-makara-frappe-bench:default: Job OK (your-site-name.localhost||scheduled_job||51u0dpk9ai)
2026-09-23 13:16:04,658 Result is kept for 600 seconds
2026-09-23 13:16:04,666 home-makara-frappe-bench:default: frappe.utils.background_jobs.execute_job(event=None, is_async=True, job_name='frappe.core.doctype.scheduled_job_type.scheduled_job_type.run_scheduled_jo..., kwargs={'job_type': 'frappe.integrations.doctype.google_calendar.google_calendar.s..., method='frappe.core.doctype.scheduled_job_type.scheduled_job_type.run_scheduled_jo..., site='your-site-name.localhost', user='Administrator') (your-site-name.localhost||scheduled_job||51u2s8slv0)
2026-09-23 13:16:04,962 Successfully completed frappe.utils.background_jobs.execute_job(event=None, is_async=True, job_name='frappe.core.doctype.scheduled_job_type.scheduled_job_type.run_scheduled_jo..., kwargs={'job_type': 'frappe.integrations.doctype.google_calendar.google_calendar.s..., method='frappe.core.doctype.scheduled_job_type.scheduled_job_type.run_scheduled_jo..., site='your-site-name.localhost', user='Administrator') job in 0:00:00.289611s on worker 228423810cd64f3eb1e30d05f24b86b0
2026-09-23 13:16:04,962 home-makara-frappe-bench:default: Job OK (your-site-name.localhost||scheduled_job||51u2s8slv0)
2026-09-23 13:16:04,962 Result is kept for 600 seconds
2026-09-23 13:16:04,968 home-makara-frappe-bench:default: frappe.utils.background_jobs.execute_job(event=None, is_async=True, job_name='frappe.core.doctype.scheduled_job_type.scheduled_job_type.run_scheduled_jo..., kwargs={'job_type': 'frappe.utils.global_search.sync_global_search', 'scheduled_jo..., method='frappe.core.doctype.scheduled_job_type.scheduled_job_type.run_scheduled_jo..., site='your-site-name.localhost', user='Administrator') (your-site-name.localhost||scheduled_job||51ul1o6qkh)
2026-09-23 13:16:05,300 Successfully completed frappe.utils.background_jobs.execute_job(event=None, is_async=True, job_name='frappe.core.doctype.scheduled_job_type.scheduled_job_type.run_scheduled_jo..., kwargs={'job_type': 'frappe.utils.global_search.sync_global_search', 'scheduled_jo..., method='frappe.core.doctype.scheduled_job_type.scheduled_job_type.run_scheduled_jo..., site='your-site-name.localhost', user='Administrator') job in 0:00:00.324269s on worker 228423810cd64f3eb1e30d05f24b86b0
2026-09-23 13:16:05,300 home-makara-frappe-bench:default: Job OK (your-site-name.localhost||scheduled_job||51ul1o6qkh)
2026-09-23 13:16:05,300 Result is kept for 600 seconds
2026-09-23 13:16:05,310 home-makara-frappe-bench:default: frappe.utils.background_jobs.execute_job(event=None, is_async=True, job_name='frappe.core.doctype.scheduled_job_type.scheduled_job_type.run_scheduled_jo..., kwargs={'job_type': 'frappe.email.doctype.email_account.email_account.notify_unrep..., method='frappe.core.doctype.scheduled_job_type.scheduled_job_type.run_scheduled_jo..., site='your-site-name.localhost', user='Administrator') (your-site-name.localhost||scheduled_job||51utl79ueh)
2026-09-23 13:16:05,650 Successfully completed frappe.utils.background_jobs.execute_job(event=None, is_async=True, job_name='frappe.core.doctype.scheduled_job_type.scheduled_job_type.run_scheduled_jo..., kwargs={'job_type': 'frappe.email.doctype.email_account.email_account.notify_unrep..., method='frappe.core.doctype.scheduled_job_type.scheduled_job_type.run_scheduled_jo..., site='your-site-name.localhost', user='Administrator') job in 0:00:00.332480s on worker 228423810cd64f3eb1e30d05f24b86b0
2026-09-23 13:16:05,650 home-makara-frappe-bench:default: Job OK (your-site-name.localhost||scheduled_job||51utl79ueh)
2026-09-23 13:16:05,650 Result is kept for 600 seconds
2026-09-23 13:16:05,662 home-makara-frappe-bench:default: frappe.utils.background_jobs.execute_job(event=None, is_async=True, job_name='frappe.core.doctype.scheduled_job_type.scheduled_job_type.run_scheduled_jo..., kwargs={'job_type': 'frappe.search.sqlite_search.index_docs_in_queue', 'scheduled_..., method='frappe.core.doctype.scheduled_job_type.scheduled_job_type.run_scheduled_jo..., site='your-site-name.localhost', user='Administrator') (your-site-name.localhost||scheduled_job||51ubu6l9cg)
2026-09-23 13:16:06,084 Successfully completed frappe.utils.background_jobs.execute_job(event=None, is_async=True, job_name='frappe.core.doctype.scheduled_job_type.scheduled_job_type.run_scheduled_jo..., kwargs={'job_type': 'frappe.search.sqlite_search.index_docs_in_queue', 'scheduled_..., method='frappe.core.doctype.scheduled_job_type.scheduled_job_type.run_scheduled_jo..., site='your-site-name.localhost', user='Administrator') job in 0:00:00.411398s on worker 228423810cd64f3eb1e30d05f24b86b0
2026-09-23 13:16:06,084 home-makara-frappe-bench:default: Job OK (your-site-name.localhost||scheduled_job||51ubu6l9cg)
2026-09-23 13:16:06,084 Result is kept for 600 seconds
2026-09-23 13:20:00,758 home-makara-frappe-bench:default: frappe.utils.background_jobs.execute_job(event=None, is_async=True, job_name='frappe.core.doctype.scheduled_job_type.scheduled_job_type.run_scheduled_jo..., kwargs={'job_type': 'frappe.monitor.flush', 'scheduled_job_type': '51u5l2o9pg'}, method='frappe.core.doctype.scheduled_job_type.scheduled_job_type.run_scheduled_jo..., site='your-site-name.localhost', user='Administrator') (your-site-name.localhost||scheduled_job||51u5l2o9pg)
2026-09-23 13:20:01,106 Successfully completed frappe.utils.background_jobs.execute_job(event=None, is_async=True, job_name='frappe.core.doctype.scheduled_job_type.scheduled_job_type.run_scheduled_jo..., kwargs={'job_type': 'frappe.monitor.flush', 'scheduled_job_type': '51u5l2o9pg'}, method='frappe.core.doctype.scheduled_job_type.scheduled_job_type.run_scheduled_jo..., site='your-site-name.localhost', user='Administrator') job in 0:00:00.338771s on worker 228423810cd64f3eb1e30d05f24b86b0
2026-09-23 13:20:01,107 home-makara-frappe-bench:default: Job OK (your-site-name.localhost||scheduled_job||51u5l2o9pg)
2026-09-23 13:20:01,107 Result is kept for 600 seconds
2026-09-23 13:20:01,118 Worker 228423810cd64f3eb1e30d05f24b86b0: cleaning registries for queue: home-makara-frappe-bench:short
2026-09-23 13:20:01,123 Worker 228423810cd64f3eb1e30d05f24b86b0: cleaning registries for queue: home-makara-frappe-bench:default
2026-09-23 13:20:01,125 Worker 228423810cd64f3eb1e30d05f24b86b0: cleaning registries for queue: home-makara-frappe-bench:long
2026-09-23 13:20:01,129 home-makara-frappe-bench:default: frappe.utils.background_jobs.execute_job(event=None, is_async=True, job_name='frappe.core.doctype.scheduled_job_type.scheduled_job_type.run_scheduled_jo..., kwargs={'job_type': 'frappe.email.queue.flush', 'scheduled_job_type': '51um9eeecb'..., method='frappe.core.doctype.scheduled_job_type.scheduled_job_type.run_scheduled_jo..., site='your-site-name.localhost', user='Administrator') (your-site-name.localhost||scheduled_job||51um9eeecb)
2026-09-23 13:20:01,559 Successfully completed frappe.utils.background_jobs.execute_job(event=None, is_async=True, job_name='frappe.core.doctype.scheduled_job_type.scheduled_job_type.run_scheduled_jo..., kwargs={'job_type': 'frappe.email.queue.flush', 'scheduled_job_type': '51um9eeecb'..., method='frappe.core.doctype.scheduled_job_type.scheduled_job_type.run_scheduled_jo..., site='your-site-name.localhost', user='Administrator') job in 0:00:00.406990s on worker 228423810cd64f3eb1e30d05f24b86b0
2026-09-23 13:20:01,559 home-makara-frappe-bench:default: Job OK (your-site-name.localhost||scheduled_job||51um9eeecb)
2026-09-23 13:20:01,559 Result is kept for 600 seconds
2026-09-23 13:20:01,569 home-makara-frappe-bench:default: frappe.utils.background_jobs.execute_job(event=None, is_async=True, job_name='frappe.core.doctype.scheduled_job_type.scheduled_job_type.run_scheduled_jo..., kwargs={'job_type': 'frappe.email.doctype.email_account.email_account.pull', 'sche..., method='frappe.core.doctype.scheduled_job_type.scheduled_job_type.run_scheduled_jo..., site='your-site-name.localhost', user='Administrator') (your-site-name.localhost||scheduled_job||51u4simu78)
2026-09-23 13:20:01,939 Successfully completed frappe.utils.background_jobs.execute_job(event=None, is_async=True, job_name='frappe.core.doctype.scheduled_job_type.scheduled_job_type.run_scheduled_jo..., kwargs={'job_type': 'frappe.email.doctype.email_account.email_account.pull', 'sche..., method='frappe.core.doctype.scheduled_job_type.scheduled_job_type.run_scheduled_jo..., site='your-site-name.localhost', user='Administrator') job in 0:00:00.360847s on worker 228423810cd64f3eb1e30d05f24b86b0
2026-09-23 13:20:01,939 home-makara-frappe-bench:default: Job OK (your-site-name.localhost||scheduled_job||51u4simu78)
2026-09-23 13:20:01,939 Result is kept for 600 seconds
2026-09-23 13:20:01,947 home-makara-frappe-bench:default: frappe.utils.background_jobs.execute_job(event=None, is_async=True, job_name='frappe.core.doctype.scheduled_job_type.scheduled_job_type.run_scheduled_jo..., kwargs={'job_type': 'frappe.email.doctype.notification.notification.trigger_offset..., method='frappe.core.doctype.scheduled_job_type.scheduled_job_type.run_scheduled_jo..., site='your-site-name.localhost', user='Administrator') (your-site-name.localhost||scheduled_job||51ujdm2d34)
2026-09-23 13:20:02,239 Successfully completed frappe.utils.background_jobs.execute_job(event=None, is_async=True, job_name='frappe.core.doctype.scheduled_job_type.scheduled_job_type.run_scheduled_jo..., kwargs={'job_type': 'frappe.email.doctype.notification.notification.trigger_offset..., method='frappe.core.doctype.scheduled_job_type.scheduled_job_type.run_scheduled_jo..., site='your-site-name.localhost', user='Administrator') job in 0:00:00.286387s on worker 228423810cd64f3eb1e30d05f24b86b0
2026-09-23 13:20:02,239 home-makara-frappe-bench:default: Job OK (your-site-name.localhost||scheduled_job||51ujdm2d34)
2026-09-23 13:20:02,239 Result is kept for 600 seconds
2026-09-23 13:20:02,250 home-makara-frappe-bench:default: frappe.utils.background_jobs.execute_job(event=None, is_async=True, job_name='frappe.core.doctype.scheduled_job_type.scheduled_job_type.run_scheduled_jo..., kwargs={'job_type': 'frappe.integrations.doctype.google_calendar.google_calendar.s..., method='frappe.core.doctype.scheduled_job_type.scheduled_job_type.run_scheduled_jo..., site='your-site-name.localhost', user='Administrator') (your-site-name.localhost||scheduled_job||51u2s8slv0)
2026-09-23 13:20:02,670 Successfully completed frappe.utils.background_jobs.execute_job(event=None, is_async=True, job_name='frappe.core.doctype.scheduled_job_type.scheduled_job_type.run_scheduled_jo..., kwargs={'job_type': 'frappe.integrations.doctype.google_calendar.google_calendar.s..., method='frappe.core.doctype.scheduled_job_type.scheduled_job_type.run_scheduled_jo..., site='your-site-name.localhost', user='Administrator') job in 0:00:00.412958s on worker 228423810cd64f3eb1e30d05f24b86b0
2026-09-23 13:20:02,670 home-makara-frappe-bench:default: Job OK (your-site-name.localhost||scheduled_job||51u2s8slv0)
2026-09-23 13:20:02,670 Result is kept for 600 seconds
2026-09-23 13:20:02,677 home-makara-frappe-bench:default: frappe.utils.background_jobs.execute_job(event=None, is_async=True, job_name='frappe.core.doctype.scheduled_job_type.scheduled_job_type.run_scheduled_jo..., kwargs={'job_type': 'frappe.email.queue.retry_sending_emails', 'scheduled_job_type..., method='frappe.core.doctype.scheduled_job_type.scheduled_job_type.run_scheduled_jo..., site='your-site-name.localhost', user='Administrator') (your-site-name.localhost||scheduled_job||51uv7phrm7)
2026-09-23 13:20:03,004 Successfully completed frappe.utils.background_jobs.execute_job(event=None, is_async=True, job_name='frappe.core.doctype.scheduled_job_type.scheduled_job_type.run_scheduled_jo..., kwargs={'job_type': 'frappe.email.queue.retry_sending_emails', 'scheduled_job_type..., method='frappe.core.doctype.scheduled_job_type.scheduled_job_type.run_scheduled_jo..., site='your-site-name.localhost', user='Administrator') job in 0:00:00.310354s on worker 228423810cd64f3eb1e30d05f24b86b0
2026-09-23 13:20:03,004 home-makara-frappe-bench:default: Job OK (your-site-name.localhost||scheduled_job||51uv7phrm7)
2026-09-23 13:20:03,004 Result is kept for 600 seconds
2026-09-23 13:20:03,010 home-makara-frappe-bench:default: frappe.utils.background_jobs.execute_job(event=None, is_async=True, job_name='frappe.core.doctype.scheduled_job_type.scheduled_job_type.run_scheduled_jo..., kwargs={'job_type': 'frappe.integrations.doctype.webhook.webhook.retry_failed_webh..., method='frappe.core.doctype.scheduled_job_type.scheduled_job_type.run_scheduled_jo..., site='your-site-name.localhost', user='Administrator') (your-site-name.localhost||scheduled_job||51ugekk04n)
2026-09-23 13:20:03,310 Successfully completed frappe.utils.background_jobs.execute_job(event=None, is_async=True, job_name='frappe.core.doctype.scheduled_job_type.scheduled_job_type.run_scheduled_jo..., kwargs={'job_type': 'frappe.integrations.doctype.webhook.webhook.retry_failed_webh..., method='frappe.core.doctype.scheduled_job_type.scheduled_job_type.run_scheduled_jo..., site='your-site-name.localhost', user='Administrator') job in 0:00:00.294303s on worker 228423810cd64f3eb1e30d05f24b86b0
2026-09-23 13:20:03,311 home-makara-frappe-bench:default: Job OK (your-site-name.localhost||scheduled_job||51ugekk04n)
2026-09-23 13:20:03,311 Result is kept for 600 seconds
2026-09-23 13:20:03,317 home-makara-frappe-bench:default: frappe.utils.background_jobs.execute_job(event=None, is_async=True, job_name='frappe.core.doctype.scheduled_job_type.scheduled_job_type.run_scheduled_jo..., kwargs={'job_type': 'frappe.automation_engine.drainer.drain_due', 'scheduled_job_t..., method='frappe.core.doctype.scheduled_job_type.scheduled_job_type.run_scheduled_jo..., site='your-site-name.localhost', user='Administrator') (your-site-name.localhost||scheduled_job||51u0dpk9ai)
2026-09-23 13:20:03,597 Successfully completed frappe.utils.background_jobs.execute_job(event=None, is_async=True, job_name='frappe.core.doctype.scheduled_job_type.scheduled_job_type.run_scheduled_jo..., kwargs={'job_type': 'frappe.automation_engine.drainer.drain_due', 'scheduled_job_t..., method='frappe.core.doctype.scheduled_job_type.scheduled_job_type.run_scheduled_jo..., site='your-site-name.localhost', user='Administrator') job in 0:00:00.274479s on worker 228423810cd64f3eb1e30d05f24b86b0
2026-09-23 13:20:03,597 home-makara-frappe-bench:default: Job OK (your-site-name.localhost||scheduled_job||51u0dpk9ai)
2026-09-23 13:20:03,597 Result is kept for 600 seconds
2026-09-23 13:20:03,604 home-makara-frappe-bench:default: frappe.utils.background_jobs.execute_job(event=None, is_async=True, job_name='frappe.core.doctype.scheduled_job_type.scheduled_job_type.run_scheduled_jo..., kwargs={'job_type': 'frappe.search.sqlite_search.index_docs_in_queue', 'scheduled_..., method='frappe.core.doctype.scheduled_job_type.scheduled_job_type.run_scheduled_jo..., site='your-site-name.localhost', user='Administrator') (your-site-name.localhost||scheduled_job||51ubu6l9cg)
2026-09-23 13:20:03,898 Successfully completed frappe.utils.background_jobs.execute_job(event=None, is_async=True, job_name='frappe.core.doctype.scheduled_job_type.scheduled_job_type.run_scheduled_jo..., kwargs={'job_type': 'frappe.search.sqlite_search.index_docs_in_queue', 'scheduled_..., method='frappe.core.doctype.scheduled_job_type.scheduled_job_type.run_scheduled_jo..., site='your-site-name.localhost', user='Administrator') job in 0:00:00.288487s on worker 228423810cd64f3eb1e30d05f24b86b0
2026-09-23 13:20:03,899 home-makara-frappe-bench:default: Job OK (your-site-name.localhost||scheduled_job||51ubu6l9cg)
2026-09-23 13:20:03,899 Result is kept for 600 seconds
2026-09-23 13:20:03,906 home-makara-frappe-bench:default: frappe.utils.background_jobs.execute_job(event=None, is_async=True, job_name='frappe.core.doctype.scheduled_job_type.scheduled_job_type.run_scheduled_jo..., kwargs={'job_type': 'frappe.automation_engine.scheduler.process_cron', 'scheduled_..., method='frappe.core.doctype.scheduled_job_type.scheduled_job_type.run_scheduled_jo..., site='your-site-name.localhost', user='Administrator') (your-site-name.localhost||scheduled_job||51u6ep6oat)
2026-09-23 13:20:04,211 Successfully completed frappe.utils.background_jobs.execute_job(event=None, is_async=True, job_name='frappe.core.doctype.scheduled_job_type.scheduled_job_type.run_scheduled_jo..., kwargs={'job_type': 'frappe.automation_engine.scheduler.process_cron', 'scheduled_..., method='frappe.core.doctype.scheduled_job_type.scheduled_job_type.run_scheduled_jo..., site='your-site-name.localhost', user='Administrator') job in 0:00:00.299489s on worker 228423810cd64f3eb1e30d05f24b86b0
2026-09-23 13:20:04,211 home-makara-frappe-bench:default: Job OK (your-site-name.localhost||scheduled_job||51u6ep6oat)
2026-09-23 13:20:04,211 Result is kept for 600 seconds
2026-09-23 13:24:00,781 home-makara-frappe-bench:default: frappe.utils.background_jobs.execute_job(event=None, is_async=True, job_name='frappe.core.doctype.scheduled_job_type.scheduled_job_type.run_scheduled_jo..., kwargs={'job_type': 'frappe.integrations.doctype.google_calendar.google_calendar.s..., method='frappe.core.doctype.scheduled_job_type.scheduled_job_type.run_scheduled_jo..., site='your-site-name.localhost', user='Administrator') (your-site-name.localhost||scheduled_job||51u2s8slv0)
2026-09-23 13:24:01,103 Successfully completed frappe.utils.background_jobs.execute_job(event=None, is_async=True, job_name='frappe.core.doctype.scheduled_job_type.scheduled_job_type.run_scheduled_jo..., kwargs={'job_type': 'frappe.integrations.doctype.google_calendar.google_calendar.s..., method='frappe.core.doctype.scheduled_job_type.scheduled_job_type.run_scheduled_jo..., site='your-site-name.localhost', user='Administrator') job in 0:00:00.303133s on worker 228423810cd64f3eb1e30d05f24b86b0
2026-09-23 13:24:01,104 home-makara-frappe-bench:default: Job OK (your-site-name.localhost||scheduled_job||51u2s8slv0)
2026-09-23 13:24:01,104 Result is kept for 600 seconds
2026-09-23 13:24:01,111 home-makara-frappe-bench:default: frappe.utils.background_jobs.execute_job(event=None, is_async=True, job_name='frappe.core.doctype.scheduled_job_type.scheduled_job_type.run_scheduled_jo..., kwargs={'job_type': 'frappe.email.queue.retry_sending_emails', 'scheduled_job_type..., method='frappe.core.doctype.scheduled_job_type.scheduled_job_type.run_scheduled_jo..., site='your-site-name.localhost', user='Administrator') (your-site-name.localhost||scheduled_job||51uv7phrm7)
2026-09-23 13:24:01,399 Successfully completed frappe.utils.background_jobs.execute_job(event=None, is_async=True, job_name='frappe.core.doctype.scheduled_job_type.scheduled_job_type.run_scheduled_jo..., kwargs={'job_type': 'frappe.email.queue.retry_sending_emails', 'scheduled_job_type..., method='frappe.core.doctype.scheduled_job_type.scheduled_job_type.run_scheduled_jo..., site='your-site-name.localhost', user='Administrator') job in 0:00:00.281263s on worker 228423810cd64f3eb1e30d05f24b86b0
2026-09-23 13:24:01,399 home-makara-frappe-bench:default: Job OK (your-site-name.localhost||scheduled_job||51uv7phrm7)
2026-09-23 13:24:01,399 Result is kept for 600 seconds
2026-09-23 13:24:01,405 home-makara-frappe-bench:default: frappe.utils.background_jobs.execute_job(event=None, is_async=True, job_name='frappe.core.doctype.scheduled_job_type.scheduled_job_type.run_scheduled_jo..., kwargs={'job_type': 'frappe.monitor.flush', 'scheduled_job_type': '51u5l2o9pg'}, method='frappe.core.doctype.scheduled_job_type.scheduled_job_type.run_scheduled_jo..., site='your-site-name.localhost', user='Administrator') (your-site-name.localhost||scheduled_job||51u5l2o9pg)
2026-09-23 13:24:01,694 Successfully completed frappe.utils.background_jobs.execute_job(event=None, is_async=True, job_name='frappe.core.doctype.scheduled_job_type.scheduled_job_type.run_scheduled_jo..., kwargs={'job_type': 'frappe.monitor.flush', 'scheduled_job_type': '51u5l2o9pg'}, method='frappe.core.doctype.scheduled_job_type.scheduled_job_type.run_scheduled_jo..., site='your-site-name.localhost', user='Administrator') job in 0:00:00.281817s on worker 228423810cd64f3eb1e30d05f24b86b0
2026-09-23 13:24:01,694 home-makara-frappe-bench:default: Job OK (your-site-name.localhost||scheduled_job||51u5l2o9pg)
2026-09-23 13:24:01,694 Result is kept for 600 seconds
2026-09-23 13:24:01,701 home-makara-frappe-bench:default: frappe.utils.background_jobs.execute_job(event=None, is_async=True, job_name='frappe.core.doctype.scheduled_job_type.scheduled_job_type.run_scheduled_jo..., kwargs={'job_type': 'frappe.email.queue.flush', 'scheduled_job_type': '51um9eeecb'..., method='frappe.core.doctype.scheduled_job_type.scheduled_job_type.run_scheduled_jo..., site='your-site-name.localhost', user='Administrator') (your-site-name.localhost||scheduled_job||51um9eeecb)
2026-09-23 13:24:02,027 Successfully completed frappe.utils.background_jobs.execute_job(event=None, is_async=True, job_name='frappe.core.doctype.scheduled_job_type.scheduled_job_type.run_scheduled_jo..., kwargs={'job_type': 'frappe.email.queue.flush', 'scheduled_job_type': '51um9eeecb'..., method='frappe.core.doctype.scheduled_job_type.scheduled_job_type.run_scheduled_jo..., site='your-site-name.localhost', user='Administrator') job in 0:00:00.319651s on worker 228423810cd64f3eb1e30d05f24b86b0
2026-09-23 13:24:02,028 home-makara-frappe-bench:default: Job OK (your-site-name.localhost||scheduled_job||51um9eeecb)
2026-09-23 13:24:02,028 Result is kept for 600 seconds
2026-09-23 13:28:00,793 home-makara-frappe-bench:default: frappe.utils.background_jobs.execute_job(event=None, is_async=True, job_name='frappe.core.doctype.scheduled_job_type.scheduled_job_type.run_scheduled_jo..., kwargs={'job_type': 'frappe.automation_engine.drainer.drain_due', 'scheduled_job_t..., method='frappe.core.doctype.scheduled_job_type.scheduled_job_type.run_scheduled_jo..., site='your-site-name.localhost', user='Administrator') (your-site-name.localhost||scheduled_job||51u0dpk9ai)
2026-09-23 13:28:01,115 Successfully completed frappe.utils.background_jobs.execute_job(event=None, is_async=True, job_name='frappe.core.doctype.scheduled_job_type.scheduled_job_type.run_scheduled_jo..., kwargs={'job_type': 'frappe.automation_engine.drainer.drain_due', 'scheduled_job_t..., method='frappe.core.doctype.scheduled_job_type.scheduled_job_type.run_scheduled_jo..., site='your-site-name.localhost', user='Administrator') job in 0:00:00.312396s on worker 228423810cd64f3eb1e30d05f24b86b0
2026-09-23 13:28:01,115 home-makara-frappe-bench:default: Job OK (your-site-name.localhost||scheduled_job||51u0dpk9ai)
2026-09-23 13:28:01,115 Result is kept for 600 seconds
2026-09-23 13:28:01,123 home-makara-frappe-bench:default: frappe.utils.background_jobs.execute_job(event=None, is_async=True, job_name='frappe.core.doctype.scheduled_job_type.scheduled_job_type.run_scheduled_jo..., kwargs={'job_type': 'frappe.automation_engine.scheduler.process_cron', 'scheduled_..., method='frappe.core.doctype.scheduled_job_type.scheduled_job_type.run_scheduled_jo..., site='your-site-name.localhost', user='Administrator') (your-site-name.localhost||scheduled_job||51u6ep6oat)
2026-09-23 13:28:01,427 Successfully completed frappe.utils.background_jobs.execute_job(event=None, is_async=True, job_name='frappe.core.doctype.scheduled_job_type.scheduled_job_type.run_scheduled_jo..., kwargs={'job_type': 'frappe.automation_engine.scheduler.process_cron', 'scheduled_..., method='frappe.core.doctype.scheduled_job_type.scheduled_job_type.run_scheduled_jo..., site='your-site-name.localhost', user='Administrator') job in 0:00:00.296864s on worker 228423810cd64f3eb1e30d05f24b86b0
2026-09-23 13:28:01,427 home-makara-frappe-bench:default: Job OK (your-site-name.localhost||scheduled_job||51u6ep6oat)
2026-09-23 13:28:01,428 Result is kept for 600 seconds
2026-09-23 13:28:01,435 home-makara-frappe-bench:default: frappe.utils.background_jobs.execute_job(event=None, is_async=True, job_name='frappe.core.doctype.scheduled_job_type.scheduled_job_type.run_scheduled_jo..., kwargs={'job_type': 'frappe.integrations.doctype.google_calendar.google_calendar.s..., method='frappe.core.doctype.scheduled_job_type.scheduled_job_type.run_scheduled_jo..., site='your-site-name.localhost', user='Administrator') (your-site-name.localhost||scheduled_job||51u2s8slv0)
2026-09-23 13:28:01,769 Successfully completed frappe.utils.background_jobs.execute_job(event=None, is_async=True, job_name='frappe.core.doctype.scheduled_job_type.scheduled_job_type.run_scheduled_jo..., kwargs={'job_type': 'frappe.integrations.doctype.google_calendar.google_calendar.s..., method='frappe.core.doctype.scheduled_job_type.scheduled_job_type.run_scheduled_jo..., site='your-site-name.localhost', user='Administrator') job in 0:00:00.327099s on worker 228423810cd64f3eb1e30d05f24b86b0
2026-09-23 13:28:01,769 home-makara-frappe-bench:default: Job OK (your-site-name.localhost||scheduled_job||51u2s8slv0)
2026-09-23 13:28:01,769 Result is kept for 600 seconds
2026-09-23 13:28:01,782 home-makara-frappe-bench:default: frappe.utils.background_jobs.execute_job(event=None, is_async=True, job_name='frappe.core.doctype.scheduled_job_type.scheduled_job_type.run_scheduled_jo..., kwargs={'job_type': 'frappe.email.queue.retry_sending_emails', 'scheduled_job_type..., method='frappe.core.doctype.scheduled_job_type.scheduled_job_type.run_scheduled_jo..., site='your-site-name.localhost', user='Administrator') (your-site-name.localhost||scheduled_job||51uv7phrm7)
2026-09-23 13:28:02,259 Successfully completed frappe.utils.background_jobs.execute_job(event=None, is_async=True, job_name='frappe.core.doctype.scheduled_job_type.scheduled_job_type.run_scheduled_jo..., kwargs={'job_type': 'frappe.email.queue.retry_sending_emails', 'scheduled_job_type..., method='frappe.core.doctype.scheduled_job_type.scheduled_job_type.run_scheduled_jo..., site='your-site-name.localhost', user='Administrator') job in 0:00:00.466848s on worker 228423810cd64f3eb1e30d05f24b86b0
2026-09-23 13:28:02,259 home-makara-frappe-bench:default: Job OK (your-site-name.localhost||scheduled_job||51uv7phrm7)
2026-09-23 13:28:02,259 Result is kept for 600 seconds
2026-09-23 13:28:02,267 home-makara-frappe-bench:default: frappe.utils.background_jobs.execute_job(event=None, is_async=True, job_name='frappe.core.doctype.scheduled_job_type.scheduled_job_type.run_scheduled_jo..., kwargs={'job_type': 'frappe.email.queue.flush', 'scheduled_job_type': '51um9eeecb'..., method='frappe.core.doctype.scheduled_job_type.scheduled_job_type.run_scheduled_jo..., site='your-site-name.localhost', user='Administrator') (your-site-name.localhost||scheduled_job||51um9eeecb)
2026-09-23 13:28:02,606 Successfully completed frappe.utils.background_jobs.execute_job(event=None, is_async=True, job_name='frappe.core.doctype.scheduled_job_type.scheduled_job_type.run_scheduled_jo..., kwargs={'job_type': 'frappe.email.queue.flush', 'scheduled_job_type': '51um9eeecb'..., method='frappe.core.doctype.scheduled_job_type.scheduled_job_type.run_scheduled_jo..., site='your-site-name.localhost', user='Administrator') job in 0:00:00.329898s on worker 228423810cd64f3eb1e30d05f24b86b0
2026-09-23 13:28:02,606 home-makara-frappe-bench:default: Job OK (your-site-name.localhost||scheduled_job||51um9eeecb)
2026-09-23 13:28:02,607 Result is kept for 600 seconds
2026-09-23 13:28:02,624 home-makara-frappe-bench:default: frappe.utils.background_jobs.execute_job(event=None, is_async=True, job_name='frappe.core.doctype.scheduled_job_type.scheduled_job_type.run_scheduled_jo..., kwargs={'job_type': 'frappe.search.sqlite_search.index_docs_in_queue', 'scheduled_..., method='frappe.core.doctype.scheduled_job_type.scheduled_job_type.run_scheduled_jo..., site='your-site-name.localhost', user='Administrator') (your-site-name.localhost||scheduled_job||51ubu6l9cg)
2026-09-23 13:28:02,931 Successfully completed frappe.utils.background_jobs.execute_job(event=None, is_async=True, job_name='frappe.core.doctype.scheduled_job_type.scheduled_job_type.run_scheduled_jo..., kwargs={'job_type': 'frappe.search.sqlite_search.index_docs_in_queue', 'scheduled_..., method='frappe.core.doctype.scheduled_job_type.scheduled_job_type.run_scheduled_jo..., site='your-site-name.localhost', user='Administrator') job in 0:00:00.299525s on worker 228423810cd64f3eb1e30d05f24b86b0
2026-09-23 13:28:02,931 home-makara-frappe-bench:default: Job OK (your-site-name.localhost||scheduled_job||51ubu6l9cg)
2026-09-23 13:28:02,931 Result is kept for 600 seconds
2026-09-23 13:28:02,940 home-makara-frappe-bench:default: frappe.utils.background_jobs.execute_job(event=None, is_async=True, job_name='frappe.core.doctype.scheduled_job_type.scheduled_job_type.run_scheduled_jo..., kwargs={'job_type': 'frappe.email.doctype.notification.notification.trigger_offset..., method='frappe.core.doctype.scheduled_job_type.scheduled_job_type.run_scheduled_jo..., site='your-site-name.localhost', user='Administrator') (your-site-name.localhost||scheduled_job||51ujdm2d34)
2026-09-23 13:28:03,275 Successfully completed frappe.utils.background_jobs.execute_job(event=None, is_async=True, job_name='frappe.core.doctype.scheduled_job_type.scheduled_job_type.run_scheduled_jo..., kwargs={'job_type': 'frappe.email.doctype.notification.notification.trigger_offset..., method='frappe.core.doctype.scheduled_job_type.scheduled_job_type.run_scheduled_jo..., site='your-site-name.localhost', user='Administrator') job in 0:00:00.327393s on worker 228423810cd64f3eb1e30d05f24b86b0
2026-09-23 13:28:03,276 home-makara-frappe-bench:default: Job OK (your-site-name.localhost||scheduled_job||51ujdm2d34)
2026-09-23 13:28:03,276 Result is kept for 600 seconds
2026-09-23 13:28:03,282 home-makara-frappe-bench:default: frappe.utils.background_jobs.execute_job(event=None, is_async=True, job_name='frappe.core.doctype.scheduled_job_type.scheduled_job_type.run_scheduled_jo..., kwargs={'job_type': 'frappe.monitor.flush', 'scheduled_job_type': '51u5l2o9pg'}, method='frappe.core.doctype.scheduled_job_type.scheduled_job_type.run_scheduled_jo..., site='your-site-name.localhost', user='Administrator') (your-site-name.localhost||scheduled_job||51u5l2o9pg)
2026-09-23 13:28:03,591 Successfully completed frappe.utils.background_jobs.execute_job(event=None, is_async=True, job_name='frappe.core.doctype.scheduled_job_type.scheduled_job_type.run_scheduled_jo..., kwargs={'job_type': 'frappe.monitor.flush', 'scheduled_job_type': '51u5l2o9pg'}, method='frappe.core.doctype.scheduled_job_type.scheduled_job_type.run_scheduled_jo..., site='your-site-name.localhost', user='Administrator') job in 0:00:00.302379s on worker 228423810cd64f3eb1e30d05f24b86b0
2026-09-23 13:28:03,591 home-makara-frappe-bench:default: Job OK (your-site-name.localhost||scheduled_job||51u5l2o9pg)
2026-09-23 13:28:03,591 Result is kept for 600 seconds
2026-09-23 13:28:03,597 home-makara-frappe-bench:default: frappe.utils.background_jobs.execute_job(event=None, is_async=True, job_name='frappe.core.doctype.scheduled_job_type.scheduled_job_type.run_scheduled_jo..., kwargs={'job_type': 'frappe.integrations.doctype.webhook.webhook.retry_failed_webh..., method='frappe.core.doctype.scheduled_job_type.scheduled_job_type.run_scheduled_jo..., site='your-site-name.localhost', user='Administrator') (your-site-name.localhost||scheduled_job||51ugekk04n)
2026-09-23 13:28:03,891 Successfully completed frappe.utils.background_jobs.execute_job(event=None, is_async=True, job_name='frappe.core.doctype.scheduled_job_type.scheduled_job_type.run_scheduled_jo..., kwargs={'job_type': 'frappe.integrations.doctype.webhook.webhook.retry_failed_webh..., method='frappe.core.doctype.scheduled_job_type.scheduled_job_type.run_scheduled_jo..., site='your-site-name.localhost', user='Administrator') job in 0:00:00.288186s on worker 228423810cd64f3eb1e30d05f24b86b0
2026-09-23 13:28:03,891 home-makara-frappe-bench:default: Job OK (your-site-name.localhost||scheduled_job||51ugekk04n)
2026-09-23 13:28:03,891 Result is kept for 600 seconds
2026-09-23 13:32:00,822 home-makara-frappe-bench:default: frappe.utils.background_jobs.execute_job(event=None, is_async=True, job_name='frappe.core.doctype.scheduled_job_type.scheduled_job_type.run_scheduled_jo..., kwargs={'job_type': 'frappe.automation_engine.drainer.drain_due', 'scheduled_job_t..., method='frappe.core.doctype.scheduled_job_type.scheduled_job_type.run_scheduled_jo..., site='your-site-name.localhost', user='Administrator') (your-site-name.localhost||scheduled_job||51u0dpk9ai)
2026-09-23 13:32:01,165 Successfully completed frappe.utils.background_jobs.execute_job(event=None, is_async=True, job_name='frappe.core.doctype.scheduled_job_type.scheduled_job_type.run_scheduled_jo..., kwargs={'job_type': 'frappe.automation_engine.drainer.drain_due', 'scheduled_job_t..., method='frappe.core.doctype.scheduled_job_type.scheduled_job_type.run_scheduled_jo..., site='your-site-name.localhost', user='Administrator') job in 0:00:00.335043s on worker 228423810cd64f3eb1e30d05f24b86b0
2026-09-23 13:32:01,165 home-makara-frappe-bench:default: Job OK (your-site-name.localhost||scheduled_job||51u0dpk9ai)
2026-09-23 13:32:01,165 Result is kept for 600 seconds
2026-09-23 13:32:01,172 Worker 228423810cd64f3eb1e30d05f24b86b0: cleaning registries for queue: home-makara-frappe-bench:short
2026-09-23 13:32:01,173 Worker 228423810cd64f3eb1e30d05f24b86b0: cleaning registries for queue: home-makara-frappe-bench:default
2026-09-23 13:32:01,175 Worker 228423810cd64f3eb1e30d05f24b86b0: cleaning registries for queue: home-makara-frappe-bench:long
2026-09-23 13:32:01,177 home-makara-frappe-bench:default: frappe.utils.background_jobs.execute_job(event=None, is_async=True, job_name='frappe.core.doctype.scheduled_job_type.scheduled_job_type.run_scheduled_jo..., kwargs={'job_type': 'frappe.email.queue.retry_sending_emails', 'scheduled_job_type..., method='frappe.core.doctype.scheduled_job_type.scheduled_job_type.run_scheduled_jo..., site='your-site-name.localhost', user='Administrator') (your-site-name.localhost||scheduled_job||51uv7phrm7)
2026-09-23 13:32:01,486 Successfully completed frappe.utils.background_jobs.execute_job(event=None, is_async=True, job_name='frappe.core.doctype.scheduled_job_type.scheduled_job_type.run_scheduled_jo..., kwargs={'job_type': 'frappe.email.queue.retry_sending_emails', 'scheduled_job_type..., method='frappe.core.doctype.scheduled_job_type.scheduled_job_type.run_scheduled_jo..., site='your-site-name.localhost', user='Administrator') job in 0:00:00.302113s on worker 228423810cd64f3eb1e30d05f24b86b0
2026-09-23 13:32:01,486 home-makara-frappe-bench:default: Job OK (your-site-name.localhost||scheduled_job||51uv7phrm7)
2026-09-23 13:32:01,486 Result is kept for 600 seconds
2026-09-23 13:32:01,494 home-makara-frappe-bench:default: frappe.utils.background_jobs.execute_job(event=None, is_async=True, job_name='frappe.core.doctype.scheduled_job_type.scheduled_job_type.run_scheduled_jo..., kwargs={'job_type': 'frappe.email.doctype.email_account.email_account.notify_unrep..., method='frappe.core.doctype.scheduled_job_type.scheduled_job_type.run_scheduled_jo..., site='your-site-name.localhost', user='Administrator') (your-site-name.localhost||scheduled_job||51utl79ueh)
2026-09-23 13:32:01,775 Successfully completed frappe.utils.background_jobs.execute_job(event=None, is_async=True, job_name='frappe.core.doctype.scheduled_job_type.scheduled_job_type.run_scheduled_jo..., kwargs={'job_type': 'frappe.email.doctype.email_account.email_account.notify_unrep..., method='frappe.core.doctype.scheduled_job_type.scheduled_job_type.run_scheduled_jo..., site='your-site-name.localhost', user='Administrator') job in 0:00:00.275691s on worker 228423810cd64f3eb1e30d05f24b86b0
2026-09-23 13:32:01,775 home-makara-frappe-bench:default: Job OK (your-site-name.localhost||scheduled_job||51utl79ueh)
2026-09-23 13:32:01,775 Result is kept for 600 seconds
2026-09-23 13:32:01,786 home-makara-frappe-bench:default: frappe.utils.background_jobs.execute_job(event=None, is_async=True, job_name='frappe.core.doctype.scheduled_job_type.scheduled_job_type.run_scheduled_jo..., kwargs={'job_type': 'frappe.monitor.flush', 'scheduled_job_type': '51u5l2o9pg'}, method='frappe.core.doctype.scheduled_job_type.scheduled_job_type.run_scheduled_jo..., site='your-site-name.localhost', user='Administrator') (your-site-name.localhost||scheduled_job||51u5l2o9pg)
2026-09-23 13:32:02,125 Successfully completed frappe.utils.background_jobs.execute_job(event=None, is_async=True, job_name='frappe.core.doctype.scheduled_job_type.scheduled_job_type.run_scheduled_jo..., kwargs={'job_type': 'frappe.monitor.flush', 'scheduled_job_type': '51u5l2o9pg'}, method='frappe.core.doctype.scheduled_job_type.scheduled_job_type.run_scheduled_jo..., site='your-site-name.localhost', user='Administrator') job in 0:00:00.330706s on worker 228423810cd64f3eb1e30d05f24b86b0
2026-09-23 13:32:02,125 home-makara-frappe-bench:default: Job OK (your-site-name.localhost||scheduled_job||51u5l2o9pg)
2026-09-23 13:32:02,125 Result is kept for 600 seconds
2026-09-23 13:32:02,132 home-makara-frappe-bench:default: frappe.utils.background_jobs.execute_job(event=None, is_async=True, job_name='frappe.core.doctype.scheduled_job_type.scheduled_job_type.run_scheduled_jo..., kwargs={'job_type': 'frappe.automation.doctype.reminder.reminder.send_reminders', ..., method='frappe.core.doctype.scheduled_job_type.scheduled_job_type.run_scheduled_jo..., site='your-site-name.localhost', user='Administrator') (your-site-name.localhost||scheduled_job||51ujogtifi)
2026-09-23 13:32:02,432 Successfully completed frappe.utils.background_jobs.execute_job(event=None, is_async=True, job_name='frappe.core.doctype.scheduled_job_type.scheduled_job_type.run_scheduled_jo..., kwargs={'job_type': 'frappe.automation.doctype.reminder.reminder.send_reminders', ..., method='frappe.core.doctype.scheduled_job_type.scheduled_job_type.run_scheduled_jo..., site='your-site-name.localhost', user='Administrator') job in 0:00:00.293512s on worker 228423810cd64f3eb1e30d05f24b86b0
2026-09-23 13:32:02,432 home-makara-frappe-bench:default: Job OK (your-site-name.localhost||scheduled_job||51ujogtifi)
2026-09-23 13:32:02,432 Result is kept for 600 seconds
2026-09-23 13:32:02,439 home-makara-frappe-bench:default: frappe.utils.background_jobs.execute_job(event=None, is_async=True, job_name='frappe.core.doctype.scheduled_job_type.scheduled_job_type.run_scheduled_jo..., kwargs={'job_type': 'frappe.deferred_insert.save_to_db', 'scheduled_job_type': '51..., method='frappe.core.doctype.scheduled_job_type.scheduled_job_type.run_scheduled_jo..., site='your-site-name.localhost', user='Administrator') (your-site-name.localhost||scheduled_job||51umjnqrgr)
2026-09-23 13:32:02,818 Successfully completed frappe.utils.background_jobs.execute_job(event=None, is_async=True, job_name='frappe.core.doctype.scheduled_job_type.scheduled_job_type.run_scheduled_jo..., kwargs={'job_type': 'frappe.deferred_insert.save_to_db', 'scheduled_job_type': '51..., method='frappe.core.doctype.scheduled_job_type.scheduled_job_type.run_scheduled_jo..., site='your-site-name.localhost', user='Administrator') job in 0:00:00.373586s on worker 228423810cd64f3eb1e30d05f24b86b0
2026-09-23 13:32:02,819 home-makara-frappe-bench:default: Job OK (your-site-name.localhost||scheduled_job||51umjnqrgr)
2026-09-23 13:32:02,819 Result is kept for 600 seconds
2026-09-23 13:32:02,826 home-makara-frappe-bench:default: frappe.utils.background_jobs.execute_job(event=None, is_async=True, job_name='frappe.core.doctype.scheduled_job_type.scheduled_job_type.run_scheduled_jo..., kwargs={'job_type': 'frappe.utils.global_search.sync_global_search', 'scheduled_jo..., method='frappe.core.doctype.scheduled_job_type.scheduled_job_type.run_scheduled_jo..., site='your-site-name.localhost', user='Administrator') (your-site-name.localhost||scheduled_job||51ul1o6qkh)
2026-09-23 13:32:03,106 Successfully completed frappe.utils.background_jobs.execute_job(event=None, is_async=True, job_name='frappe.core.doctype.scheduled_job_type.scheduled_job_type.run_scheduled_jo..., kwargs={'job_type': 'frappe.utils.global_search.sync_global_search', 'scheduled_jo..., method='frappe.core.doctype.scheduled_job_type.scheduled_job_type.run_scheduled_jo..., site='your-site-name.localhost', user='Administrator') job in 0:00:00.273827s on worker 228423810cd64f3eb1e30d05f24b86b0
2026-09-23 13:32:03,107 home-makara-frappe-bench:default: Job OK (your-site-name.localhost||scheduled_job||51ul1o6qkh)
2026-09-23 13:32:03,107 Result is kept for 600 seconds
2026-09-23 13:32:03,114 home-makara-frappe-bench:default: frappe.utils.background_jobs.execute_job(event=None, is_async=True, job_name='frappe.core.doctype.scheduled_job_type.scheduled_job_type.run_scheduled_jo..., kwargs={'job_type': 'frappe.search.sqlite_search.index_docs_in_queue', 'scheduled_..., method='frappe.core.doctype.scheduled_job_type.scheduled_job_type.run_scheduled_jo..., site='your-site-name.localhost', user='Administrator') (your-site-name.localhost||scheduled_job||51ubu6l9cg)
2026-09-23 13:32:03,391 Successfully completed frappe.utils.background_jobs.execute_job(event=None, is_async=True, job_name='frappe.core.doctype.scheduled_job_type.scheduled_job_type.run_scheduled_jo..., kwargs={'job_type': 'frappe.search.sqlite_search.index_docs_in_queue', 'scheduled_..., method='frappe.core.doctype.scheduled_job_type.scheduled_job_type.run_scheduled_jo..., site='your-site-name.localhost', user='Administrator') job in 0:00:00.268809s on worker 228423810cd64f3eb1e30d05f24b86b0
2026-09-23 13:32:03,391 home-makara-frappe-bench:default: Job OK (your-site-name.localhost||scheduled_job||51ubu6l9cg)
2026-09-23 13:32:03,391 Result is kept for 600 seconds
2026-09-23 13:32:03,399 home-makara-frappe-bench:default: frappe.utils.background_jobs.execute_job(event=None, is_async=True, job_name='frappe.core.doctype.scheduled_job_type.scheduled_job_type.run_scheduled_jo..., kwargs={'job_type': 'frappe.integrations.doctype.google_calendar.google_calendar.s..., method='frappe.core.doctype.scheduled_job_type.scheduled_job_type.run_scheduled_jo..., site='your-site-name.localhost', user='Administrator') (your-site-name.localhost||scheduled_job||51u2s8slv0)
2026-09-23 13:32:03,682 Successfully completed frappe.utils.background_jobs.execute_job(event=None, is_async=True, job_name='frappe.core.doctype.scheduled_job_type.scheduled_job_type.run_scheduled_jo..., kwargs={'job_type': 'frappe.integrations.doctype.google_calendar.google_calendar.s..., method='frappe.core.doctype.scheduled_job_type.scheduled_job_type.run_scheduled_jo..., site='your-site-name.localhost', user='Administrator') job in 0:00:00.276569s on worker 228423810cd64f3eb1e30d05f24b86b0
2026-09-23 13:32:03,682 home-makara-frappe-bench:default: Job OK (your-site-name.localhost||scheduled_job||51u2s8slv0)
2026-09-23 13:32:03,682 Result is kept for 600 seconds
2026-09-23 13:32:03,693 home-makara-frappe-bench:default: frappe.utils.background_jobs.execute_job(event=None, is_async=True, job_name='frappe.core.doctype.scheduled_job_type.scheduled_job_type.run_scheduled_jo..., kwargs={'job_type': 'frappe.utils.telemetry.pulse.client.send_queued_events', 'sch..., method='frappe.core.doctype.scheduled_job_type.scheduled_job_type.run_scheduled_jo..., site='your-site-name.localhost', user='Administrator') (your-site-name.localhost||scheduled_job||51ub742nv9)
2026-09-23 13:32:03,981 Successfully completed frappe.utils.background_jobs.execute_job(event=None, is_async=True, job_name='frappe.core.doctype.scheduled_job_type.scheduled_job_type.run_scheduled_jo..., kwargs={'job_type': 'frappe.utils.telemetry.pulse.client.send_queued_events', 'sch..., method='frappe.core.doctype.scheduled_job_type.scheduled_job_type.run_scheduled_jo..., site='your-site-name.localhost', user='Administrator') job in 0:00:00.281885s on worker 228423810cd64f3eb1e30d05f24b86b0
2026-09-23 13:32:03,981 home-makara-frappe-bench:default: Job OK (your-site-name.localhost||scheduled_job||51ub742nv9)
2026-09-23 13:32:03,981 Result is kept for 600 seconds
2026-09-23 13:32:03,988 home-makara-frappe-bench:default: frappe.utils.background_jobs.execute_job(event=None, is_async=True, job_name='frappe.core.doctype.scheduled_job_type.scheduled_job_type.run_scheduled_jo..., kwargs={'job_type': 'frappe.email.queue.flush', 'scheduled_job_type': '51um9eeecb'..., method='frappe.core.doctype.scheduled_job_type.scheduled_job_type.run_scheduled_jo..., site='your-site-name.localhost', user='Administrator') (your-site-name.localhost||scheduled_job||51um9eeecb)
2026-09-23 13:32:04,264 Successfully completed frappe.utils.background_jobs.execute_job(event=None, is_async=True, job_name='frappe.core.doctype.scheduled_job_type.scheduled_job_type.run_scheduled_jo..., kwargs={'job_type': 'frappe.email.queue.flush', 'scheduled_job_type': '51um9eeecb'..., method='frappe.core.doctype.scheduled_job_type.scheduled_job_type.run_scheduled_jo..., site='your-site-name.localhost', user='Administrator') job in 0:00:00.270972s on worker 228423810cd64f3eb1e30d05f24b86b0
2026-09-23 13:32:04,265 home-makara-frappe-bench:default: Job OK (your-site-name.localhost||scheduled_job||51um9eeecb)
2026-09-23 13:32:04,265 Result is kept for 600 seconds
2026-09-23 13:32:04,272 home-makara-frappe-bench:default: frappe.utils.background_jobs.execute_job(event=None, is_async=True, job_name='frappe.core.doctype.scheduled_job_type.scheduled_job_type.run_scheduled_jo..., kwargs={'job_type': 'frappe.integrations.doctype.webhook.webhook.retry_failed_webh..., method='frappe.core.doctype.scheduled_job_type.scheduled_job_type.run_scheduled_jo..., site='your-site-name.localhost', user='Administrator') (your-site-name.localhost||scheduled_job||51ugekk04n)
2026-09-23 13:32:04,554 Successfully completed frappe.utils.background_jobs.execute_job(event=None, is_async=True, job_name='frappe.core.doctype.scheduled_job_type.scheduled_job_type.run_scheduled_jo..., kwargs={'job_type': 'frappe.integrations.doctype.webhook.webhook.retry_failed_webh..., method='frappe.core.doctype.scheduled_job_type.scheduled_job_type.run_scheduled_jo..., site='your-site-name.localhost', user='Administrator') job in 0:00:00.265530s on worker 228423810cd64f3eb1e30d05f24b86b0
2026-09-23 13:32:04,554 home-makara-frappe-bench:default: Job OK (your-site-name.localhost||scheduled_job||51ugekk04n)
2026-09-23 13:32:04,555 Result is kept for 600 seconds
2026-09-23 13:32:04,562 home-makara-frappe-bench:default: frappe.utils.background_jobs.execute_job(event=None, is_async=True, job_name='frappe.core.doctype.scheduled_job_type.scheduled_job_type.run_scheduled_jo..., kwargs={'job_type': 'frappe.email.doctype.email_account.email_account.pull', 'sche..., method='frappe.core.doctype.scheduled_job_type.scheduled_job_type.run_scheduled_jo..., site='your-site-name.localhost', user='Administrator') (your-site-name.localhost||scheduled_job||51u4simu78)
2026-09-23 13:32:04,848 Successfully completed frappe.utils.background_jobs.execute_job(event=None, is_async=True, job_name='frappe.core.doctype.scheduled_job_type.scheduled_job_type.run_scheduled_jo..., kwargs={'job_type': 'frappe.email.doctype.email_account.email_account.pull', 'sche..., method='frappe.core.doctype.scheduled_job_type.scheduled_job_type.run_scheduled_jo..., site='your-site-name.localhost', user='Administrator') job in 0:00:00.280266s on worker 228423810cd64f3eb1e30d05f24b86b0
2026-09-23 13:32:04,848 home-makara-frappe-bench:default: Job OK (your-site-name.localhost||scheduled_job||51u4simu78)
2026-09-23 13:32:04,848 Result is kept for 600 seconds
2026-09-23 13:32:04,856 home-makara-frappe-bench:default: frappe.utils.background_jobs.execute_job(event=None, is_async=True, job_name='frappe.core.doctype.scheduled_job_type.scheduled_job_type.run_scheduled_jo..., kwargs={'job_type': 'frappe.email.doctype.notification.notification.trigger_offset..., method='frappe.core.doctype.scheduled_job_type.scheduled_job_type.run_scheduled_jo..., site='your-site-name.localhost', user='Administrator') (your-site-name.localhost||scheduled_job||51ujdm2d34)
2026-09-23 13:32:05,122 Successfully completed frappe.utils.background_jobs.execute_job(event=None, is_async=True, job_name='frappe.core.doctype.scheduled_job_type.scheduled_job_type.run_scheduled_jo..., kwargs={'job_type': 'frappe.email.doctype.notification.notification.trigger_offset..., method='frappe.core.doctype.scheduled_job_type.scheduled_job_type.run_scheduled_jo..., site='your-site-name.localhost', user='Administrator') job in 0:00:00.261086s on worker 228423810cd64f3eb1e30d05f24b86b0
2026-09-23 13:32:05,122 home-makara-frappe-bench:default: Job OK (your-site-name.localhost||scheduled_job||51ujdm2d34)
2026-09-23 13:32:05,122 Result is kept for 600 seconds
2026-09-23 13:32:05,130 home-makara-frappe-bench:default: frappe.utils.background_jobs.execute_job(event=None, is_async=True, job_name='frappe.core.doctype.scheduled_job_type.scheduled_job_type.run_scheduled_jo..., kwargs={'job_type': 'frappe.model.utils.link_count.update_link_count', 'scheduled_..., method='frappe.core.doctype.scheduled_job_type.scheduled_job_type.run_scheduled_jo..., site='your-site-name.localhost', user='Administrator') (your-site-name.localhost||scheduled_job||51utqpe235)
2026-09-23 13:32:05,399 Successfully completed frappe.utils.background_jobs.execute_job(event=None, is_async=True, job_name='frappe.core.doctype.scheduled_job_type.scheduled_job_type.run_scheduled_jo..., kwargs={'job_type': 'frappe.model.utils.link_count.update_link_count', 'scheduled_..., method='frappe.core.doctype.scheduled_job_type.scheduled_job_type.run_scheduled_jo..., site='your-site-name.localhost', user='Administrator') job in 0:00:00.262206s on worker 228423810cd64f3eb1e30d05f24b86b0
2026-09-23 13:32:05,399 home-makara-frappe-bench:default: Job OK (your-site-name.localhost||scheduled_job||51utqpe235)
2026-09-23 13:32:05,400 Result is kept for 600 seconds
2026-09-23 13:32:05,407 home-makara-frappe-bench:default: frappe.utils.background_jobs.execute_job(event=None, is_async=True, job_name='frappe.core.doctype.scheduled_job_type.scheduled_job_type.run_scheduled_jo..., kwargs={'job_type': 'frappe.automation_engine.scheduler.process_cron', 'scheduled_..., method='frappe.core.doctype.scheduled_job_type.scheduled_job_type.run_scheduled_jo..., site='your-site-name.localhost', user='Administrator') (your-site-name.localhost||scheduled_job||51u6ep6oat)
2026-09-23 13:32:05,676 Successfully completed frappe.utils.background_jobs.execute_job(event=None, is_async=True, job_name='frappe.core.doctype.scheduled_job_type.scheduled_job_type.run_scheduled_jo..., kwargs={'job_type': 'frappe.automation_engine.scheduler.process_cron', 'scheduled_..., method='frappe.core.doctype.scheduled_job_type.scheduled_job_type.run_scheduled_jo..., site='your-site-name.localhost', user='Administrator') job in 0:00:00.262851s on worker 228423810cd64f3eb1e30d05f24b86b0
2026-09-23 13:32:05,676 home-makara-frappe-bench:default: Job OK (your-site-name.localhost||scheduled_job||51u6ep6oat)
2026-09-23 13:32:05,677 Result is kept for 600 seconds
